# Blender 4.5.0
# www.blender.org
mtllib cerdit.mtl
o Plane
v -17.710762 -4.337448 -13.240060
v -15.710762 -4.337448 -13.240060
v -17.710762 -4.337448 -15.240060
v -15.710762 -4.337448 -15.240060
vn -0.0000 1.0000 -0.0000
vt 0.000000 0.000000
vt 1.000000 0.000000
vt 1.000000 1.000000
vt 0.000000 1.000000
s 1
usemtl Material.003
f 1/1/1 2/2/1 4/3/1 3/4/1
o Text
v 0.529369 5.472349 -0.400602
v 0.541126 5.393755 -0.391392
v 0.432869 5.388309 -0.299660
v 0.466675 5.162354 -0.273180
v 0.469090 5.150131 -0.272237
v 0.472359 5.139438 -0.272377
v 0.476360 5.130192 -0.273480
v 0.480974 5.122307 -0.275425
v 0.486080 5.115698 -0.278089
v 0.491556 5.110280 -0.281351
v 0.497284 5.105966 -0.285089
v 0.503143 5.102673 -0.289185
v 0.509010 5.100316 -0.293514
v 0.514767 5.098809 -0.297956
v 0.520290 5.098066 -0.302391
v 0.525461 5.098004 -0.306695
v 0.531544 5.098537 -0.311903
v 0.537596 5.099522 -0.317196
v 0.543623 5.100959 -0.322577
v 0.549629 5.102849 -0.328053
v 0.555622 5.105192 -0.333624
v 0.561605 5.107988 -0.339298
v 0.567585 5.111238 -0.345079
v 0.573566 5.114941 -0.350971
v 0.579556 5.119098 -0.356979
v 0.585554 5.123710 -0.363107
v 0.591572 5.128776 -0.369359
v 0.597610 5.134298 -0.375740
v 0.609810 5.052757 -0.366184
v 0.604259 5.048358 -0.360483
v 0.598236 5.044133 -0.354427
v 0.591827 5.040114 -0.348104
v 0.585127 5.036338 -0.341594
v 0.578226 5.032841 -0.334982
v 0.571213 5.029658 -0.328355
v 0.564178 5.026824 -0.321795
v 0.557217 5.024375 -0.315387
v 0.550415 5.022348 -0.309216
v 0.543865 5.020776 -0.303365
v 0.537659 5.019696 -0.297919
v 0.531883 5.019143 -0.292962
v 0.513979 5.019456 -0.278085
v 0.497253 5.022171 -0.264773
v 0.481730 5.027152 -0.253016
v 0.467432 5.034266 -0.242797
v 0.454382 5.043382 -0.234105
v 0.442600 5.054367 -0.226926
v 0.432114 5.067087 -0.221247
v 0.422941 5.081408 -0.217054
v 0.415106 5.097200 -0.214334
v 0.408630 5.114328 -0.213075
v 0.403540 5.132660 -0.213261
v 0.399853 5.152063 -0.214880
v 0.365019 5.384895 -0.242167
v 0.305553 5.381904 -0.191778
v 0.304083 5.391729 -0.192930
v 0.407442 5.558267 -0.319578
v 0.421112 5.466902 -0.308871
v 0.192986 5.538064 -0.135578
v 0.187546 5.539199 -0.131310
v 0.182238 5.541200 -0.127362
v 0.177122 5.544004 -0.123769
v 0.172258 5.547550 -0.120565
v 0.167706 5.551775 -0.117786
v 0.163527 5.556615 -0.115467
v 0.159777 5.562011 -0.113643
v 0.156521 5.567899 -0.112349
v 0.153816 5.574216 -0.111619
v 0.151722 5.580903 -0.111488
v 0.150301 5.587893 -0.111996
v 0.149624 5.594921 -0.113132
v 0.149700 5.601716 -0.114841
v 0.150490 5.608209 -0.117072
v 0.151949 5.614334 -0.119775
v 0.154039 5.620023 -0.122898
v 0.156719 5.625209 -0.126392
v 0.159948 5.629826 -0.130207
v 0.163687 5.633804 -0.134293
v 0.167892 5.637077 -0.138598
v 0.172527 5.639578 -0.143074
v 0.177549 5.641240 -0.147670
v 0.182917 5.641994 -0.152335
v 0.188427 5.641787 -0.156888
v 0.193867 5.640652 -0.161156
v 0.199175 5.638651 -0.165104
v 0.204290 5.635847 -0.168697
v 0.209154 5.632301 -0.171902
v 0.213707 5.628077 -0.174681
v 0.217888 5.623235 -0.176999
v 0.221636 5.617840 -0.178823
v 0.224892 5.611952 -0.180118
v 0.227598 5.605634 -0.180847
v 0.229691 5.598949 -0.180977
v 0.231112 5.591959 -0.180471
v 0.231789 5.584930 -0.179334
v 0.231712 5.578136 -0.177625
v 0.230923 5.571642 -0.175394
v 0.229464 5.565517 -0.172691
v 0.227373 5.559827 -0.169568
v 0.224693 5.554641 -0.166075
v 0.221464 5.550025 -0.162259
v 0.217726 5.546047 -0.158174
v 0.213520 5.542774 -0.153868
v 0.208885 5.540273 -0.149392
v 0.203863 5.538612 -0.144796
v 0.198496 5.537858 -0.140131
v 0.242382 5.013486 -0.049811
v 0.176388 5.454591 -0.101505
v 0.244240 5.458004 -0.158999
v 0.310234 5.016900 -0.107306
v 0.003759 5.001482 0.152387
v -0.021246 5.002079 0.173125
v -0.045113 5.006354 0.192021
v -0.067728 5.014186 0.209013
v -0.088984 5.025446 0.224039
v -0.108772 5.040012 0.237039
v -0.126982 5.057757 0.247950
v -0.143505 5.078556 0.256713
v -0.158230 5.102284 0.263266
v -0.171051 5.128817 0.267548
v -0.181854 5.158028 0.269498
v -0.190535 5.189794 0.269054
v -0.196980 5.223988 0.266157
v -0.200184 5.255201 0.261277
v -0.200327 5.284849 0.254216
v -0.197521 5.312734 0.245122
v -0.191887 5.338658 0.234138
v -0.183540 5.362424 0.221413
v -0.172598 5.383832 0.207090
v -0.159176 5.402683 0.191317
v -0.143393 5.418780 0.174237
v -0.125366 5.431925 0.155998
v -0.105209 5.441918 0.136744
v -0.083044 5.448562 0.116623
v -0.058983 5.451658 0.095779
v -0.053278 5.451841 0.090970
v -0.047577 5.451806 0.086217
v -0.041851 5.451545 0.081499
v -0.036077 5.451051 0.076796
v -0.030222 5.450313 0.072085
v -0.024261 5.449322 0.067347
v -0.018164 5.448070 0.062557
v -0.011904 5.446548 0.057698
v -0.005453 5.444746 0.052747
v 0.001217 5.442658 0.047682
v 0.008133 5.440272 0.042483
v 0.015326 5.437580 0.037128
v -0.020245 5.675325 0.009266
v 0.047607 5.678738 -0.048228
v 0.147848 5.008730 0.030293
v 0.020905 5.362492 0.050651
v 0.015099 5.364744 0.054954
v 0.009483 5.366731 0.059163
v 0.004017 5.368457 0.063310
v -0.001335 5.369929 0.067424
v -0.006613 5.371149 0.071536
v -0.011852 5.372123 0.075677
v -0.017096 5.372858 0.079877
v -0.022377 5.373356 0.084167
v -0.027737 5.373623 0.088578
v -0.033211 5.373665 0.093141
v -0.038839 5.373487 0.097884
v -0.054585 5.371433 0.111532
v -0.068996 5.366992 0.124644
v -0.082012 5.360272 0.137141
v -0.093567 5.351377 0.148944
v -0.103594 5.340415 0.159974
v -0.112034 5.327490 0.170151
v -0.118818 5.312710 0.179397
v -0.123884 5.296182 0.187631
v -0.127171 5.278011 0.194773
v -0.128609 5.258304 0.200747
v -0.128138 5.237167 0.205472
v -0.125692 5.214707 0.208868
v -0.122118 5.194558 0.210762
v -0.117521 5.175472 0.211545
v -0.111830 5.157593 0.211121
v -0.104975 5.141074 0.209395
v -0.096882 5.126059 0.206273
v -0.087482 5.112699 0.201658
v -0.076706 5.101140 0.195456
v -0.064476 5.091530 0.187570
v -0.050728 5.084018 0.177905
v -0.035385 5.078752 0.166368
v -0.018381 5.075879 0.152862
v 0.000359 5.075545 0.137291
v 0.068974 5.078998 0.079151
v 0.026937 5.359969 0.046224
v -0.242670 5.024118 0.352714
v -0.251673 5.015924 0.362217
v -0.260801 5.008494 0.371639
v -0.270138 5.001816 0.381054
v -0.279766 4.995880 0.390533
v -0.289772 4.990674 0.400150
v -0.300236 4.986187 0.409976
v -0.311245 4.982408 0.420084
v -0.322880 4.979327 0.430549
v -0.335224 4.976931 0.441438
v -0.348366 4.975210 0.452829
v -0.362383 4.974153 0.464792
v -0.388416 4.975154 0.486293
v -0.413090 4.980601 0.505580
v -0.436304 4.990138 0.522659
v -0.457966 5.003401 0.537538
v -0.477974 5.020033 0.550220
v -0.496237 5.039675 0.560717
v -0.512653 5.061966 0.569031
v -0.527132 5.086548 0.575170
v -0.539572 5.113061 0.579141
v -0.549879 5.141145 0.580948
v -0.557957 5.170441 0.580601
v -0.563709 5.200590 0.578104
v -0.567223 5.233131 0.573158
v -0.567839 5.263839 0.566236
v -0.565657 5.292544 0.557465
v -0.560781 5.319074 0.546968
v -0.553316 5.343260 0.534878
v -0.543362 5.364932 0.521317
v -0.531021 5.383919 0.506413
v -0.516397 5.400052 0.490293
v -0.499594 5.413160 0.473084
v -0.480711 5.423073 0.454914
v -0.459852 5.429621 0.435908
v -0.437122 5.432636 0.416194
v -0.414890 5.432081 0.397761
v -0.393614 5.428124 0.380950
v -0.373379 5.420747 0.365836
v -0.354267 5.409932 0.352495
v -0.336369 5.395659 0.341002
v -0.319767 5.377913 0.331433
v -0.304546 5.356674 0.323865
v -0.290792 5.331924 0.318371
v -0.278591 5.303645 0.315028
v -0.268028 5.271820 0.313912
v -0.259186 5.236430 0.315099
v -0.252155 5.197457 0.318663
v -0.493065 5.185337 0.522798
v -0.486671 5.164524 0.522497
v -0.479374 5.145540 0.520999
v -0.471176 5.128395 0.518305
v -0.462088 5.113100 0.514418
v -0.452114 5.099663 0.509342
v -0.441263 5.088096 0.503080
v -0.429541 5.078408 0.495636
v -0.416954 5.070609 0.487013
v -0.403511 5.064708 0.477214
v -0.389217 5.060717 0.466243
v -0.374079 5.058646 0.454102
v -0.358105 5.058503 0.440795
v -0.347919 5.059424 0.432065
v -0.337936 5.061139 0.423313
v -0.328146 5.063629 0.414534
v -0.318533 5.066872 0.405719
v -0.309082 5.070849 0.396863
v -0.299780 5.075541 0.387959
v -0.290615 5.080927 0.379001
v -0.281572 5.086988 0.369980
v -0.272636 5.093702 0.360891
v -0.263798 5.101051 0.351729
v -0.255039 5.109016 0.342486
v -0.246347 5.117574 0.333156
v -0.233707 5.033086 0.343058
v -0.331474 5.268166 0.367785
v -0.335983 5.283147 0.367924
v -0.341400 5.296928 0.369110
v -0.347683 5.309449 0.371327
v -0.354795 5.320649 0.374555
v -0.362692 5.330470 0.378772
v -0.371334 5.338850 0.383960
v -0.380678 5.345731 0.390099
v -0.390688 5.351054 0.397168
v -0.401318 5.354756 0.405149
v -0.412529 5.356780 0.414022
v -0.424280 5.357066 0.423767
v -0.436687 5.355621 0.434481
v -0.447994 5.352614 0.444651
v -0.458195 5.348074 0.454270
v -0.467293 5.342034 0.463330
v -0.475285 5.334523 0.471823
v -0.482170 5.325572 0.479740
v -0.487947 5.315214 0.487075
v -0.492619 5.303478 0.493818
v -0.496181 5.290394 0.499961
v -0.498634 5.275996 0.505497
v -0.499979 5.260313 0.510417
v -0.500212 5.243376 0.514712
v -0.327915 5.252044 0.368717
v -0.793462 5.303849 0.744982
v -0.791937 5.303926 0.743690
v -0.786155 5.322824 0.734284
v -0.780158 5.339881 0.725146
v -0.773952 5.355140 0.716268
v -0.767538 5.368648 0.707642
v -0.760923 5.380446 0.699260
v -0.754110 5.390581 0.691115
v -0.747103 5.399097 0.683201
v -0.739904 5.406037 0.675508
v -0.732520 5.411448 0.668031
v -0.724954 5.415372 0.660762
v -0.717209 5.417856 0.653692
v -0.709290 5.418942 0.646815
v -0.702406 5.418937 0.641068
v -0.695467 5.418231 0.635443
v -0.688461 5.416820 0.629934
v -0.681374 5.414701 0.624527
v -0.674189 5.411872 0.619212
v -0.666897 5.408331 0.613979
v -0.659481 5.404074 0.608816
v -0.651928 5.399099 0.603713
v -0.644224 5.393403 0.598659
v -0.636356 5.386982 0.593642
v -0.628311 5.379837 0.588654
v -0.620073 5.371960 0.583680
v -0.644587 5.294511 0.622908
v -0.650780 5.300463 0.626639
v -0.657116 5.306043 0.630579
v -0.663528 5.311221 0.634683
v -0.669958 5.315964 0.638903
v -0.676338 5.320243 0.643194
v -0.682608 5.324026 0.647514
v -0.688702 5.327281 0.651815
v -0.694557 5.329978 0.656054
v -0.700111 5.332084 0.660182
v -0.705301 5.333570 0.664156
v -0.710062 5.334404 0.667931
v -0.714331 5.334555 0.671459
v -0.725553 5.332758 0.681266
v -0.735918 5.328643 0.690919
v -0.745357 5.322369 0.700322
v -0.753800 5.314092 0.709378
v -0.761179 5.303973 0.717990
v -0.767423 5.292167 0.726063
v -0.772461 5.278836 0.733500
v -0.776226 5.264134 0.740204
v -0.778646 5.248222 0.746078
v -0.779653 5.231256 0.751027
v -0.779177 5.213397 0.754953
v -0.777147 5.194801 0.757761
v -0.742606 4.963933 0.784817
v -0.810458 4.960519 0.842311
v -0.876452 5.401624 0.790617
v -0.808600 5.405037 0.733123
v -0.998151 5.487248 0.871523
v -1.015203 5.496864 0.883435
v -1.031815 5.505425 0.895236
v -1.048038 5.512942 0.906965
v -1.063926 5.519433 0.918663
v -1.079532 5.524909 0.930370
v -1.094909 5.529386 0.942128
v -1.110108 5.532878 0.953977
v -1.125184 5.535403 0.965956
v -1.140190 5.536970 0.978109
v -1.155177 5.537597 0.990474
v -1.170198 5.537298 1.003092
v -1.198929 5.533605 1.027981
v -1.225544 5.525688 1.052126
v -1.249880 5.513802 1.075328
v -1.271772 5.498204 1.097389
v -1.291056 5.479149 1.118108
v -1.307568 5.456893 1.137287
v -1.321142 5.431692 1.154726
v -1.331614 5.403801 1.170226
v -1.338821 5.373476 1.183588
v -1.342599 5.340972 1.194613
v -1.342780 5.306547 1.203101
v -1.339203 5.270455 1.208853
v -1.331978 5.233961 1.211655
v -1.321671 5.199764 1.211328
v -1.308473 5.168055 1.207983
v -1.292571 5.139030 1.201731
v -1.274156 5.112880 1.192682
v -1.253414 5.089799 1.180949
v -1.230537 5.069982 1.166641
v -1.205712 5.053620 1.149871
v -1.179130 5.040906 1.130748
v -1.150977 5.032036 1.109384
v -1.121444 5.027201 1.085890
v -1.090719 5.026595 1.060376
v -1.076021 5.027889 1.047788
v -1.061300 5.030283 1.034914
v -1.046594 5.033763 1.021788
v -1.031934 5.038313 1.008443
v -1.017358 5.043918 0.994912
v -1.002899 5.050561 0.981229
v -0.988595 5.058228 0.967425
v -0.974478 5.066903 0.953535
v -0.960584 5.076569 0.939590
v -0.946948 5.087213 0.925625
v -0.933606 5.098818 0.911672
v -0.920591 5.111369 0.897764
v -0.904864 5.006250 0.910083
v -0.916488 4.997220 0.921977
v -0.928445 4.988636 0.934041
v -0.940817 4.980546 0.946333
v -0.953687 4.973000 0.958908
v -0.967134 4.966043 0.971825
v -0.981244 4.959722 0.985139
v -0.996096 4.954087 0.998907
v -1.011771 4.949182 1.013186
v -1.028353 4.945056 1.028034
v -1.045923 4.941759 1.043506
v -1.064562 4.939334 1.059660
v -1.084352 4.937832 1.076552
v -1.131453 4.939381 1.115514
v -1.175143 4.948364 1.149827
v -1.215379 4.963919 1.179664
v -1.252115 4.985188 1.205195
v -1.285312 5.011309 1.226594
v -1.314922 5.041421 1.244033
v -1.340905 5.074666 1.257684
v -1.363217 5.110180 1.267717
v -1.381814 5.147106 1.274307
v -1.396652 5.184581 1.277626
v -1.407688 5.221746 1.277843
v -1.414880 5.257740 1.275134
v -1.419892 5.307747 1.267212
v -1.419783 5.355374 1.255588
v -1.414759 5.400278 1.240519
v -1.405027 5.442120 1.222260
v -1.390797 5.480558 1.201067
v -1.372275 5.515254 1.177197
v -1.349670 5.545866 1.150906
v -1.323189 5.572052 1.122449
v -1.293040 5.593477 1.092082
v -1.259432 5.609794 1.060062
v -1.222570 5.620666 1.026644
v -1.182665 5.625753 0.992085
v -1.169246 5.626075 0.980799
v -1.155632 5.625688 0.969523
v -1.141767 5.624579 0.958212
v -1.127591 5.622732 0.946820
v -1.113047 5.620134 0.935303
v -1.098076 5.616770 0.923615
v -1.082621 5.612627 0.911710
v -1.066623 5.607689 0.899544
v -1.050023 5.601943 0.887072
v -1.032764 5.595375 0.874249
v -1.014789 5.587969 0.861030
v -0.996037 5.579713 0.847368
v -0.980605 5.476559 0.859457
v 0.226862 5.384642 -0.762814
v 0.238621 5.306049 -0.753603
v 0.130363 5.300602 -0.661872
v 0.164169 5.074647 -0.635391
v 0.166584 5.062424 -0.634448
v 0.169851 5.051732 -0.634589
v 0.173853 5.042486 -0.635692
v 0.178467 5.034601 -0.637636
v 0.183573 5.027992 -0.640300
v 0.189049 5.022573 -0.643563
v 0.194778 5.018260 -0.647302
v 0.200636 5.014966 -0.651397
v 0.206503 5.012609 -0.655725
v 0.212259 5.011102 -0.660168
v 0.217783 5.010359 -0.664602
v 0.222956 5.010297 -0.668906
v 0.229036 5.010830 -0.674115
v 0.235088 5.011816 -0.679408
v 0.241116 5.013253 -0.684789
v 0.247124 5.015143 -0.690264
v 0.253117 5.017485 -0.695836
v 0.259098 5.020281 -0.701510
v 0.265079 5.023531 -0.707291
v 0.271061 5.027235 -0.713183
v 0.277048 5.031392 -0.719191
v 0.283047 5.036004 -0.725318
v 0.289064 5.041070 -0.731570
v 0.295105 5.046591 -0.737951
v 0.307304 4.965050 -0.728395
v 0.301754 4.960652 -0.722694
v 0.295729 4.956426 -0.716640
v 0.289320 4.952407 -0.710315
v 0.282619 4.948632 -0.703805
v 0.275719 4.945135 -0.697194
v 0.268705 4.941951 -0.690566
v 0.261673 4.939118 -0.684006
v 0.254709 4.936669 -0.677598
v 0.247908 4.934641 -0.671427
v 0.241358 4.933070 -0.665576
v 0.235151 4.931989 -0.660131
v 0.229378 4.931436 -0.655174
v 0.211472 4.931751 -0.640296
v 0.194746 4.934464 -0.626985
v 0.179224 4.939445 -0.615227
v 0.164925 4.946559 -0.605008
v 0.151875 4.955676 -0.596316
v 0.140095 4.966660 -0.589137
v 0.129606 4.979380 -0.583458
v 0.120434 4.993701 -0.579266
v 0.112598 5.009493 -0.576546
v 0.106125 5.026621 -0.575286
v 0.101032 5.044955 -0.575472
v 0.097345 5.064356 -0.577091
v 0.062511 5.297189 -0.604378
v 0.003046 5.294198 -0.553990
v 0.001575 5.304021 -0.555141
v 0.104935 5.470561 -0.681789
v 0.118605 5.379196 -0.671082
v -0.109522 5.450358 -0.497789
v -0.114962 5.451493 -0.493522
v -0.120270 5.453494 -0.489573
v -0.125385 5.456297 -0.485980
v -0.130249 5.459843 -0.482777
v -0.134800 5.464068 -0.479998
v -0.138981 5.468909 -0.477677
v -0.142729 5.474305 -0.475854
v -0.145987 5.480193 -0.474560
v -0.148691 5.486511 -0.473830
v -0.150785 5.493196 -0.473701
v -0.152206 5.500186 -0.474207
v -0.152882 5.507214 -0.475344
v -0.152805 5.514009 -0.477053
v -0.152018 5.520503 -0.479283
v -0.150558 5.526627 -0.481986
v -0.148468 5.532317 -0.485110
v -0.145788 5.537504 -0.488604
v -0.142559 5.542120 -0.492417
v -0.138821 5.546097 -0.496504
v -0.134613 5.549371 -0.500810
v -0.129978 5.551872 -0.505285
v -0.124958 5.553533 -0.509881
v -0.119591 5.554287 -0.514546
v -0.114079 5.554080 -0.519099
v -0.108639 5.552946 -0.523367
v -0.103333 5.550944 -0.527316
v -0.098217 5.548141 -0.530910
v -0.093353 5.544595 -0.534113
v -0.088800 5.540370 -0.536892
v -0.084620 5.535529 -0.539211
v -0.080872 5.530134 -0.541035
v -0.077614 5.524246 -0.542329
v -0.074909 5.517928 -0.543058
v -0.072815 5.511242 -0.543188
v -0.071394 5.504252 -0.542683
v -0.070719 5.497223 -0.541545
v -0.070795 5.490429 -0.539836
v -0.071583 5.483937 -0.537604
v -0.073044 5.477810 -0.534903
v -0.075134 5.472121 -0.531780
v -0.077814 5.466935 -0.528286
v -0.081043 5.462319 -0.524471
v -0.084782 5.458340 -0.520386
v -0.088987 5.455067 -0.516080
v -0.093622 5.452566 -0.511603
v -0.098642 5.450905 -0.507008
v -0.104012 5.450151 -0.502342
v -0.060123 4.925781 -0.412023
v -0.126118 5.366885 -0.463717
v -0.058266 5.370298 -0.521211
v 0.007727 4.929193 -0.469517
v -0.298748 4.913775 -0.209826
v -0.323753 4.914372 -0.189086
v -0.347618 4.918648 -0.170190
v -0.370235 4.926479 -0.153198
v -0.391491 4.937740 -0.138172
v -0.411280 4.952305 -0.125174
v -0.429489 4.970050 -0.114262
v -0.446012 4.990849 -0.105499
v -0.460737 5.014577 -0.098946
v -0.473557 5.041111 -0.094664
v -0.484362 5.070322 -0.092715
v -0.493040 5.102087 -0.093157
v -0.499485 5.136281 -0.096054
v -0.502691 5.167494 -0.100935
v -0.502834 5.197142 -0.107995
v -0.500029 5.225028 -0.117089
v -0.494394 5.250952 -0.128073
v -0.486048 5.274717 -0.140799
v -0.475105 5.296125 -0.155121
v -0.461683 5.314977 -0.170895
v -0.445900 5.331074 -0.187975
v -0.427872 5.344219 -0.206214
v -0.407717 5.354211 -0.225467
v -0.385550 5.360856 -0.245587
v -0.361490 5.363951 -0.266432
v -0.355783 5.364133 -0.271241
v -0.350082 5.364099 -0.275993
v -0.344358 5.363839 -0.280712
v -0.338583 5.363345 -0.285416
v -0.332729 5.362606 -0.290127
v -0.326767 5.361616 -0.294866
v -0.320671 5.360363 -0.299654
v -0.314411 5.358841 -0.304513
v -0.307961 5.357040 -0.309464
v -0.301291 5.354951 -0.314529
v -0.294373 5.352565 -0.319729
v -0.287182 5.349873 -0.325083
v -0.322750 5.587618 -0.352946
v -0.254898 5.591032 -0.410439
v -0.154659 4.921024 -0.331919
v -0.281603 5.274786 -0.311561
v -0.287407 5.277037 -0.307258
v -0.293024 5.279025 -0.303048
v -0.298489 5.280751 -0.298902
v -0.303843 5.282222 -0.294787
v -0.309120 5.283442 -0.290676
v -0.314360 5.284417 -0.286535
v -0.319603 5.285151 -0.282335
v -0.324884 5.285650 -0.278044
v -0.330242 5.285916 -0.273633
v -0.335716 5.285959 -0.269072
v -0.341345 5.285780 -0.264327
v -0.357092 5.283727 -0.250680
v -0.371504 5.279287 -0.237568
v -0.384520 5.272565 -0.225070
v -0.396072 5.263670 -0.213268
v -0.406101 5.252708 -0.202237
v -0.414539 5.239784 -0.192060
v -0.421326 5.225004 -0.182816
v -0.426392 5.208476 -0.174582
v -0.429676 5.190305 -0.167438
v -0.431116 5.170598 -0.161464
v -0.430645 5.149460 -0.156739
v -0.428200 5.127000 -0.153343
v -0.424625 5.106851 -0.151449
v -0.420029 5.087764 -0.150666
v -0.414337 5.069887 -0.151091
v -0.407482 5.053367 -0.152816
v -0.399389 5.038352 -0.155939
v -0.389990 5.024992 -0.160554
v -0.379211 5.013434 -0.166757
v -0.366983 5.003824 -0.174643
v -0.353233 4.996312 -0.184306
v -0.337893 4.991045 -0.195844
v -0.320887 4.988172 -0.209350
v -0.302147 4.987839 -0.224920
v -0.233534 4.991292 -0.283060
v -0.275570 5.272262 -0.315988
v -0.545177 4.936411 -0.009498
v -0.554180 4.928217 0.000006
v -0.563309 4.920787 0.009428
v -0.572645 4.914110 0.018844
v -0.582273 4.908173 0.028322
v -0.592278 4.902967 0.037938
v -0.602743 4.898480 0.047764
v -0.613750 4.894701 0.057873
v -0.625385 4.891620 0.068336
v -0.637732 4.889225 0.079226
v -0.650871 4.887503 0.090618
v -0.664890 4.886446 0.102581
v -0.690924 4.887448 0.124082
v -0.715597 4.892895 0.143369
v -0.738811 4.902431 0.160448
v -0.760472 4.915695 0.175325
v -0.780481 4.932326 0.188009
v -0.798743 4.951969 0.198505
v -0.815161 4.974260 0.206819
v -0.829638 4.998842 0.212957
v -0.842079 5.025354 0.216928
v -0.852386 5.053439 0.218737
v -0.860464 5.082735 0.218389
v -0.866216 5.112883 0.215892
v -0.869730 5.145424 0.210947
v -0.870345 5.176133 0.204025
v -0.868163 5.204837 0.195252
v -0.863289 5.231368 0.184757
v -0.855823 5.255554 0.172666
v -0.845869 5.277225 0.159104
v -0.833528 5.296213 0.144201
v -0.818905 5.312345 0.128081
v -0.802100 5.325453 0.110873
v -0.783218 5.335367 0.092703
v -0.762360 5.341915 0.073697
v -0.739629 5.344928 0.053983
v -0.717397 5.344374 0.035550
v -0.696121 5.340417 0.018739
v -0.675884 5.333041 0.003625
v -0.656775 5.322225 -0.009716
v -0.638876 5.307952 -0.021210
v -0.622272 5.290206 -0.030778
v -0.607052 5.268967 -0.038347
v -0.593298 5.244217 -0.043840
v -0.581099 5.215938 -0.047183
v -0.570534 5.184113 -0.048299
v -0.561693 5.148723 -0.047113
v -0.554661 5.109750 -0.043550
v -0.795572 5.097630 0.160585
v -0.789179 5.076817 0.160286
v -0.781879 5.057833 0.158787
v -0.773683 5.040688 0.156093
v -0.764594 5.025393 0.152206
v -0.754621 5.011957 0.147131
v -0.743770 5.000390 0.140869
v -0.732048 4.990701 0.133425
v -0.719461 4.982902 0.124802
v -0.706018 4.977002 0.115003
v -0.691723 4.973011 0.104031
v -0.676586 4.970939 0.091890
v -0.660610 4.970796 0.078583
v -0.650425 4.971717 0.069853
v -0.640444 4.973432 0.061102
v -0.630653 4.975922 0.052322
v -0.621038 4.979166 0.043508
v -0.611588 4.983142 0.034651
v -0.602287 4.987834 0.025747
v -0.593121 4.993220 0.016788
v -0.584078 4.999281 0.007769
v -0.575144 5.005996 -0.001320
v -0.566303 5.013345 -0.010482
v -0.557545 5.021309 -0.019725
v -0.548855 5.029868 -0.029056
v -0.536215 4.945380 -0.019155
v -0.633982 5.180459 0.005574
v -0.638489 5.195441 0.005712
v -0.643906 5.209221 0.006899
v -0.650190 5.221742 0.009116
v -0.657303 5.232942 0.012342
v -0.665199 5.242763 0.016560
v -0.673840 5.251144 0.021748
v -0.683186 5.258025 0.027886
v -0.693193 5.263347 0.034956
v -0.703825 5.267049 0.042938
v -0.715035 5.269073 0.051811
v -0.726787 5.269359 0.061556
v -0.739195 5.267915 0.072269
v -0.750501 5.264907 0.082439
v -0.760702 5.260368 0.092058
v -0.769799 5.254327 0.101118
v -0.777791 5.246816 0.109612
v -0.784676 5.237866 0.117529
v -0.790454 5.227507 0.124864
v -0.795125 5.215770 0.131606
v -0.798688 5.202688 0.137749
v -0.801142 5.188289 0.143285
v -0.802485 5.172606 0.148205
v -0.802719 5.155670 0.152501
v -0.630423 5.164338 0.006506
v -1.095968 5.216142 0.382771
v -1.094443 5.216219 0.381478
v -1.088661 5.235117 0.372073
v -1.082664 5.252175 0.362935
v -1.076458 5.267434 0.354056
v -1.070045 5.280941 0.345429
v -1.063430 5.292739 0.337048
v -1.056617 5.302875 0.328903
v -1.049609 5.311390 0.320989
v -1.042411 5.318331 0.313297
v -1.035027 5.323741 0.305820
v -1.027460 5.327665 0.298550
v -1.019715 5.330149 0.291481
v -1.011797 5.331235 0.284604
v -1.004912 5.331231 0.278856
v -0.997974 5.330524 0.273232
v -0.990968 5.329113 0.267722
v -0.983880 5.326994 0.262316
v -0.976696 5.324167 0.257001
v -0.969403 5.320626 0.251767
v -0.961987 5.316368 0.246605
v -0.954434 5.311392 0.241502
v -0.946731 5.305696 0.236447
v -0.938863 5.299276 0.231431
v -0.930817 5.292130 0.226441
v -0.922580 5.284254 0.221469
v -0.947094 5.206806 0.260696
v -0.953287 5.212757 0.264427
v -0.959622 5.218337 0.268368
v -0.966036 5.223514 0.272470
v -0.972465 5.228258 0.276690
v -0.978846 5.232536 0.280983
v -0.985114 5.236319 0.285303
v -0.991208 5.239574 0.289604
v -0.997065 5.242271 0.293842
v -1.002619 5.244378 0.297971
v -1.007808 5.245863 0.301945
v -1.012568 5.246698 0.305718
v -1.016838 5.246849 0.309248
v -1.028059 5.245052 0.319055
v -1.038424 5.240937 0.328709
v -1.047864 5.234663 0.338110
v -1.056308 5.226386 0.347166
v -1.063685 5.216266 0.355780
v -1.069929 5.204461 0.363852
v -1.074968 5.191128 0.371288
v -1.078732 5.176427 0.377991
v -1.081153 5.160515 0.383866
v -1.082160 5.143549 0.388815
v -1.081683 5.125690 0.392742
v -1.079654 5.107094 0.395550
v -1.045114 4.876226 0.422606
v -1.112965 4.872813 0.480099
v -1.178959 5.313918 0.428406
v -1.111108 5.317331 0.370912
v -1.300657 5.399541 0.509311
v -1.317710 5.409158 0.521224
v -1.334321 5.417718 0.533025
v -1.350545 5.425236 0.544753
v -1.366433 5.431726 0.556451
v -1.382039 5.437202 0.568159
v -1.397415 5.441679 0.579916
v -1.412615 5.445173 0.591765
v -1.427691 5.447695 0.603745
v -1.442697 5.449263 0.615897
v -1.457684 5.449891 0.628263
v -1.472706 5.449591 0.640881
v -1.501435 5.445899 0.665769
v -1.528050 5.437981 0.689916
v -1.552386 5.426095 0.713117
v -1.574279 5.410497 0.735177
v -1.593563 5.391443 0.755897
v -1.610074 5.369187 0.775076
v -1.623649 5.343985 0.792515
v -1.634122 5.316095 0.808015
v -1.641329 5.285770 0.821377
v -1.645105 5.253266 0.832401
v -1.645287 5.218840 0.840889
v -1.641710 5.182748 0.846642
v -1.634484 5.146254 0.849443
v -1.624178 5.112056 0.849116
v -1.610979 5.080348 0.845772
v -1.595077 5.051323 0.839520
v -1.576662 5.025174 0.830471
v -1.555922 5.002093 0.818737
v -1.533044 4.982275 0.804430
v -1.508220 4.965913 0.787658
v -1.481636 4.953200 0.768537
v -1.453484 4.944330 0.747172
v -1.423951 4.939495 0.723679
v -1.393227 4.938888 0.698165
v -1.378528 4.940182 0.685575
v -1.363808 4.942577 0.672702
v -1.349100 4.946057 0.659576
v -1.334441 4.950608 0.646232
v -1.319864 4.956212 0.632701
v -1.305407 4.962855 0.619018
v -1.291101 4.970521 0.605214
v -1.276984 4.979196 0.591323
v -1.263091 4.988863 0.577379
v -1.249455 4.999506 0.563414
v -1.236113 5.011112 0.549460
v -1.223099 5.023662 0.535552
v -1.207372 4.918543 0.547872
v -1.218995 4.909513 0.559766
v -1.230951 4.900929 0.571830
v -1.243324 4.892840 0.584123
v -1.256193 4.885293 0.596697
v -1.269642 4.878336 0.609613
v -1.283751 4.872015 0.622928
v -1.298602 4.866379 0.636696
v -1.314278 4.861475 0.650975
v -1.330860 4.857350 0.665822
v -1.348430 4.854052 0.681294
v -1.367069 4.851629 0.697449
v -1.386860 4.850125 0.714340
v -1.433960 4.851675 0.753303
v -1.477650 4.860657 0.787616
v -1.517885 4.876213 0.817452
v -1.554623 4.897481 0.842983
v -1.587818 4.923603 0.864383
v -1.617430 4.953715 0.881822
v -1.643413 4.986959 0.895472
v -1.665724 5.022475 0.905506
v -1.684320 5.059399 0.912096
v -1.699159 5.096874 0.915414
v -1.710196 5.134038 0.915632
v -1.717387 5.170033 0.912923
v -1.722400 5.220040 0.905000
v -1.722290 5.267667 0.893376
v -1.717265 5.312571 0.878306
v -1.707534 5.354414 0.860047
v -1.693303 5.392852 0.838856
v -1.674782 5.427547 0.814985
v -1.652177 5.458159 0.788694
v -1.625696 5.484346 0.760239
v -1.595548 5.505769 0.729871
v -1.561938 5.522088 0.697850
v -1.525077 5.532959 0.664433
v -1.485171 5.538047 0.629872
v -1.471752 5.538369 0.618587
v -1.458138 5.537982 0.607312
v -1.444273 5.536872 0.596000
v -1.430098 5.535025 0.584609
v -1.415554 5.532427 0.573092
v -1.400583 5.529064 0.561402
v -1.385127 5.524920 0.549498
v -1.369129 5.519984 0.537333
v -1.352530 5.514237 0.524860
v -1.335272 5.507668 0.512037
v -1.317296 5.500263 0.498817
v -1.298545 5.492007 0.485157
v -1.283112 5.388853 0.497246
v -1.300657 5.399541 0.509311
v -0.998151 5.487248 0.871523
v -1.317710 5.409158 0.521224
v -1.015203 5.496864 0.883435
v -1.334321 5.417718 0.533025
v -1.031815 5.505425 0.895236
v -1.350545 5.425236 0.544753
v -1.048038 5.512942 0.906965
v -1.366433 5.431726 0.556451
v -1.063926 5.519433 0.918663
v -1.382039 5.437202 0.568159
v -1.079532 5.524909 0.930370
v -1.397415 5.441679 0.579916
v -1.094909 5.529386 0.942128
v -1.412615 5.445173 0.591765
v -1.110108 5.532878 0.953977
v -1.427691 5.447695 0.603745
v -1.125184 5.535403 0.965956
v -1.442697 5.449263 0.615897
v -1.140190 5.536970 0.978109
v -1.457684 5.449891 0.628263
v -1.155177 5.537597 0.990474
v -1.472706 5.449591 0.640881
v -1.170198 5.537298 1.003092
v -1.501435 5.445899 0.665769
v -1.198929 5.533605 1.027981
v -1.528050 5.437981 0.689916
v -1.225544 5.525688 1.052126
v -1.552386 5.426095 0.713117
v -1.249880 5.513802 1.075328
v -1.574279 5.410497 0.735177
v -1.271772 5.498204 1.097389
v -1.593563 5.391443 0.755897
v -1.291056 5.479149 1.118108
v -1.610074 5.369187 0.775076
v -1.307568 5.456893 1.137287
v -1.623649 5.343985 0.792515
v -1.321142 5.431692 1.154726
v -1.634122 5.316095 0.808015
v -1.331614 5.403801 1.170226
v -1.641329 5.285770 0.821377
v -1.338821 5.373476 1.183588
v -1.645105 5.253266 0.832401
v -1.342599 5.340972 1.194613
v -1.645287 5.218840 0.840889
v -1.342780 5.306547 1.203101
v -1.641710 5.182748 0.846642
v -1.339203 5.270455 1.208853
v -1.634484 5.146254 0.849443
v -1.331978 5.233961 1.211655
v -1.624178 5.112056 0.849116
v -1.321671 5.199764 1.211328
v -1.610979 5.080348 0.845772
v -1.308473 5.168055 1.207983
v -1.595077 5.051323 0.839520
v -1.292571 5.139030 1.201731
v -1.576662 5.025174 0.830471
v -1.274156 5.112880 1.192682
v -1.555922 5.002093 0.818737
v -1.253414 5.089799 1.180949
v -1.533044 4.982275 0.804430
v -1.230537 5.069982 1.166641
v -1.508220 4.965913 0.787658
v -1.205712 5.053620 1.149871
v -1.481636 4.953200 0.768537
v -1.179130 5.040906 1.130748
v -1.453484 4.944330 0.747172
v -1.150977 5.032036 1.109384
v -1.423951 4.939495 0.723679
v -1.121444 5.027201 1.085890
v -1.393227 4.938888 0.698165
v -1.090719 5.026595 1.060376
v -1.378528 4.940182 0.685575
v -1.076021 5.027889 1.047788
v -1.363808 4.942577 0.672702
v -1.061300 5.030283 1.034914
v -1.349100 4.946057 0.659576
v -1.046594 5.033763 1.021788
v -1.334441 4.950608 0.646232
v -1.031934 5.038313 1.008443
v -1.319864 4.956212 0.632701
v -1.017358 5.043918 0.994912
v -1.305407 4.962855 0.619018
v -1.002899 5.050561 0.981229
v -1.291101 4.970521 0.605214
v -0.988595 5.058228 0.967425
v -1.276984 4.979196 0.591323
v -0.974478 5.066903 0.953535
v -1.263091 4.988863 0.577379
v -0.960584 5.076569 0.939590
v -1.249455 4.999506 0.563414
v -0.946948 5.087213 0.925625
v -1.236113 5.011112 0.549460
v -0.933606 5.098818 0.911672
v -1.223099 5.023662 0.535552
v -0.920591 5.111369 0.897764
v -1.207372 4.918543 0.547872
v -0.904864 5.006250 0.910083
v -1.218995 4.909513 0.559766
v -0.916488 4.997220 0.921977
v -1.230951 4.900929 0.571830
v -0.928445 4.988636 0.934041
v -1.243324 4.892840 0.584123
v -0.940817 4.980546 0.946333
v -1.256193 4.885293 0.596697
v -0.953687 4.973000 0.958908
v -1.269642 4.878336 0.609613
v -0.967134 4.966043 0.971825
v -1.283751 4.872015 0.622928
v -0.981244 4.959722 0.985139
v -1.298602 4.866379 0.636696
v -0.996096 4.954087 0.998907
v -1.314278 4.861475 0.650975
v -1.011771 4.949182 1.013186
v -1.330860 4.857350 0.665822
v -1.028353 4.945056 1.028034
v -1.348430 4.854052 0.681294
v -1.045923 4.941759 1.043506
v -1.367069 4.851629 0.697449
v -1.064562 4.939334 1.059660
v -1.386860 4.850125 0.714340
v -1.084352 4.937832 1.076552
v -1.433960 4.851675 0.753303
v -1.131453 4.939381 1.115514
v -1.477650 4.860657 0.787616
v -1.175143 4.948364 1.149827
v -1.517885 4.876213 0.817452
v -1.215379 4.963919 1.179664
v -1.554623 4.897481 0.842983
v -1.252115 4.985188 1.205195
v -1.587818 4.923603 0.864383
v -1.285312 5.011309 1.226594
v -1.617430 4.953715 0.881822
v -1.314922 5.041421 1.244033
v -1.643413 4.986959 0.895472
v -1.340905 5.074666 1.257684
v -1.665724 5.022475 0.905506
v -1.363217 5.110180 1.267717
v -1.684320 5.059399 0.912096
v -1.381814 5.147106 1.274307
v -1.699159 5.096874 0.915414
v -1.396652 5.184581 1.277626
v -1.710196 5.134038 0.915632
v -1.407688 5.221746 1.277843
v -1.717387 5.170033 0.912923
v -1.414880 5.257740 1.275134
v -1.722400 5.220040 0.905000
v -1.419892 5.307747 1.267212
v -1.722290 5.267667 0.893376
v -1.419783 5.355374 1.255588
v -1.717265 5.312571 0.878306
v -1.414759 5.400278 1.240519
v -1.707534 5.354414 0.860047
v -1.405027 5.442120 1.222260
v -1.693303 5.392852 0.838856
v -1.390797 5.480558 1.201067
v -1.674782 5.427547 0.814985
v -1.372275 5.515254 1.177197
v -1.652177 5.458159 0.788694
v -1.349670 5.545866 1.150906
v -1.625696 5.484346 0.760239
v -1.323189 5.572052 1.122449
v -1.595548 5.505769 0.729871
v -1.293040 5.593477 1.092082
v -1.561938 5.522088 0.697850
v -1.259432 5.609794 1.060062
v -1.525077 5.532959 0.664433
v -1.222570 5.620666 1.026644
v -1.485171 5.538047 0.629872
v -1.182665 5.625753 0.992085
v -1.471752 5.538369 0.618587
v -1.169246 5.626075 0.980799
v -1.458138 5.537982 0.607312
v -1.155632 5.625688 0.969523
v -1.444273 5.536872 0.596000
v -1.141767 5.624579 0.958212
v -1.430098 5.535025 0.584609
v -1.127591 5.622732 0.946820
v -1.415554 5.532427 0.573092
v -1.113047 5.620134 0.935303
v -1.400583 5.529064 0.561402
v -1.098076 5.616770 0.923615
v -1.385127 5.524920 0.549498
v -1.082621 5.612627 0.911710
v -1.369129 5.519984 0.537333
v -1.066623 5.607689 0.899544
v -1.352530 5.514237 0.524860
v -1.050023 5.601943 0.887072
v -1.335272 5.507668 0.512037
v -1.032764 5.595375 0.874249
v -1.317296 5.500263 0.498817
v -1.014789 5.587969 0.861030
v -1.298545 5.492007 0.485157
v -0.996037 5.579713 0.847368
v -1.283112 5.388853 0.497246
v -0.980605 5.476559 0.859457
v -1.095968 5.216142 0.382771
v -0.793462 5.303849 0.744982
v -1.094443 5.216219 0.381478
v -0.791937 5.303926 0.743690
v -1.088661 5.235117 0.372073
v -0.786155 5.322824 0.734284
v -1.082664 5.252175 0.362935
v -0.780158 5.339881 0.725146
v -1.076458 5.267434 0.354056
v -0.773952 5.355140 0.716268
v -1.070045 5.280941 0.345429
v -0.767538 5.368648 0.707642
v -1.063430 5.292739 0.337048
v -0.760923 5.380446 0.699260
v -1.056617 5.302875 0.328903
v -0.754110 5.390581 0.691115
v -1.049609 5.311390 0.320989
v -0.747103 5.399097 0.683201
v -1.042411 5.318331 0.313297
v -0.739904 5.406037 0.675508
v -1.035027 5.323741 0.305820
v -0.732520 5.411448 0.668031
v -1.027460 5.327665 0.298550
v -0.724954 5.415372 0.660762
v -1.019715 5.330149 0.291481
v -0.717209 5.417856 0.653692
v -1.011797 5.331235 0.284604
v -0.709290 5.418942 0.646815
v -1.004912 5.331231 0.278856
v -0.702406 5.418937 0.641068
v -0.997974 5.330524 0.273232
v -0.695467 5.418231 0.635443
v -0.990968 5.329113 0.267722
v -0.688461 5.416820 0.629934
v -0.983880 5.326994 0.262316
v -0.681374 5.414701 0.624527
v -0.976696 5.324167 0.257001
v -0.674189 5.411872 0.619212
v -0.969403 5.320626 0.251767
v -0.666897 5.408331 0.613979
v -0.961987 5.316368 0.246605
v -0.659481 5.404074 0.608816
v -0.954434 5.311392 0.241502
v -0.651928 5.399099 0.603713
v -0.946731 5.305696 0.236447
v -0.644224 5.393403 0.598659
v -0.938863 5.299276 0.231431
v -0.636356 5.386982 0.593642
v -0.930817 5.292130 0.226441
v -0.628311 5.379837 0.588654
v -0.922580 5.284254 0.221469
v -0.620073 5.371960 0.583680
v -0.947094 5.206806 0.260696
v -0.644587 5.294511 0.622908
v -0.953287 5.212757 0.264427
v -0.650780 5.300463 0.626639
v -0.959622 5.218337 0.268368
v -0.657116 5.306043 0.630579
v -0.966036 5.223514 0.272470
v -0.663528 5.311221 0.634683
v -0.972465 5.228258 0.276690
v -0.669958 5.315964 0.638903
v -0.978846 5.232536 0.280983
v -0.676338 5.320243 0.643194
v -0.985114 5.236319 0.285303
v -0.682608 5.324026 0.647514
v -0.991208 5.239574 0.289604
v -0.688702 5.327281 0.651815
v -0.997065 5.242271 0.293842
v -0.694557 5.329978 0.656054
v -1.002619 5.244378 0.297971
v -0.700111 5.332084 0.660182
v -1.007808 5.245863 0.301945
v -0.705301 5.333570 0.664156
v -1.012568 5.246698 0.305718
v -0.710062 5.334404 0.667931
v -1.016838 5.246849 0.309248
v -0.714331 5.334555 0.671459
v -1.028059 5.245052 0.319055
v -0.725553 5.332758 0.681266
v -1.038424 5.240937 0.328709
v -0.735918 5.328643 0.690919
v -1.047864 5.234663 0.338110
v -0.745357 5.322369 0.700322
v -1.056308 5.226386 0.347166
v -0.753800 5.314092 0.709378
v -1.063685 5.216266 0.355780
v -0.761179 5.303973 0.717990
v -1.069929 5.204461 0.363852
v -0.767423 5.292167 0.726063
v -1.074968 5.191128 0.371288
v -0.772461 5.278836 0.733500
v -1.078732 5.176427 0.377991
v -0.776226 5.264134 0.740204
v -1.081153 5.160515 0.383866
v -0.778646 5.248222 0.746078
v -1.082160 5.143549 0.388815
v -0.779653 5.231256 0.751027
v -1.081683 5.125690 0.392742
v -0.779177 5.213397 0.754953
v -1.079654 5.107094 0.395550
v -0.777147 5.194801 0.757761
v -1.045114 4.876226 0.422606
v -0.742606 4.963933 0.784817
v -1.112965 4.872813 0.480099
v -0.810458 4.960519 0.842311
v -1.178959 5.313918 0.428406
v -0.876452 5.401624 0.790617
v -1.111108 5.317331 0.370912
v -0.808600 5.405037 0.733123
v -0.545177 4.936411 -0.009498
v -0.242670 5.024118 0.352714
v -0.554180 4.928217 0.000006
v -0.251673 5.015924 0.362217
v -0.563309 4.920787 0.009428
v -0.260801 5.008494 0.371639
v -0.572645 4.914110 0.018844
v -0.270138 5.001816 0.381054
v -0.582273 4.908173 0.028322
v -0.279766 4.995880 0.390533
v -0.592278 4.902967 0.037938
v -0.289772 4.990674 0.400150
v -0.602743 4.898480 0.047764
v -0.300236 4.986187 0.409976
v -0.613750 4.894701 0.057873
v -0.311245 4.982408 0.420084
v -0.625385 4.891620 0.068336
v -0.322880 4.979327 0.430549
v -0.637732 4.889225 0.079226
v -0.335224 4.976931 0.441438
v -0.650871 4.887503 0.090618
v -0.348366 4.975210 0.452829
v -0.664890 4.886446 0.102581
v -0.362383 4.974153 0.464792
v -0.690924 4.887448 0.124082
v -0.388416 4.975154 0.486293
v -0.715597 4.892895 0.143369
v -0.413090 4.980601 0.505580
v -0.738811 4.902431 0.160448
v -0.436304 4.990138 0.522659
v -0.760472 4.915695 0.175325
v -0.457966 5.003401 0.537538
v -0.780481 4.932326 0.188009
v -0.477974 5.020033 0.550220
v -0.798743 4.951969 0.198505
v -0.496237 5.039675 0.560717
v -0.815161 4.974260 0.206819
v -0.512653 5.061966 0.569031
v -0.829638 4.998842 0.212957
v -0.527132 5.086548 0.575170
v -0.842079 5.025354 0.216928
v -0.539572 5.113061 0.579141
v -0.852386 5.053439 0.218737
v -0.549879 5.141145 0.580948
v -0.860464 5.082735 0.218389
v -0.557957 5.170441 0.580601
v -0.866216 5.112883 0.215892
v -0.563709 5.200590 0.578104
v -0.869730 5.145424 0.210947
v -0.567223 5.233131 0.573158
v -0.870345 5.176133 0.204025
v -0.567839 5.263839 0.566236
v -0.868163 5.204837 0.195252
v -0.565657 5.292544 0.557465
v -0.863289 5.231368 0.184757
v -0.560781 5.319074 0.546968
v -0.855823 5.255554 0.172666
v -0.553316 5.343260 0.534878
v -0.845869 5.277225 0.159104
v -0.543362 5.364932 0.521317
v -0.833528 5.296213 0.144201
v -0.531021 5.383919 0.506413
v -0.818905 5.312345 0.128081
v -0.516397 5.400052 0.490293
v -0.802100 5.325453 0.110873
v -0.499594 5.413160 0.473084
v -0.783218 5.335367 0.092703
v -0.480711 5.423073 0.454914
v -0.762360 5.341915 0.073697
v -0.459852 5.429621 0.435908
v -0.739629 5.344928 0.053983
v -0.437122 5.432636 0.416194
v -0.717397 5.344374 0.035550
v -0.414890 5.432081 0.397761
v -0.696121 5.340417 0.018739
v -0.393614 5.428124 0.380950
v -0.675884 5.333041 0.003625
v -0.373379 5.420747 0.365836
v -0.656775 5.322225 -0.009716
v -0.354267 5.409932 0.352495
v -0.638876 5.307952 -0.021210
v -0.336369 5.395659 0.341002
v -0.622272 5.290206 -0.030778
v -0.319767 5.377913 0.331433
v -0.607052 5.268967 -0.038347
v -0.304546 5.356674 0.323865
v -0.593298 5.244217 -0.043840
v -0.290792 5.331924 0.318371
v -0.581099 5.215938 -0.047183
v -0.278591 5.303645 0.315028
v -0.570534 5.184113 -0.048299
v -0.268028 5.271820 0.313912
v -0.561693 5.148723 -0.047113
v -0.259186 5.236430 0.315099
v -0.554661 5.109750 -0.043550
v -0.252155 5.197457 0.318663
v -0.795572 5.097630 0.160585
v -0.493065 5.185337 0.522798
v -0.789179 5.076817 0.160286
v -0.486671 5.164524 0.522497
v -0.781879 5.057833 0.158787
v -0.479374 5.145540 0.520999
v -0.773683 5.040688 0.156093
v -0.471176 5.128395 0.518305
v -0.764594 5.025393 0.152206
v -0.462088 5.113100 0.514418
v -0.754621 5.011957 0.147131
v -0.452114 5.099663 0.509342
v -0.743770 5.000390 0.140869
v -0.441263 5.088096 0.503080
v -0.732048 4.990701 0.133425
v -0.429541 5.078408 0.495636
v -0.719461 4.982902 0.124802
v -0.416954 5.070609 0.487013
v -0.706018 4.977002 0.115003
v -0.403511 5.064708 0.477214
v -0.691723 4.973011 0.104031
v -0.389217 5.060717 0.466243
v -0.676586 4.970939 0.091890
v -0.374079 5.058646 0.454102
v -0.660610 4.970796 0.078583
v -0.358105 5.058503 0.440795
v -0.650425 4.971717 0.069853
v -0.347919 5.059424 0.432065
v -0.640444 4.973432 0.061102
v -0.337936 5.061139 0.423313
v -0.630653 4.975922 0.052322
v -0.328146 5.063629 0.414534
v -0.621038 4.979166 0.043508
v -0.318533 5.066872 0.405719
v -0.611588 4.983142 0.034651
v -0.309082 5.070849 0.396863
v -0.602287 4.987834 0.025747
v -0.299780 5.075541 0.387959
v -0.593121 4.993220 0.016788
v -0.290615 5.080927 0.379001
v -0.584078 4.999281 0.007769
v -0.281572 5.086988 0.369980
v -0.575144 5.005996 -0.001320
v -0.272636 5.093702 0.360891
v -0.566303 5.013345 -0.010482
v -0.263798 5.101051 0.351729
v -0.557545 5.021309 -0.019725
v -0.255039 5.109016 0.342486
v -0.548855 5.029868 -0.029056
v -0.246347 5.117574 0.333156
v -0.536215 4.945380 -0.019155
v -0.233707 5.033086 0.343058
v -0.633982 5.180459 0.005574
v -0.331474 5.268166 0.367785
v -0.638489 5.195441 0.005712
v -0.335983 5.283147 0.367924
v -0.643906 5.209221 0.006899
v -0.341400 5.296928 0.369110
v -0.650190 5.221742 0.009116
v -0.347683 5.309449 0.371327
v -0.657303 5.232942 0.012342
v -0.354795 5.320649 0.374555
v -0.665199 5.242763 0.016560
v -0.362692 5.330470 0.378772
v -0.673840 5.251144 0.021748
v -0.371334 5.338850 0.383960
v -0.683186 5.258025 0.027886
v -0.380678 5.345731 0.390099
v -0.693193 5.263347 0.034956
v -0.390688 5.351054 0.397168
v -0.703825 5.267049 0.042938
v -0.401318 5.354756 0.405149
v -0.715035 5.269073 0.051811
v -0.412529 5.356780 0.414022
v -0.726787 5.269359 0.061556
v -0.424280 5.357066 0.423767
v -0.739195 5.267915 0.072269
v -0.436687 5.355621 0.434481
v -0.750501 5.264907 0.082439
v -0.447994 5.352614 0.444651
v -0.760702 5.260368 0.092058
v -0.458195 5.348074 0.454270
v -0.769799 5.254327 0.101118
v -0.467293 5.342034 0.463330
v -0.777791 5.246816 0.109612
v -0.475285 5.334523 0.471823
v -0.784676 5.237866 0.117529
v -0.482170 5.325572 0.479740
v -0.790454 5.227507 0.124864
v -0.487947 5.315214 0.487075
v -0.795125 5.215770 0.131606
v -0.492619 5.303478 0.493818
v -0.798688 5.202688 0.137749
v -0.496181 5.290394 0.499961
v -0.801142 5.188289 0.143285
v -0.498634 5.275996 0.505497
v -0.802485 5.172606 0.148205
v -0.499979 5.260313 0.510417
v -0.802719 5.155670 0.152501
v -0.500212 5.243376 0.514712
v -0.630423 5.164338 0.006506
v -0.327915 5.252044 0.368717
v -0.298748 4.913775 -0.209826
v 0.003759 5.001482 0.152387
v -0.323753 4.914372 -0.189086
v -0.021246 5.002079 0.173125
v -0.347618 4.918648 -0.170190
v -0.045113 5.006354 0.192021
v -0.370235 4.926479 -0.153198
v -0.067728 5.014186 0.209013
v -0.391491 4.937740 -0.138172
v -0.088984 5.025446 0.224039
v -0.411280 4.952305 -0.125174
v -0.108772 5.040012 0.237039
v -0.429489 4.970050 -0.114262
v -0.126982 5.057757 0.247950
v -0.446012 4.990849 -0.105499
v -0.143505 5.078556 0.256713
v -0.460737 5.014577 -0.098946
v -0.158230 5.102284 0.263266
v -0.473557 5.041111 -0.094664
v -0.171051 5.128817 0.267548
v -0.484362 5.070322 -0.092715
v -0.181854 5.158028 0.269498
v -0.493040 5.102087 -0.093157
v -0.190535 5.189794 0.269054
v -0.499485 5.136281 -0.096054
v -0.196980 5.223988 0.266157
v -0.502691 5.167494 -0.100935
v -0.200184 5.255201 0.261277
v -0.502834 5.197142 -0.107995
v -0.200327 5.284849 0.254216
v -0.500029 5.225028 -0.117089
v -0.197521 5.312734 0.245122
v -0.494394 5.250952 -0.128073
v -0.191887 5.338658 0.234138
v -0.486048 5.274717 -0.140799
v -0.183540 5.362424 0.221413
v -0.475105 5.296125 -0.155121
v -0.172598 5.383832 0.207090
v -0.461683 5.314977 -0.170895
v -0.159176 5.402683 0.191317
v -0.445900 5.331074 -0.187975
v -0.143393 5.418780 0.174237
v -0.427872 5.344219 -0.206214
v -0.125366 5.431925 0.155998
v -0.407717 5.354211 -0.225467
v -0.105209 5.441918 0.136744
v -0.385550 5.360856 -0.245587
v -0.083044 5.448562 0.116623
v -0.361490 5.363951 -0.266432
v -0.058983 5.451658 0.095779
v -0.355783 5.364133 -0.271241
v -0.053278 5.451841 0.090970
v -0.350082 5.364099 -0.275993
v -0.047577 5.451806 0.086217
v -0.344358 5.363839 -0.280712
v -0.041851 5.451545 0.081499
v -0.338583 5.363345 -0.285416
v -0.036077 5.451051 0.076796
v -0.332729 5.362606 -0.290127
v -0.030222 5.450313 0.072085
v -0.326767 5.361616 -0.294866
v -0.024261 5.449322 0.067347
v -0.320671 5.360363 -0.299654
v -0.018164 5.448070 0.062557
v -0.314411 5.358841 -0.304513
v -0.011904 5.446548 0.057698
v -0.307961 5.357040 -0.309464
v -0.005453 5.444746 0.052747
v -0.301291 5.354951 -0.314529
v 0.001217 5.442658 0.047682
v -0.294373 5.352565 -0.319729
v 0.008133 5.440272 0.042483
v -0.287182 5.349873 -0.325083
v 0.015326 5.437580 0.037128
v -0.322750 5.587618 -0.352946
v -0.020245 5.675325 0.009266
v -0.254898 5.591032 -0.410439
v 0.047607 5.678738 -0.048228
v -0.154659 4.921024 -0.331919
v 0.147848 5.008730 0.030293
v -0.281603 5.274786 -0.311561
v 0.020905 5.362492 0.050651
v -0.287407 5.277037 -0.307258
v 0.015099 5.364744 0.054954
v -0.293024 5.279025 -0.303048
v 0.009483 5.366731 0.059163
v -0.298489 5.280751 -0.298902
v 0.004017 5.368457 0.063310
v -0.303843 5.282222 -0.294787
v -0.001335 5.369929 0.067424
v -0.309120 5.283442 -0.290676
v -0.006613 5.371149 0.071536
v -0.314360 5.284417 -0.286535
v -0.011852 5.372123 0.075677
v -0.319603 5.285151 -0.282335
v -0.017096 5.372858 0.079877
v -0.324884 5.285650 -0.278044
v -0.022377 5.373356 0.084167
v -0.330242 5.285916 -0.273633
v -0.027737 5.373623 0.088578
v -0.335716 5.285959 -0.269072
v -0.033211 5.373665 0.093141
v -0.341345 5.285780 -0.264327
v -0.038839 5.373487 0.097884
v -0.357092 5.283727 -0.250680
v -0.054585 5.371433 0.111532
v -0.371504 5.279287 -0.237568
v -0.068996 5.366992 0.124644
v -0.384520 5.272565 -0.225070
v -0.082012 5.360272 0.137141
v -0.396072 5.263670 -0.213268
v -0.093567 5.351377 0.148944
v -0.406101 5.252708 -0.202237
v -0.103594 5.340415 0.159974
v -0.414539 5.239784 -0.192060
v -0.112034 5.327490 0.170151
v -0.421326 5.225004 -0.182816
v -0.118818 5.312710 0.179397
v -0.426392 5.208476 -0.174582
v -0.123884 5.296182 0.187631
v -0.429676 5.190305 -0.167438
v -0.127171 5.278011 0.194773
v -0.431116 5.170598 -0.161464
v -0.128609 5.258304 0.200747
v -0.430645 5.149460 -0.156739
v -0.128138 5.237167 0.205472
v -0.428200 5.127000 -0.153343
v -0.125692 5.214707 0.208868
v -0.424625 5.106851 -0.151449
v -0.122118 5.194558 0.210762
v -0.420029 5.087764 -0.150666
v -0.117521 5.175472 0.211545
v -0.414337 5.069887 -0.151091
v -0.111830 5.157593 0.211121
v -0.407482 5.053367 -0.152816
v -0.104975 5.141074 0.209395
v -0.399389 5.038352 -0.155939
v -0.096882 5.126059 0.206273
v -0.389990 5.024992 -0.160554
v -0.087482 5.112699 0.201658
v -0.379211 5.013434 -0.166757
v -0.076706 5.101140 0.195456
v -0.366983 5.003824 -0.174643
v -0.064476 5.091530 0.187570
v -0.353233 4.996312 -0.184306
v -0.050728 5.084018 0.177905
v -0.337893 4.991045 -0.195844
v -0.035385 5.078752 0.166368
v -0.320887 4.988172 -0.209350
v -0.018381 5.075879 0.152862
v -0.302147 4.987839 -0.224920
v 0.000359 5.075545 0.137291
v -0.233534 4.991292 -0.283060
v 0.068974 5.078998 0.079151
v -0.275570 5.272262 -0.315988
v 0.026937 5.359969 0.046224
v -0.060123 4.925781 -0.412023
v 0.242382 5.013486 -0.049811
v -0.126118 5.366885 -0.463717
v 0.176388 5.454591 -0.101505
v -0.058266 5.370298 -0.521211
v 0.244240 5.458004 -0.158999
v 0.007727 4.929193 -0.469517
v 0.310234 5.016900 -0.107306
v -0.109522 5.450358 -0.497789
v 0.192986 5.538064 -0.135578
v -0.114962 5.451493 -0.493522
v 0.187546 5.539199 -0.131310
v -0.120270 5.453494 -0.489573
v 0.182238 5.541200 -0.127362
v -0.125385 5.456297 -0.485980
v 0.177122 5.544004 -0.123769
v -0.130249 5.459843 -0.482777
v 0.172258 5.547550 -0.120565
v -0.134800 5.464068 -0.479998
v 0.167706 5.551775 -0.117786
v -0.138981 5.468909 -0.477677
v 0.163527 5.556615 -0.115467
v -0.142729 5.474305 -0.475854
v 0.159777 5.562011 -0.113643
v -0.145987 5.480193 -0.474560
v 0.156521 5.567899 -0.112349
v -0.148691 5.486511 -0.473830
v 0.153816 5.574216 -0.111619
v -0.150785 5.493196 -0.473701
v 0.151722 5.580903 -0.111488
v -0.152206 5.500186 -0.474207
v 0.150301 5.587893 -0.111996
v -0.152882 5.507214 -0.475344
v 0.149624 5.594921 -0.113132
v -0.152805 5.514009 -0.477053
v 0.149700 5.601716 -0.114841
v -0.152018 5.520503 -0.479283
v 0.150490 5.608209 -0.117072
v -0.150558 5.526627 -0.481986
v 0.151949 5.614334 -0.119775
v -0.148468 5.532317 -0.485110
v 0.154039 5.620023 -0.122898
v -0.145788 5.537504 -0.488604
v 0.156719 5.625209 -0.126392
v -0.142559 5.542120 -0.492417
v 0.159948 5.629826 -0.130207
v -0.138821 5.546097 -0.496504
v 0.163687 5.633804 -0.134293
v -0.134613 5.549371 -0.500810
v 0.167892 5.637077 -0.138598
v -0.129978 5.551872 -0.505285
v 0.172527 5.639578 -0.143074
v -0.124958 5.553533 -0.509881
v 0.177549 5.641240 -0.147670
v -0.119591 5.554287 -0.514546
v 0.182917 5.641994 -0.152335
v -0.114079 5.554080 -0.519099
v 0.188427 5.641787 -0.156888
v -0.108639 5.552946 -0.523367
v 0.193867 5.640652 -0.161156
v -0.103333 5.550944 -0.527316
v 0.199175 5.638651 -0.165104
v -0.098217 5.548141 -0.530910
v 0.204290 5.635847 -0.168697
v -0.093353 5.544595 -0.534113
v 0.209154 5.632301 -0.171902
v -0.088800 5.540370 -0.536892
v 0.213707 5.628077 -0.174681
v -0.084620 5.535529 -0.539211
v 0.217888 5.623235 -0.176999
v -0.080872 5.530134 -0.541035
v 0.221636 5.617840 -0.178823
v -0.077614 5.524246 -0.542329
v 0.224892 5.611952 -0.180118
v -0.074909 5.517928 -0.543058
v 0.227598 5.605634 -0.180847
v -0.072815 5.511242 -0.543188
v 0.229691 5.598949 -0.180977
v -0.071394 5.504252 -0.542683
v 0.231112 5.591959 -0.180471
v -0.070719 5.497223 -0.541545
v 0.231789 5.584930 -0.179334
v -0.070795 5.490429 -0.539836
v 0.231712 5.578136 -0.177625
v -0.071583 5.483937 -0.537604
v 0.230923 5.571642 -0.175394
v -0.073044 5.477810 -0.534903
v 0.229464 5.565517 -0.172691
v -0.075134 5.472121 -0.531780
v 0.227373 5.559827 -0.169568
v -0.077814 5.466935 -0.528286
v 0.224693 5.554641 -0.166075
v -0.081043 5.462319 -0.524471
v 0.221464 5.550025 -0.162259
v -0.084782 5.458340 -0.520386
v 0.217726 5.546047 -0.158174
v -0.088987 5.455067 -0.516080
v 0.213520 5.542774 -0.153868
v -0.093622 5.452566 -0.511603
v 0.208885 5.540273 -0.149392
v -0.098642 5.450905 -0.507008
v 0.203863 5.538612 -0.144796
v -0.104012 5.450151 -0.502342
v 0.198496 5.537858 -0.140131
v 0.226862 5.384642 -0.762814
v 0.529369 5.472349 -0.400602
v 0.238621 5.306049 -0.753603
v 0.541126 5.393755 -0.391392
v 0.130363 5.300602 -0.661872
v 0.432869 5.388309 -0.299660
v 0.164169 5.074647 -0.635391
v 0.466675 5.162354 -0.273180
v 0.166584 5.062424 -0.634448
v 0.469090 5.150131 -0.272237
v 0.169851 5.051732 -0.634589
v 0.472359 5.139438 -0.272377
v 0.173853 5.042486 -0.635692
v 0.476360 5.130192 -0.273480
v 0.178467 5.034601 -0.637636
v 0.480974 5.122307 -0.275425
v 0.183573 5.027992 -0.640300
v 0.486080 5.115698 -0.278089
v 0.189049 5.022573 -0.643563
v 0.491556 5.110280 -0.281351
v 0.194778 5.018260 -0.647302
v 0.497284 5.105966 -0.285089
v 0.200636 5.014966 -0.651397
v 0.503143 5.102673 -0.289185
v 0.206503 5.012609 -0.655725
v 0.509010 5.100316 -0.293514
v 0.212259 5.011102 -0.660168
v 0.514767 5.098809 -0.297956
v 0.217783 5.010359 -0.664602
v 0.520290 5.098066 -0.302391
v 0.222956 5.010297 -0.668906
v 0.525461 5.098004 -0.306695
v 0.229036 5.010830 -0.674115
v 0.531544 5.098537 -0.311903
v 0.235088 5.011816 -0.679408
v 0.537596 5.099522 -0.317196
v 0.241116 5.013253 -0.684789
v 0.543623 5.100959 -0.322577
v 0.247124 5.015143 -0.690264
v 0.549629 5.102849 -0.328053
v 0.253117 5.017485 -0.695836
v 0.555622 5.105192 -0.333624
v 0.259098 5.020281 -0.701510
v 0.561605 5.107988 -0.339298
v 0.265079 5.023531 -0.707291
v 0.567585 5.111238 -0.345079
v 0.271061 5.027235 -0.713183
v 0.573566 5.114941 -0.350971
v 0.277048 5.031392 -0.719191
v 0.579556 5.119098 -0.356979
v 0.283047 5.036004 -0.725318
v 0.585554 5.123710 -0.363107
v 0.289064 5.041070 -0.731570
v 0.591572 5.128776 -0.369359
v 0.295105 5.046591 -0.737951
v 0.597610 5.134298 -0.375740
v 0.307304 4.965050 -0.728395
v 0.609810 5.052757 -0.366184
v 0.301754 4.960652 -0.722694
v 0.604259 5.048358 -0.360483
v 0.295729 4.956426 -0.716640
v 0.598236 5.044133 -0.354427
v 0.289320 4.952407 -0.710315
v 0.591827 5.040114 -0.348104
v 0.282619 4.948632 -0.703805
v 0.585127 5.036338 -0.341594
v 0.275719 4.945135 -0.697194
v 0.578226 5.032841 -0.334982
v 0.268705 4.941951 -0.690566
v 0.571213 5.029658 -0.328355
v 0.261673 4.939118 -0.684006
v 0.564178 5.026824 -0.321795
v 0.254709 4.936669 -0.677598
v 0.557217 5.024375 -0.315387
v 0.247908 4.934641 -0.671427
v 0.550415 5.022348 -0.309216
v 0.241358 4.933070 -0.665576
v 0.543865 5.020776 -0.303365
v 0.235151 4.931989 -0.660131
v 0.537659 5.019696 -0.297919
v 0.229378 4.931436 -0.655174
v 0.531883 5.019143 -0.292962
v 0.211472 4.931751 -0.640296
v 0.513979 5.019456 -0.278085
v 0.194746 4.934464 -0.626985
v 0.497253 5.022171 -0.264773
v 0.179224 4.939445 -0.615227
v 0.481730 5.027152 -0.253016
v 0.164925 4.946559 -0.605008
v 0.467432 5.034266 -0.242797
v 0.151875 4.955676 -0.596316
v 0.454382 5.043382 -0.234105
v 0.140095 4.966660 -0.589137
v 0.442600 5.054367 -0.226926
v 0.129606 4.979380 -0.583458
v 0.432114 5.067087 -0.221247
v 0.120434 4.993701 -0.579266
v 0.422941 5.081408 -0.217054
v 0.112598 5.009493 -0.576546
v 0.415106 5.097200 -0.214334
v 0.106125 5.026621 -0.575286
v 0.408630 5.114328 -0.213075
v 0.101032 5.044955 -0.575472
v 0.403540 5.132660 -0.213261
v 0.097345 5.064356 -0.577091
v 0.399853 5.152063 -0.214880
v 0.062511 5.297189 -0.604378
v 0.365019 5.384895 -0.242167
v 0.003046 5.294198 -0.553990
v 0.305553 5.381904 -0.191778
v 0.001575 5.304021 -0.555141
v 0.304083 5.391729 -0.192930
v 0.104935 5.470561 -0.681789
v 0.407442 5.558267 -0.319578
v 0.118605 5.379196 -0.671082
v 0.421112 5.466902 -0.308871
vn 0.6302 0.1828 0.7546
vn 0.6302 0.1827 0.7546
vn 0.6304 0.1827 0.7545
vn 0.6302 0.1829 0.7546
vn 0.6303 0.1827 0.7546
vn 0.6302 0.1825 0.7547
vn 0.6302 0.1826 0.7547
vn 0.6303 0.1828 0.7545
vn 0.6303 0.1827 0.7545
vn 0.6303 0.1825 0.7546
vn 0.6301 0.1828 0.7547
vn 0.6301 0.1827 0.7547
vn 0.6303 0.1826 0.7546
vn 0.6302 0.1824 0.7547
vn 0.6302 0.1826 0.7546
vn 0.6303 0.1824 0.7546
vn 0.6302 0.1830 0.7546
vn 0.6303 0.1829 0.7545
vn 0.6302 0.1823 0.7548
vn 0.6302 0.1827 0.7547
vn 0.6303 0.1830 0.7545
vn 0.6301 0.1825 0.7547
vn 0.6303 0.1828 0.7546
vn 0.6301 0.1829 0.7547
vn 0.6301 0.1829 0.7546
vn 0.6302 0.1831 0.7546
vn 0.6300 0.1832 0.7547
vn 0.6304 0.1824 0.7546
vn 0.6301 0.1830 0.7546
vn 0.6301 0.1825 0.7548
vn 0.6302 0.1830 0.7545
vn 0.6302 0.1829 0.7545
vn 0.6304 0.1824 0.7545
vn 0.6305 0.1826 0.7544
vn 0.6300 0.1828 0.7548
vn 0.6302 0.1825 0.7546
vn 0.6303 0.1823 0.7547
vn 0.6300 0.1825 0.7548
vn 0.6301 0.1823 0.7548
vn 0.6300 0.1827 0.7548
vn 0.6305 0.1828 0.7543
vn 0.6304 0.1825 0.7545
vn -0.6302 -0.1827 -0.7546
vn -0.6301 -0.1827 -0.7547
vn 0.7624 0.0384 -0.6460
vn -0.6302 -0.1828 -0.7546
vn -0.6302 -0.1826 -0.7546
vn -0.6302 -0.1829 -0.7546
vn -0.6302 -0.1830 -0.7546
vn -0.6303 -0.1826 -0.7546
vn -0.6302 -0.1828 -0.7547
vn -0.6302 -0.1827 -0.7547
vn -0.6302 -0.1824 -0.7547
vn -0.6303 -0.1827 -0.7546
vn -0.6301 -0.1826 -0.7547
vn -0.6303 -0.1824 -0.7547
vn -0.6301 -0.1829 -0.7546
vn -0.6303 -0.1825 -0.7546
vn -0.6301 -0.1824 -0.7548
vn -0.6302 -0.1831 -0.7545
vn -0.6303 -0.1829 -0.7545
vn -0.6300 -0.1829 -0.7548
vn -0.6302 -0.1826 -0.7547
vn -0.6301 -0.1825 -0.7548
vn -0.6301 -0.1826 -0.7548
vn -0.6304 -0.1828 -0.7544
vn -0.6301 -0.1828 -0.7547
vn -0.6303 -0.1826 -0.7545
vn -0.6301 -0.1829 -0.7547
vn -0.6302 -0.1830 -0.7545
vn -0.6301 -0.1830 -0.7546
vn -0.6303 -0.1824 -0.7546
vn -0.6303 -0.1827 -0.7545
vn -0.6303 -0.1821 -0.7547
vn -0.6304 -0.1827 -0.7545
vn -0.6303 -0.1830 -0.7545
vn -0.6300 -0.1826 -0.7548
vn -0.6301 -0.1828 -0.7546
vn -0.6300 -0.1829 -0.7547
vn -0.6302 -0.1825 -0.7546
vn -0.6303 -0.1828 -0.7546
vn -0.6303 -0.1828 -0.7545
vn -0.6301 -0.1830 -0.7547
vn -0.6300 -0.1825 -0.7548
vn -0.6304 -0.1825 -0.7545
vn -0.6304 -0.1826 -0.7545
vn -0.6304 -0.1830 -0.7544
vn -0.6302 -0.1825 -0.7547
vn -0.6300 -0.1828 -0.7548
vn -0.6304 -0.1828 -0.7545
vn -0.2339 -0.8821 0.4089
vn -0.2082 -0.8965 0.3910
vn -0.1799 -0.9111 0.3709
vn -0.1490 -0.9254 0.3485
vn -0.1157 -0.9390 0.3240
vn -0.0802 -0.9514 0.2973
vn -0.0430 -0.9622 0.2689
vn -0.0047 -0.9710 0.2390
vn 0.0341 -0.9775 0.2082
vn 0.0727 -0.9815 0.1769
vn 0.1105 -0.9831 0.1458
vn 0.1607 -0.9816 0.1035
vn 0.2376 -0.9707 0.0366
vn 0.3270 -0.9440 -0.0445
vn 0.4132 -0.9018 -0.1268
vn 0.4944 -0.8438 -0.2086
vn 0.5686 -0.7704 -0.2883
vn 0.6338 -0.6825 -0.3641
vn 0.6883 -0.5812 -0.4341
vn 0.7306 -0.4685 -0.4967
vn 0.7595 -0.3470 -0.5503
vn 0.7743 -0.2197 -0.5935
vn 0.7750 -0.0902 -0.6254
vn 0.7626 0.0369 -0.6458
vn 0.7379 0.1615 -0.6554
vn 0.6998 0.2872 -0.6540
vn 0.6476 0.4125 -0.6407
vn 0.5816 0.5328 -0.6147
vn 0.5034 0.6438 -0.5763
vn 0.4155 0.7417 -0.5266
vn 0.3210 0.8236 -0.4675
vn 0.2233 0.8882 -0.4015
vn 0.1254 0.9352 -0.3312
vn 0.0299 0.9655 -0.2587
vn -0.0612 0.9806 -0.1863
vn -0.1372 0.9828 -0.1234
vn -0.1901 0.9786 -0.0782
vn -0.2312 0.9720 -0.0423
vn -0.2699 0.9628 -0.0077
vn -0.3066 0.9515 0.0257
vn -0.3413 0.9382 0.0578
vn -0.3741 0.9231 0.0889
vn -0.4051 0.9065 0.1189
vn -0.4346 0.8884 0.1478
vn -0.4625 0.8690 0.1759
vn -0.4891 0.8482 0.2031
vn -0.5144 0.8263 0.2295
vn 0.2424 0.8770 -0.4148
vn 0.7264 -0.4821 -0.4899
vn 0.4656 -0.8667 -0.1790
vn 0.4453 -0.8812 -0.1586
vn 0.4221 -0.8964 -0.1354
vn 0.3961 -0.9116 -0.1101
vn 0.3678 -0.9262 -0.0829
vn 0.3376 -0.9397 -0.0544
vn 0.3060 -0.9517 -0.0251
vn 0.2737 -0.9618 0.0043
vn 0.2412 -0.9699 0.0334
vn 0.2089 -0.9760 0.0619
vn 0.1775 -0.9801 0.0891
vn 0.1297 -0.9830 0.1297
vn 0.0442 -0.9788 0.2001
vn -0.0646 -0.9562 0.2855
vn -0.1753 -0.9133 0.3676
vn -0.2825 -0.8513 0.4421
vn -0.3816 -0.7736 0.5060
vn -0.4695 -0.6843 0.5579
vn -0.5453 -0.5877 0.5977
vn -0.6090 -0.4866 0.6264
vn -0.6617 -0.3821 0.6451
vn -0.7045 -0.2739 0.6547
vn -0.7382 -0.1600 0.6553
vn -0.7623 -0.0387 0.6460
vn -0.7749 0.0876 0.6260
vn -0.7745 0.2155 0.5947
vn -0.7603 0.3422 0.5521
vn -0.7319 0.4641 0.4989
vn -0.6898 0.5778 0.4362
vn -0.6351 0.6805 0.3656
vn -0.5692 0.7697 0.2890
vn -0.4942 0.8440 0.2084
vn -0.4123 0.9023 0.1259
vn -0.3257 0.9445 0.0433
vn -0.2367 0.9709 -0.0374
vn -0.1616 0.9815 -0.1027
vn -0.1157 0.9832 -0.1414
vn -0.0843 0.9823 -0.1674
vn -0.0531 0.9798 -0.1929
vn -0.0227 0.9758 -0.2174
vn 0.0066 0.9706 -0.2405
vn 0.0343 0.9644 -0.2622
vn 0.0602 0.9575 -0.2821
vn 0.0841 0.9501 -0.3003
vn 0.1059 0.9426 -0.3167
vn 0.1256 0.9351 -0.3313
vn 0.1433 0.9278 -0.3443
vn 0.5507 0.5799 -0.6003
vn 0.5507 0.5800 -0.6003
vn 0.5116 -0.8288 -0.2266
vn 0.4351 0.7217 -0.5384
vn -0.5042 0.8353 0.2192
vn -0.5043 0.8353 0.2191
vn -0.7241 0.4890 0.4863
vn -0.7101 0.5286 0.4651
vn -0.6922 0.5725 0.4394
vn -0.6691 0.6208 0.4085
vn -0.6395 0.6733 0.3711
vn -0.6017 0.7291 0.3260
vn -0.5539 0.7869 0.2721
vn -0.4945 0.8437 0.2087
vn -0.4227 0.8960 0.1361
vn -0.3390 0.9391 0.0557
vn -0.2459 0.9689 -0.0292
vn -0.1570 0.9818 -0.1066
vn -0.0860 0.9824 -0.1660
vn -0.0244 0.9761 -0.2160
vn 0.0366 0.9638 -0.2640
vn 0.0955 0.9463 -0.3088
vn 0.1510 0.9245 -0.3500
vn 0.2026 0.8995 -0.3870
vn 0.2496 0.8726 -0.4198
vn 0.2918 0.8449 -0.4483
vn 0.3293 0.8173 -0.4729
vn 0.3624 0.7903 -0.4941
vn 0.3914 0.7646 -0.5120
vn 0.7340 0.1769 -0.6557
vn 0.2523 -0.9674 0.0235
vn -0.3908 -0.7651 0.5117
vn -0.3589 -0.7933 0.4918
vn -0.3270 -0.8191 0.4714
vn -0.2944 -0.8431 0.4500
vn -0.2604 -0.8659 0.4271
vn -0.2241 -0.8877 0.4022
vn -0.1844 -0.9089 0.3741
vn -0.1395 -0.9295 0.3415
vn -0.0873 -0.9491 0.3027
vn -0.0246 -0.9667 0.2547
vn 0.0529 -0.9798 0.1931
vn 0.0529 -0.9798 0.1928
vn 0.1532 -0.9821 0.1098
vn 0.2708 -0.9626 0.0069
vn 0.3854 -0.9174 -0.0997
vn 0.4857 -0.8510 -0.1996
vn 0.5697 -0.7692 -0.2895
vn 0.6371 -0.6772 -0.3681
vn 0.6892 -0.5791 -0.4354
vn 0.7277 -0.4778 -0.4921
vn 0.7542 -0.3749 -0.5391
vn 0.7700 -0.2713 -0.5774
vn 0.7763 -0.1676 -0.6077
vn 0.7735 -0.0642 -0.6305
vn 0.7659 0.0129 -0.6428
vn 0.6430 -0.6676 -0.3754
vn -0.4352 -0.7218 0.5382
vn -0.6430 0.6676 0.3754
vn 0.4352 0.7218 -0.5382
vn 0.5242 -0.8171 -0.2399
vn 0.4996 -0.8394 -0.2139
vn 0.4708 -0.8628 -0.1843
vn 0.4383 -0.8860 -0.1515
vn 0.4024 -0.9081 -0.1162
vn 0.3642 -0.9279 -0.0795
vn 0.3248 -0.9448 -0.0425
vn 0.2853 -0.9584 -0.0062
vn 0.2471 -0.9686 0.0282
vn 0.2109 -0.9757 0.0601
vn 0.1776 -0.9801 0.0890
vn 0.1279 -0.9831 0.1312
vn 0.0378 -0.9780 0.2052
vn -0.0766 -0.9526 0.2946
vn -0.1915 -0.9053 0.3792
vn -0.3014 -0.8381 0.4547
vn -0.4018 -0.7549 0.5184
vn -0.4898 -0.6605 0.5690
vn -0.5644 -0.5595 0.6069
vn -0.6259 -0.4555 0.6330
vn -0.6753 -0.3505 0.6489
vn -0.7139 -0.2458 0.6557
vn -0.7426 -0.1418 0.6545
vn -0.7624 -0.0380 0.6459
vn -0.7739 0.0690 0.6296
vn -0.7760 0.1814 0.6041
vn -0.7670 0.2976 0.5685
vn -0.7453 0.4150 0.5219
vn -0.7095 0.5301 0.4642
vn -0.6593 0.6392 0.3959
vn -0.5950 0.7380 0.3183
vn -0.5183 0.8227 0.2337
vn -0.4318 0.8903 0.1450
vn -0.3388 0.9392 0.0555
vn -0.2429 0.9695 -0.0319
vn -0.1485 0.9823 -0.1139
vn -0.0527 0.9797 -0.1932
vn 0.0519 0.9598 -0.2757
vn 0.1652 0.9181 -0.3602
vn 0.2815 0.8520 -0.4414
vn 0.3934 0.7628 -0.5133
vn 0.4935 0.6560 -0.5710
vn 0.5770 0.5401 -0.6127
vn 0.6423 0.4234 -0.6389
vn 0.6905 0.3124 -0.6524
vn 0.7246 0.2107 -0.6562
vn 0.7476 0.1198 -0.6533
vn 0.6514 -0.6532 -0.3859
vn 0.6827 -0.5932 -0.4266
vn 0.7046 0.2736 -0.6547
vn 0.6696 0.3640 -0.6474
vn 0.6226 0.4617 -0.6318
vn 0.5619 0.5634 -0.6057
vn 0.4869 0.6640 -0.5674
vn 0.3991 0.7574 -0.5167
vn 0.3022 0.8375 -0.4552
vn 0.2016 0.9001 -0.3863
vn 0.1029 0.9437 -0.3144
vn 0.0105 0.9698 -0.2436
vn -0.0728 0.9815 -0.1769
vn -0.1411 0.9827 -0.1201
vn -0.1933 0.9782 -0.0754
vn -0.2383 0.9705 -0.0360
vn -0.2812 0.9596 0.0025
vn -0.3215 0.9461 0.0395
vn -0.3591 0.9303 0.0747
vn -0.3937 0.9129 0.1077
vn -0.4252 0.8944 0.1385
vn -0.4536 0.8754 0.1669
vn -0.4792 0.8563 0.1928
vn -0.5020 0.8374 0.2164
vn -0.5222 0.8190 0.2378
vn 0.2392 0.8790 -0.4126
vn 0.7394 -0.4376 -0.5116
vn -0.7344 -0.1752 0.6557
vn -0.7043 -0.2747 0.6546
vn -0.6627 -0.3798 0.6454
vn -0.6079 -0.4884 0.6260
vn -0.5390 -0.5966 0.5946
vn -0.4561 -0.6994 0.5503
vn -0.3611 -0.7915 0.4932
vn -0.2577 -0.8676 0.4253
vn -0.1507 -0.9246 0.3498
vn -0.0452 -0.9616 0.2706
vn 0.0546 -0.9799 0.1917
vn 0.1441 -0.9826 0.1176
vn 0.2261 -0.9730 0.0468
vn 0.3095 -0.9505 -0.0284
vn 0.3956 -0.9118 -0.1096
vn 0.4803 -0.8554 -0.1940
vn 0.5589 -0.7814 -0.2776
vn 0.6270 -0.6929 -0.3559
vn 0.6820 -0.5948 -0.4256
vn 0.7229 -0.4927 -0.4844
vn 0.7506 -0.3919 -0.5320
vn 0.7672 -0.2961 -0.5690
vn 0.7750 -0.2075 -0.5970
vn 0.4995 0.6487 -0.5742
vn -0.6620 0.6343 0.3993
vn -0.6620 0.6342 0.3993
vn 0.1249 -0.9831 0.1337
vn 0.0552 -0.9800 0.1912
vn -0.0442 -0.9619 0.2698
vn -0.1496 -0.9251 0.3489
vn -0.2571 -0.8680 0.4249
vn -0.3619 -0.7907 0.4937
vn -0.4591 -0.6961 0.5520
vn -0.5446 -0.5887 0.5974
vn -0.6157 -0.4745 0.6291
vn -0.6719 -0.3588 0.6480
vn -0.7138 -0.2459 0.6557
vn -0.7433 -0.1389 0.6544
vn -0.7631 -0.0332 0.6454
vn -0.7746 0.0817 0.6271
vn -0.7751 0.2048 0.5977
vn -0.7625 0.3285 0.5573
vn -0.7362 0.4493 0.5061
vn -0.6960 0.5638 0.4447
vn -0.6423 0.6687 0.3745
vn -0.5767 0.7609 0.2974
vn -0.5010 0.8382 0.2154
vn -0.4176 0.8992 0.1310
vn -0.3291 0.9432 0.0465
vn -0.2382 0.9705 -0.0361
vn -0.1643 0.9813 -0.1004
vn -0.1249 0.9831 -0.1338
vn -0.1016 0.9830 -0.1532
vn -0.0774 0.9819 -0.1731
vn -0.0278 0.9766 -0.2132
vn -0.0033 0.9725 -0.2328
vn 0.0206 0.9676 -0.2516
vn 0.0435 0.9621 -0.2692
vn 0.0650 0.9561 -0.2857
vn 0.0851 0.9498 -0.3010
vn 0.1036 0.9434 -0.3150
vn -0.5613 0.7788 0.2801
vn 0.4351 0.7218 -0.5382
vn -0.1297 -0.9335 0.3343
vn -0.1104 -0.9410 0.3200
vn -0.0886 -0.9486 0.3037
vn -0.0645 -0.9562 0.2855
vn -0.0384 -0.9634 0.2653
vn -0.0109 -0.9698 0.2439
vn -0.0109 -0.9697 0.2439
vn 0.0173 -0.9750 0.2216
vn 0.0457 -0.9789 0.1989
vn 0.0734 -0.9816 0.1764
vn 0.0998 -0.9829 0.1546
vn 0.1243 -0.9831 0.1343
vn 0.1647 -0.9813 0.1001
vn 0.2408 -0.9700 0.0337
vn 0.3355 -0.9406 -0.0525
vn 0.4284 -0.8924 -0.1417
vn 0.5157 -0.8251 -0.2309
vn 0.5936 -0.7399 -0.3165
vn 0.6590 -0.6399 -0.3954
vn 0.7099 -0.5292 -0.4648
vn 0.7458 -0.4125 -0.5230
vn 0.7674 -0.2943 -0.5696
vn 0.7760 -0.1783 -0.6049
vn 0.7737 -0.0671 -0.6299
vn 0.7636 0.0301 -0.6450
vn 0.7491 0.1124 -0.6528
vn 0.7283 0.1975 -0.6561
vn 0.6966 0.2962 -0.6535
vn 0.6497 0.4079 -0.6414
vn 0.5840 0.5289 -0.6158
vn 0.4973 0.6514 -0.5731
vn 0.3915 0.7645 -0.5121
vn 0.2736 0.8573 -0.4361
vn 0.1533 0.9235 -0.3517
vn 0.0401 0.9630 -0.2667
vn -0.0602 0.9805 -0.1872
vn -0.1268 0.9831 -0.1322
vn -0.6430 0.6675 0.3754
vn -0.5460 -0.5866 0.5981
vn -0.5460 -0.5867 0.5981
vn 0.0419 -0.9785 0.2020
vn -0.0626 -0.9568 0.2840
vn -0.1639 -0.9187 0.3593
vn -0.2603 -0.8659 0.4271
vn -0.3510 -0.7999 0.4868
vn -0.4351 -0.7218 0.5382
vn -0.5124 -0.6322 0.5811
vn -0.5124 -0.6323 0.5811
vn -0.5823 -0.5316 0.6151
vn -0.6436 -0.4206 0.6394
vn -0.6951 -0.3002 0.6532
vn -0.7353 -0.1718 0.6556
vn -0.7624 -0.0384 0.6460
vn -0.7753 0.0957 0.6243
vn -0.7739 0.2263 0.5916
vn -0.7589 0.3502 0.5490
vn -0.7315 0.4655 0.4982
vn -0.7315 0.4656 0.4982
vn -0.6925 0.5717 0.4400
vn -0.6430 0.6675 0.3755
vn -0.5833 0.7529 0.3048
vn -0.5136 0.8270 0.2286
vn -0.4343 0.8886 0.1476
vn -0.3459 0.9362 0.0621
vn -0.2494 0.9680 -0.0262
vn -0.1470 0.9824 -0.1151
vn -0.0419 0.9785 -0.2019
vn 0.0627 0.9568 -0.2840
vn 0.1639 0.9187 -0.3593
vn 0.2603 0.8659 -0.4271
vn 0.3509 0.8000 -0.4867
vn 0.4351 0.7219 -0.5381
vn 0.5125 0.6321 -0.5811
vn 0.5125 0.6322 -0.5811
vn 0.5823 0.5316 -0.6151
vn 0.6436 0.4207 -0.6394
vn 0.6951 0.3003 -0.6532
vn 0.7353 0.1717 -0.6556
vn 0.7624 0.0383 -0.6460
vn 0.7753 -0.0956 -0.6243
vn 0.7739 -0.2263 -0.5915
vn 0.7589 -0.3502 -0.5490
vn 0.7314 -0.4656 -0.4982
vn 0.6926 -0.5715 -0.4401
vn 0.6926 -0.5715 -0.4400
vn 0.6430 -0.6675 -0.3754
vn 0.5832 -0.7530 -0.3048
vn 0.5136 -0.8270 -0.2287
vn 0.4343 -0.8886 -0.1475
vn 0.3458 -0.9362 -0.0621
vn 0.2493 -0.9681 0.0262
vn 0.1470 -0.9824 0.1152
vn 0.7575 0.0683 -0.6492
vn 0.7373 0.1637 -0.6554
vn 0.6958 0.2983 -0.6533
vn 0.6357 0.4365 -0.6366
vn 0.5580 0.5693 -0.6038
vn 0.4668 0.6874 -0.5563
vn 0.4668 0.6875 -0.5563
vn 0.3687 0.7849 -0.4980
vn 0.2699 0.8597 -0.4336
vn 0.1751 0.9134 -0.3674
vn 0.0865 0.9493 -0.3021
vn 0.0044 0.9711 -0.2388
vn -0.0726 0.9815 -0.1771
vn -0.1394 0.9827 -0.1215
vn -0.1900 0.9787 -0.0783
vn -0.2317 0.9719 -0.0419
vn -0.2715 0.9624 -0.0064
vn -0.3091 0.9506 0.0280
vn -0.3445 0.9368 0.0608
vn -0.3773 0.9215 0.0919
vn -0.4075 0.9051 0.1212
vn -0.4352 0.8880 0.1484
vn -0.4605 0.8705 0.1737
vn -0.4834 0.8529 0.1971
vn -0.5041 0.8355 0.2187
vn 0.2505 0.8721 -0.4203
vn 0.7274 -0.4788 -0.4916
vn 0.4653 -0.8669 -0.1787
vn 0.4378 -0.8863 -0.1510
vn 0.4128 -0.9020 -0.1264
vn 0.3894 -0.9152 -0.1037
vn 0.3669 -0.9267 -0.0820
vn 0.3443 -0.9369 -0.0606
vn 0.3209 -0.9463 -0.0389
vn 0.2958 -0.9551 -0.0158
vn 0.2677 -0.9634 0.0097
vn 0.2352 -0.9712 0.0388
vn 0.1955 -0.9779 0.0736
vn 0.1401 -0.9827 0.1209
vn 0.0623 -0.9807 0.1854
vn -0.0312 -0.9652 0.2598
vn -0.1327 -0.9323 0.3366
vn -0.2388 -0.8792 0.4123
vn -0.3447 -0.8051 0.4828
vn -0.4446 -0.7119 0.5437
vn -0.5335 -0.6042 0.5919
vn -0.6082 -0.4880 0.6261
vn -0.6673 -0.3693 0.6468
vn -0.7115 -0.2531 0.6555
vn -0.7424 -0.1425 0.6546
vn -0.7583 -0.0636 0.6488
vn -0.4351 -0.7219 0.5382
vn -0.7596 0.3460 0.5506
vn 0.1606 0.9202 -0.3569
vt 0.964912 0.000000
vt 1.000000 0.000000
vt 0.982456 0.000000
vt 0.000000 0.000000
vt 0.017544 0.000000
vt 0.947368 0.000000
vt 0.929825 0.000000
vt 0.912281 0.000000
vt 0.035088 0.000000
vt 0.052632 0.000000
vt 0.070175 0.000000
vt 0.894737 0.000000
vt 0.087719 0.000000
vt 0.105263 0.000000
vt 0.877193 0.000000
vt 0.122807 0.000000
vt 0.456140 0.000000
vt 0.491228 0.000000
vt 0.473684 0.000000
vt 0.438596 0.000000
vt 0.140351 0.000000
vt 0.421053 0.000000
vt 0.859649 0.000000
vt 0.157895 0.000000
vt 0.403509 0.000000
vt 0.385965 0.000000
vt 0.175439 0.000000
vt 0.368421 0.000000
vt 0.192982 0.000000
vt 0.350877 0.000000
vt 0.210526 0.000000
vt 0.333333 0.000000
vt 0.842105 0.000000
vt 0.315789 0.000000
vt 0.228070 0.000000
vt 0.298246 0.000000
vt 0.245614 0.000000
vt 0.280702 0.000000
vt 0.263158 0.000000
vt 0.824561 0.000000
vt 0.807018 0.000000
vt 0.789474 0.000000
vt 0.508772 0.000000
vt 0.771930 0.000000
vt 0.526316 0.000000
vt 0.543860 0.000000
vt 0.754386 0.000000
vt 0.561404 0.000000
vt 0.578947 0.000000
vt 0.596491 0.000000
vt 0.736842 0.000000
vt 0.614035 0.000000
vt 0.631579 0.000000
vt 0.719298 0.000000
vt 0.649123 0.000000
vt 0.666667 0.000000
vt 0.701754 0.000000
vt 0.684211 0.000000
vt 0.941176 0.000000
vt 0.980392 0.000000
vt 0.960784 0.000000
vt 0.431373 0.000000
vt 0.470588 0.000000
vt 0.450980 0.000000
vt 0.490196 0.000000
vt 0.411765 0.000000
vt 0.509804 0.000000
vt 0.392157 0.000000
vt 0.529412 0.000000
vt 0.372549 0.000000
vt 0.549020 0.000000
vt 0.352941 0.000000
vt 0.568627 0.000000
vt 0.588235 0.000000
vt 0.313726 0.000000
vt 0.607843 0.000000
vt 0.294118 0.000000
vt 0.627451 0.000000
vt 0.274510 0.000000
vt 0.647059 0.000000
vt 0.254902 0.000000
vt 0.235294 0.000000
vt 0.686275 0.000000
vt 0.215686 0.000000
vt 0.196078 0.000000
vt 0.705882 0.000000
vt 0.725490 0.000000
vt 0.176471 0.000000
vt 0.745098 0.000000
vt 0.156863 0.000000
vt 0.764706 0.000000
vt 0.137255 0.000000
vt 0.784314 0.000000
vt 0.117647 0.000000
vt 0.803922 0.000000
vt 0.098039 0.000000
vt 0.823529 0.000000
vt 0.078431 0.000000
vt 0.843137 0.000000
vt 0.058824 0.000000
vt 0.862745 0.000000
vt 0.039216 0.000000
vt 0.882353 0.000000
vt 0.019608 0.000000
vt 0.901961 0.000000
vt 0.921569 0.000000
vt 0.467532 0.000000
vt 0.493506 0.000000
vt 0.480519 0.000000
vt 0.506494 0.000000
vt 0.298701 0.000000
vt 0.324675 0.000000
vt 0.311688 0.000000
vt 0.337662 0.000000
vt 0.350649 0.000000
vt 0.363636 0.000000
vt 0.376623 0.000000
vt 0.285714 0.000000
vt 0.389610 0.000000
vt 0.402597 0.000000
vt 0.415584 0.000000
vt 0.272727 0.000000
vt 0.428571 0.000000
vt 0.441558 0.000000
vt 0.454545 0.000000
vt 0.259740 0.000000
vt 0.545455 0.000000
vt 0.532468 0.000000
vt 0.519481 0.000000
vt 0.246753 0.000000
vt 0.584416 0.000000
vt 0.571429 0.000000
vt 0.558442 0.000000
vt 0.233766 0.000000
vt 0.623377 0.000000
vt 0.610390 0.000000
vt 0.597403 0.000000
vt 0.220779 0.000000
vt 0.662338 0.000000
vt 0.649351 0.000000
vt 0.636364 0.000000
vt 0.675325 0.000000
vt 0.688312 0.000000
vt 0.207792 0.000000
vt 0.701299 0.000000
vt 0.714286 0.000000
vt 0.987013 0.000000
vt 0.727273 0.000000
vt 0.194805 0.000000
vt 0.740260 0.000000
vt 0.753247 0.000000
vt 0.181818 0.000000
vt 0.766234 0.000000
vt 0.779221 0.000000
vt 0.168831 0.000000
vt 0.792208 0.000000
vt 0.155844 0.000000
vt 0.805195 0.000000
vt 0.818182 0.000000
vt 0.142857 0.000000
vt 0.831169 0.000000
vt 0.844156 0.000000
vt 0.129870 0.000000
vt 0.857143 0.000000
vt 0.116883 0.000000
vt 0.870130 0.000000
vt 0.883117 0.000000
vt 0.103896 0.000000
vt 0.896104 0.000000
vt 0.909091 0.000000
vt 0.090909 0.000000
vt 0.922078 0.000000
vt 0.935065 0.000000
vt 0.948052 0.000000
vt 0.077922 0.000000
vt 0.961039 0.000000
vt 0.974026 0.000000
vt 0.064935 0.000000
vt 0.051948 0.000000
vt 0.038961 0.000000
vt 0.025974 0.000000
vt 0.012987 0.000000
vt 0.346939 0.000000
vt 0.367347 0.000000
vt 0.357143 0.000000
vt 0.377551 0.000000
vt 0.336735 0.000000
vt 0.387755 0.000000
vt 0.326531 0.000000
vt 0.397959 0.000000
vt 0.316327 0.000000
vt 0.408163 0.000000
vt 0.306122 0.000000
vt 0.418367 0.000000
vt 0.295918 0.000000
vt 0.867347 0.000000
vt 0.877551 0.000000
vt 0.887755 0.000000
vt 0.846939 0.000000
vt 0.897959 0.000000
vt 0.836735 0.000000
vt 0.438776 0.000000
vt 0.908163 0.000000
vt 0.275510 0.000000
vt 0.826531 0.000000
vt 0.918367 0.000000
vt 0.816327 0.000000
vt 0.928571 0.000000
vt 0.806122 0.000000
vt 0.938776 0.000000
vt 0.795918 0.000000
vt 0.265306 0.000000
vt 0.448980 0.000000
vt 0.948980 0.000000
vt 0.785714 0.000000
vt 0.959184 0.000000
vt 0.775510 0.000000
vt 0.255102 0.000000
vt 0.459184 0.000000
vt 0.969388 0.000000
vt 0.765306 0.000000
vt 0.979592 0.000000
vt 0.755102 0.000000
vt 0.244898 0.000000
vt 0.989796 0.000000
vt 0.469388 0.000000
vt 0.234694 0.000000
vt 0.479592 0.000000
vt 0.224490 0.000000
vt 0.489796 0.000000
vt 0.500000 0.000000
vt 0.214286 0.000000
vt 0.510204 0.000000
vt 0.520408 0.000000
vt 0.204082 0.000000
vt 0.530612 0.000000
vt 0.193878 0.000000
vt 0.540816 0.000000
vt 0.724490 0.000000
vt 0.744898 0.000000
vt 0.734694 0.000000
vt 0.551020 0.000000
vt 0.704082 0.000000
vt 0.183673 0.000000
vt 0.561224 0.000000
vt 0.693878 0.000000
vt 0.683673 0.000000
vt 0.673469 0.000000
vt 0.581633 0.000000
vt 0.663265 0.000000
vt 0.173469 0.000000
vt 0.653061 0.000000
vt 0.591837 0.000000
vt 0.642857 0.000000
vt 0.602041 0.000000
vt 0.632653 0.000000
vt 0.622449 0.000000
vt 0.612245 0.000000
vt 0.163265 0.000000
vt 0.153061 0.000000
vt 0.010204 0.000000
vt 0.020408 0.000000
vt 0.030612 0.000000
vt 0.040816 0.000000
vt 0.132653 0.000000
vt 0.051020 0.000000
vt 0.061224 0.000000
vt 0.122449 0.000000
vt 0.071429 0.000000
vt 0.081633 0.000000
vt 0.091837 0.000000
vt 0.112245 0.000000
vt 0.102041 0.000000
vt 0.222222 0.000000
vt 0.259259 0.000000
vt 0.240741 0.000000
vt 0.277778 0.000000
vt 0.203704 0.000000
vt 0.296296 0.000000
vt 0.185185 0.000000
vt 0.314815 0.000000
vt 0.166667 0.000000
vt 0.351852 0.000000
vt 0.962963 0.000000
vt 0.981481 0.000000
vt 0.148148 0.000000
vt 0.370370 0.000000
vt 0.388889 0.000000
vt 0.129630 0.000000
vt 0.407407 0.000000
vt 0.111111 0.000000
vt 0.425926 0.000000
vt 0.444444 0.000000
vt 0.092593 0.000000
vt 0.462963 0.000000
vt 0.074074 0.000000
vt 0.648148 0.000000
vt 0.629630 0.000000
vt 0.611111 0.000000
vt 0.592593 0.000000
vt 0.574074 0.000000
vt 0.555556 0.000000
vt 0.537037 0.000000
vt 0.518519 0.000000
vt 0.481481 0.000000
vt 0.055556 0.000000
vt 0.685185 0.000000
vt 0.037037 0.000000
vt 0.722222 0.000000
vt 0.703704 0.000000
vt 0.740741 0.000000
vt 0.759259 0.000000
vt 0.018519 0.000000
vt 0.777778 0.000000
vt 0.796296 0.000000
vt 0.870370 0.000000
vt 0.851852 0.000000
vt 0.833333 0.000000
vt 0.814815 0.000000
vt 0.888889 0.000000
vt 0.907407 0.000000
vt 0.925926 0.000000
vt 0.944444 0.000000
vt 0.855670 0.000000
vt 0.876289 0.000000
vt 0.865979 0.000000
vt 0.886598 0.000000
vt 0.896907 0.000000
vt 0.845361 0.000000
vt 0.907216 0.000000
vt 0.917526 0.000000
vt 0.927835 0.000000
vt 0.835052 0.000000
vt 0.938144 0.000000
vt 0.948454 0.000000
vt 0.958763 0.000000
vt 0.824742 0.000000
vt 0.969072 0.000000
vt 0.979381 0.000000
vt 0.989691 0.000000
vt 0.814433 0.000000
vt 0.092784 0.000000
vt 0.082474 0.000000
vt 0.072165 0.000000
vt 0.061856 0.000000
vt 0.051546 0.000000
vt 0.041237 0.000000
vt 0.030928 0.000000
vt 0.020619 0.000000
vt 0.010309 0.000000
vt 0.804124 0.000000
vt 0.113402 0.000000
vt 0.103093 0.000000
vt 0.123711 0.000000
vt 0.134021 0.000000
vt 0.144330 0.000000
vt 0.793814 0.000000
vt 0.154639 0.000000
vt 0.164948 0.000000
vt 0.783505 0.000000
vt 0.175258 0.000000
vt 0.185567 0.000000
vt 0.773196 0.000000
vt 0.195876 0.000000
vt 0.762887 0.000000
vt 0.206186 0.000000
vt 0.216495 0.000000
vt 0.752577 0.000000
vt 0.226804 0.000000
vt 0.742268 0.000000
vt 0.237113 0.000000
vt 0.247423 0.000000
vt 0.731959 0.000000
vt 0.257732 0.000000
vt 0.721649 0.000000
vt 0.268041 0.000000
vt 0.711340 0.000000
vt 0.278351 0.000000
vt 0.701031 0.000000
vt 0.288660 0.000000
vt 0.690722 0.000000
vt 0.298969 0.000000
vt 0.474227 0.000000
vt 0.494845 0.000000
vt 0.484536 0.000000
vt 0.309278 0.000000
vt 0.463918 0.000000
vt 0.680412 0.000000
vt 0.453608 0.000000
vt 0.319588 0.000000
vt 0.443299 0.000000
vt 0.432990 0.000000
vt 0.329897 0.000000
vt 0.422680 0.000000
vt 0.670103 0.000000
vt 0.412371 0.000000
vt 0.340206 0.000000
vt 0.402062 0.000000
vt 0.391753 0.000000
vt 0.350515 0.000000
vt 0.381443 0.000000
vt 0.371134 0.000000
vt 0.360825 0.000000
vt 0.659794 0.000000
vt 0.505155 0.000000
vt 0.649485 0.000000
vt 0.515464 0.000000
vt 0.525773 0.000000
vt 0.536082 0.000000
vt 0.639175 0.000000
vt 0.546392 0.000000
vt 0.556701 0.000000
vt 0.567010 0.000000
vt 0.628866 0.000000
vt 0.577320 0.000000
vt 0.587629 0.000000
vt 0.597938 0.000000
vt 0.618557 0.000000
vt 0.608247 0.000000
vt 0.000000 1.000000
vt 0.010204 1.000000
vt 0.020408 1.000000
vt 0.030612 1.000000
vt 0.040816 1.000000
vt 0.051020 1.000000
vt 0.061224 1.000000
vt 0.071429 1.000000
vt 0.081633 1.000000
vt 0.091837 1.000000
vt 0.102041 1.000000
vt 0.112245 1.000000
vt 0.122449 1.000000
vt 0.132653 1.000000
vt 0.142857 1.000000
vt 0.153061 1.000000
vt 0.163265 1.000000
vt 0.173469 1.000000
vt 0.183673 1.000000
vt 0.193878 1.000000
vt 0.204082 1.000000
vt 0.214286 1.000000
vt 0.224490 1.000000
vt 0.234694 1.000000
vt 0.244898 1.000000
vt 0.255102 1.000000
vt 0.265306 1.000000
vt 0.275510 1.000000
vt 0.285714 1.000000
vt 0.295918 1.000000
vt 0.306122 1.000000
vt 0.316327 1.000000
vt 0.326531 1.000000
vt 0.336735 1.000000
vt 0.346939 1.000000
vt 0.357143 1.000000
vt 0.367347 1.000000
vt 0.377551 1.000000
vt 0.387755 1.000000
vt 0.397959 1.000000
vt 0.408163 1.000000
vt 0.418367 1.000000
vt 0.428571 1.000000
vt 0.438776 1.000000
vt 0.448980 1.000000
vt 0.459184 1.000000
vt 0.469388 1.000000
vt 0.479592 1.000000
vt 0.489796 1.000000
vt 0.500000 1.000000
vt 0.510204 1.000000
vt 0.520408 1.000000
vt 0.530612 1.000000
vt 0.540816 1.000000
vt 0.551020 1.000000
vt 0.561224 1.000000
vt 0.571429 1.000000
vt 0.581633 1.000000
vt 0.591837 1.000000
vt 0.602041 1.000000
vt 0.612245 1.000000
vt 0.622449 1.000000
vt 0.632653 1.000000
vt 0.642857 1.000000
vt 0.653061 1.000000
vt 0.663265 1.000000
vt 0.673469 1.000000
vt 0.683673 1.000000
vt 0.693878 1.000000
vt 0.704082 1.000000
vt 0.714286 1.000000
vt 0.724490 1.000000
vt 0.734694 1.000000
vt 0.744898 1.000000
vt 0.755102 1.000000
vt 0.765306 1.000000
vt 0.775510 1.000000
vt 0.785714 1.000000
vt 0.795918 1.000000
vt 0.806122 1.000000
vt 0.816327 1.000000
vt 0.826531 1.000000
vt 0.836735 1.000000
vt 0.846939 1.000000
vt 0.857143 1.000000
vt 0.867347 1.000000
vt 0.877551 1.000000
vt 0.887755 1.000000
vt 0.897959 1.000000
vt 0.908163 1.000000
vt 0.918367 1.000000
vt 0.928571 1.000000
vt 0.938776 1.000000
vt 0.948980 1.000000
vt 0.959184 1.000000
vt 0.969388 1.000000
vt 0.979592 1.000000
vt 0.989796 1.000000
vt 1.000000 1.000000
vt 0.018182 1.000000
vt 0.018182 0.000000
vt 0.036364 1.000000
vt 0.036364 0.000000
vt 0.054545 1.000000
vt 0.054545 0.000000
vt 0.072727 1.000000
vt 0.072727 0.000000
vt 0.090909 1.000000
vt 0.109091 1.000000
vt 0.109091 0.000000
vt 0.127273 1.000000
vt 0.127273 0.000000
vt 0.145455 1.000000
vt 0.145455 0.000000
vt 0.163636 1.000000
vt 0.163636 0.000000
vt 0.181818 1.000000
vt 0.200000 1.000000
vt 0.200000 0.000000
vt 0.218182 1.000000
vt 0.218182 0.000000
vt 0.236364 1.000000
vt 0.236364 0.000000
vt 0.254545 1.000000
vt 0.254545 0.000000
vt 0.272727 1.000000
vt 0.290909 1.000000
vt 0.290909 0.000000
vt 0.309091 1.000000
vt 0.309091 0.000000
vt 0.327273 1.000000
vt 0.327273 0.000000
vt 0.345455 1.000000
vt 0.345455 0.000000
vt 0.363636 1.000000
vt 0.381818 1.000000
vt 0.381818 0.000000
vt 0.400000 1.000000
vt 0.400000 0.000000
vt 0.418182 1.000000
vt 0.418182 0.000000
vt 0.436364 1.000000
vt 0.436364 0.000000
vt 0.454545 1.000000
vt 0.472727 1.000000
vt 0.472727 0.000000
vt 0.490909 1.000000
vt 0.490909 0.000000
vt 0.509091 1.000000
vt 0.509091 0.000000
vt 0.527273 1.000000
vt 0.527273 0.000000
vt 0.545455 1.000000
vt 0.563636 1.000000
vt 0.563636 0.000000
vt 0.581818 1.000000
vt 0.581818 0.000000
vt 0.600000 1.000000
vt 0.600000 0.000000
vt 0.618182 1.000000
vt 0.618182 0.000000
vt 0.636364 1.000000
vt 0.654545 1.000000
vt 0.654545 0.000000
vt 0.672727 1.000000
vt 0.672727 0.000000
vt 0.690909 1.000000
vt 0.690909 0.000000
vt 0.709091 1.000000
vt 0.709091 0.000000
vt 0.727273 1.000000
vt 0.745455 1.000000
vt 0.745455 0.000000
vt 0.763636 1.000000
vt 0.763636 0.000000
vt 0.781818 1.000000
vt 0.781818 0.000000
vt 0.800000 1.000000
vt 0.800000 0.000000
vt 0.818182 1.000000
vt 0.836364 1.000000
vt 0.836364 0.000000
vt 0.854545 1.000000
vt 0.854545 0.000000
vt 0.872727 1.000000
vt 0.872727 0.000000
vt 0.890909 1.000000
vt 0.890909 0.000000
vt 0.909091 1.000000
vt 0.927273 1.000000
vt 0.927273 0.000000
vt 0.945455 1.000000
vt 0.945455 0.000000
vt 0.963636 1.000000
vt 0.963636 0.000000
vt 0.981818 1.000000
vt 0.981818 0.000000
vt 0.013514 1.000000
vt 0.013514 0.000000
vt 0.027027 1.000000
vt 0.027027 0.000000
vt 0.040541 1.000000
vt 0.040541 0.000000
vt 0.054054 1.000000
vt 0.054054 0.000000
vt 0.067568 1.000000
vt 0.067568 0.000000
vt 0.081081 1.000000
vt 0.081081 0.000000
vt 0.094595 1.000000
vt 0.094595 0.000000
vt 0.108108 1.000000
vt 0.108108 0.000000
vt 0.121622 1.000000
vt 0.121622 0.000000
vt 0.135135 1.000000
vt 0.135135 0.000000
vt 0.148649 1.000000
vt 0.148649 0.000000
vt 0.162162 1.000000
vt 0.162162 0.000000
vt 0.175676 1.000000
vt 0.175676 0.000000
vt 0.189189 1.000000
vt 0.189189 0.000000
vt 0.202703 1.000000
vt 0.202703 0.000000
vt 0.216216 1.000000
vt 0.216216 0.000000
vt 0.229730 1.000000
vt 0.229730 0.000000
vt 0.243243 1.000000
vt 0.243243 0.000000
vt 0.256757 1.000000
vt 0.256757 0.000000
vt 0.270270 1.000000
vt 0.270270 0.000000
vt 0.283784 1.000000
vt 0.283784 0.000000
vt 0.297297 1.000000
vt 0.297297 0.000000
vt 0.310811 1.000000
vt 0.310811 0.000000
vt 0.324324 1.000000
vt 0.324324 0.000000
vt 0.337838 1.000000
vt 0.337838 0.000000
vt 0.351351 1.000000
vt 0.351351 0.000000
vt 0.364865 1.000000
vt 0.364865 0.000000
vt 0.378378 1.000000
vt 0.378378 0.000000
vt 0.391892 1.000000
vt 0.391892 0.000000
vt 0.405405 1.000000
vt 0.405405 0.000000
vt 0.418919 1.000000
vt 0.418919 0.000000
vt 0.432432 1.000000
vt 0.432432 0.000000
vt 0.445946 1.000000
vt 0.445946 0.000000
vt 0.459459 1.000000
vt 0.459459 0.000000
vt 0.472973 1.000000
vt 0.472973 0.000000
vt 0.486486 1.000000
vt 0.486486 0.000000
vt 0.513514 1.000000
vt 0.513514 0.000000
vt 0.527027 1.000000
vt 0.527027 0.000000
vt 0.540541 1.000000
vt 0.540541 0.000000
vt 0.554054 1.000000
vt 0.554054 0.000000
vt 0.567568 1.000000
vt 0.567568 0.000000
vt 0.581081 1.000000
vt 0.581081 0.000000
vt 0.594595 1.000000
vt 0.594595 0.000000
vt 0.608108 1.000000
vt 0.608108 0.000000
vt 0.621622 1.000000
vt 0.621622 0.000000
vt 0.635135 1.000000
vt 0.635135 0.000000
vt 0.648649 1.000000
vt 0.648649 0.000000
vt 0.662162 1.000000
vt 0.662162 0.000000
vt 0.675676 1.000000
vt 0.675676 0.000000
vt 0.689189 1.000000
vt 0.689189 0.000000
vt 0.702703 1.000000
vt 0.702703 0.000000
vt 0.716216 1.000000
vt 0.716216 0.000000
vt 0.729730 1.000000
vt 0.729730 0.000000
vt 0.743243 1.000000
vt 0.743243 0.000000
vt 0.756757 1.000000
vt 0.756757 0.000000
vt 0.770270 1.000000
vt 0.770270 0.000000
vt 0.783784 1.000000
vt 0.783784 0.000000
vt 0.797297 1.000000
vt 0.797297 0.000000
vt 0.810811 1.000000
vt 0.810811 0.000000
vt 0.824324 1.000000
vt 0.824324 0.000000
vt 0.837838 1.000000
vt 0.837838 0.000000
vt 0.851351 1.000000
vt 0.851351 0.000000
vt 0.864865 1.000000
vt 0.864865 0.000000
vt 0.878378 1.000000
vt 0.878378 0.000000
vt 0.891892 1.000000
vt 0.891892 0.000000
vt 0.905405 1.000000
vt 0.905405 0.000000
vt 0.918919 1.000000
vt 0.918919 0.000000
vt 0.932432 1.000000
vt 0.932432 0.000000
vt 0.945946 1.000000
vt 0.945946 0.000000
vt 0.959459 1.000000
vt 0.959459 0.000000
vt 0.972973 1.000000
vt 0.972973 0.000000
vt 0.986486 1.000000
vt 0.986486 0.000000
vt 0.040000 1.000000
vt 0.040000 0.000000
vt 0.080000 1.000000
vt 0.080000 0.000000
vt 0.120000 1.000000
vt 0.120000 0.000000
vt 0.160000 1.000000
vt 0.160000 0.000000
vt 0.240000 1.000000
vt 0.240000 0.000000
vt 0.280000 1.000000
vt 0.280000 0.000000
vt 0.320000 1.000000
vt 0.320000 0.000000
vt 0.360000 1.000000
vt 0.360000 0.000000
vt 0.440000 1.000000
vt 0.440000 0.000000
vt 0.480000 1.000000
vt 0.480000 0.000000
vt 0.520000 1.000000
vt 0.520000 0.000000
vt 0.560000 1.000000
vt 0.560000 0.000000
vt 0.640000 1.000000
vt 0.640000 0.000000
vt 0.680000 1.000000
vt 0.680000 0.000000
vt 0.720000 1.000000
vt 0.720000 0.000000
vt 0.760000 1.000000
vt 0.760000 0.000000
vt 0.840000 1.000000
vt 0.840000 0.000000
vt 0.880000 1.000000
vt 0.880000 0.000000
vt 0.920000 1.000000
vt 0.920000 0.000000
vt 0.960000 1.000000
vt 0.960000 0.000000
vt 0.025000 1.000000
vt 0.025000 0.000000
vt 0.050000 1.000000
vt 0.050000 0.000000
vt 0.075000 1.000000
vt 0.075000 0.000000
vt 0.100000 1.000000
vt 0.100000 0.000000
vt 0.125000 1.000000
vt 0.125000 0.000000
vt 0.150000 1.000000
vt 0.150000 0.000000
vt 0.175000 1.000000
vt 0.175000 0.000000
vt 0.225000 1.000000
vt 0.225000 0.000000
vt 0.250000 1.000000
vt 0.250000 0.000000
vt 0.275000 1.000000
vt 0.275000 0.000000
vt 0.300000 1.000000
vt 0.300000 0.000000
vt 0.325000 1.000000
vt 0.325000 0.000000
vt 0.350000 1.000000
vt 0.350000 0.000000
vt 0.375000 1.000000
vt 0.375000 0.000000
vt 0.425000 1.000000
vt 0.425000 0.000000
vt 0.450000 1.000000
vt 0.450000 0.000000
vt 0.475000 1.000000
vt 0.475000 0.000000
vt 0.525000 1.000000
vt 0.525000 0.000000
vt 0.550000 1.000000
vt 0.550000 0.000000
vt 0.575000 1.000000
vt 0.575000 0.000000
vt 0.625000 1.000000
vt 0.625000 0.000000
vt 0.650000 1.000000
vt 0.650000 0.000000
vt 0.675000 1.000000
vt 0.675000 0.000000
vt 0.700000 1.000000
vt 0.700000 0.000000
vt 0.725000 1.000000
vt 0.725000 0.000000
vt 0.750000 1.000000
vt 0.750000 0.000000
vt 0.775000 1.000000
vt 0.775000 0.000000
vt 0.825000 1.000000
vt 0.825000 0.000000
vt 0.850000 1.000000
vt 0.850000 0.000000
vt 0.875000 1.000000
vt 0.875000 0.000000
vt 0.900000 1.000000
vt 0.900000 0.000000
vt 0.925000 1.000000
vt 0.925000 0.000000
vt 0.950000 1.000000
vt 0.950000 0.000000
vt 0.975000 1.000000
vt 0.975000 0.000000
vt 0.026316 1.000000
vt 0.026316 0.000000
vt 0.052632 1.000000
vt 0.078947 1.000000
vt 0.078947 0.000000
vt 0.105263 1.000000
vt 0.131579 1.000000
vt 0.131579 0.000000
vt 0.157895 1.000000
vt 0.184211 1.000000
vt 0.184211 0.000000
vt 0.210526 1.000000
vt 0.236842 1.000000
vt 0.236842 0.000000
vt 0.263158 1.000000
vt 0.289474 1.000000
vt 0.289474 0.000000
vt 0.315789 1.000000
vt 0.342105 1.000000
vt 0.342105 0.000000
vt 0.368421 1.000000
vt 0.394737 1.000000
vt 0.394737 0.000000
vt 0.421053 1.000000
vt 0.447368 1.000000
vt 0.447368 0.000000
vt 0.473684 1.000000
vt 0.526316 1.000000
vt 0.552632 1.000000
vt 0.552632 0.000000
vt 0.578947 1.000000
vt 0.605263 1.000000
vt 0.605263 0.000000
vt 0.631579 1.000000
vt 0.657895 1.000000
vt 0.657895 0.000000
vt 0.684211 1.000000
vt 0.710526 1.000000
vt 0.710526 0.000000
vt 0.736842 1.000000
vt 0.763158 1.000000
vt 0.763158 0.000000
vt 0.789474 1.000000
vt 0.815789 1.000000
vt 0.815789 0.000000
vt 0.842105 1.000000
vt 0.868421 1.000000
vt 0.868421 0.000000
vt 0.894737 1.000000
vt 0.921053 1.000000
vt 0.921053 0.000000
vt 0.947368 1.000000
vt 0.973684 1.000000
vt 0.973684 0.000000
vt 0.020833 1.000000
vt 0.020833 0.000000
vt 0.041667 1.000000
vt 0.041667 0.000000
vt 0.062500 1.000000
vt 0.062500 0.000000
vt 0.083333 1.000000
vt 0.083333 0.000000
vt 0.104167 1.000000
vt 0.104167 0.000000
vt 0.145833 1.000000
vt 0.145833 0.000000
vt 0.166667 1.000000
vt 0.187500 1.000000
vt 0.187500 0.000000
vt 0.208333 1.000000
vt 0.208333 0.000000
vt 0.229167 1.000000
vt 0.229167 0.000000
vt 0.270833 1.000000
vt 0.270833 0.000000
vt 0.291667 1.000000
vt 0.291667 0.000000
vt 0.312500 1.000000
vt 0.312500 0.000000
vt 0.333333 1.000000
vt 0.354167 1.000000
vt 0.354167 0.000000
vt 0.395833 1.000000
vt 0.395833 0.000000
vt 0.416667 1.000000
vt 0.416667 0.000000
vt 0.437500 1.000000
vt 0.437500 0.000000
vt 0.458333 1.000000
vt 0.458333 0.000000
vt 0.479167 1.000000
vt 0.479167 0.000000
vt 0.520833 1.000000
vt 0.520833 0.000000
vt 0.541667 1.000000
vt 0.541667 0.000000
vt 0.562500 1.000000
vt 0.562500 0.000000
vt 0.583333 1.000000
vt 0.583333 0.000000
vt 0.604167 1.000000
vt 0.604167 0.000000
vt 0.645833 1.000000
vt 0.645833 0.000000
vt 0.666667 1.000000
vt 0.687500 1.000000
vt 0.687500 0.000000
vt 0.708333 1.000000
vt 0.708333 0.000000
vt 0.729167 1.000000
vt 0.729167 0.000000
vt 0.770833 1.000000
vt 0.770833 0.000000
vt 0.791667 1.000000
vt 0.791667 0.000000
vt 0.812500 1.000000
vt 0.812500 0.000000
vt 0.833333 1.000000
vt 0.854167 1.000000
vt 0.854167 0.000000
vt 0.895833 1.000000
vt 0.895833 0.000000
vt 0.916667 1.000000
vt 0.916667 0.000000
vt 0.937500 1.000000
vt 0.937500 0.000000
vt 0.958333 1.000000
vt 0.958333 0.000000
vt 0.979167 1.000000
vt 0.979167 0.000000
vt 0.017241 1.000000
vt 0.017241 0.000000
vt 0.034483 1.000000
vt 0.034483 0.000000
vt 0.051724 1.000000
vt 0.051724 0.000000
vt 0.068966 1.000000
vt 0.068966 0.000000
vt 0.086207 1.000000
vt 0.086207 0.000000
vt 0.103448 1.000000
vt 0.103448 0.000000
vt 0.120690 1.000000
vt 0.120690 0.000000
vt 0.137931 1.000000
vt 0.137931 0.000000
vt 0.155172 1.000000
vt 0.155172 0.000000
vt 0.172414 1.000000
vt 0.172414 0.000000
vt 0.189655 1.000000
vt 0.189655 0.000000
vt 0.206897 1.000000
vt 0.206897 0.000000
vt 0.224138 1.000000
vt 0.224138 0.000000
vt 0.241379 1.000000
vt 0.241379 0.000000
vt 0.258621 1.000000
vt 0.258621 0.000000
vt 0.275862 1.000000
vt 0.275862 0.000000
vt 0.293103 1.000000
vt 0.293103 0.000000
vt 0.310345 1.000000
vt 0.310345 0.000000
vt 0.327586 1.000000
vt 0.327586 0.000000
vt 0.344828 1.000000
vt 0.344828 0.000000
vt 0.362069 1.000000
vt 0.362069 0.000000
vt 0.379310 1.000000
vt 0.379310 0.000000
vt 0.396552 1.000000
vt 0.396552 0.000000
vt 0.413793 1.000000
vt 0.413793 0.000000
vt 0.431034 1.000000
vt 0.431034 0.000000
vt 0.448276 1.000000
vt 0.448276 0.000000
vt 0.465517 1.000000
vt 0.465517 0.000000
vt 0.482759 1.000000
vt 0.482759 0.000000
vt 0.517241 1.000000
vt 0.517241 0.000000
vt 0.534483 1.000000
vt 0.534483 0.000000
vt 0.551724 1.000000
vt 0.551724 0.000000
vt 0.568965 1.000000
vt 0.568965 0.000000
vt 0.586207 1.000000
vt 0.586207 0.000000
vt 0.603448 1.000000
vt 0.603448 0.000000
vt 0.620690 1.000000
vt 0.620690 0.000000
vt 0.637931 1.000000
vt 0.637931 0.000000
vt 0.655172 1.000000
vt 0.655172 0.000000
vt 0.672414 1.000000
vt 0.672414 0.000000
vt 0.689655 1.000000
vt 0.689655 0.000000
vt 0.706897 1.000000
vt 0.706897 0.000000
vt 0.724138 1.000000
vt 0.724138 0.000000
vt 0.741379 1.000000
vt 0.741379 0.000000
vt 0.758621 1.000000
vt 0.758621 0.000000
vt 0.775862 1.000000
vt 0.775862 0.000000
vt 0.793103 1.000000
vt 0.793103 0.000000
vt 0.810345 1.000000
vt 0.810345 0.000000
vt 0.827586 1.000000
vt 0.827586 0.000000
vt 0.844828 1.000000
vt 0.844828 0.000000
vt 0.862069 1.000000
vt 0.862069 0.000000
vt 0.879310 1.000000
vt 0.879310 0.000000
vt 0.896552 1.000000
vt 0.896552 0.000000
vt 0.913793 1.000000
vt 0.913793 0.000000
vt 0.931035 1.000000
vt 0.931035 0.000000
vt 0.948276 1.000000
vt 0.948276 0.000000
vt 0.965517 1.000000
vt 0.965517 0.000000
vt 0.982759 1.000000
vt 0.982759 0.000000
s 1
usemtl Material.003
f 60/5/2 62/6/3 61/7/3
f 60/5/2 5/8/3 62/6/3
f 60/5/2 6/9/4 5/8/3
f 59/10/5 6/9/4 60/5/2
f 58/11/3 6/9/4 59/10/5
f 57/12/3 7/13/3 58/11/3
f 7/13/3 6/9/4 58/11/3
f 57/12/3 8/14/3 7/13/3
f 57/12/3 9/15/5 8/14/3
f 56/16/3 9/15/5 57/12/3
f 56/16/3 10/17/6 9/15/5
f 56/16/3 11/18/7 10/17/6
f 55/19/2 11/18/7 56/16/3
f 55/19/2 12/20/8 11/18/7
f 31/21/4 33/22/6 32/23/3
f 30/24/2 33/22/6 31/21/4
f 55/19/2 13/25/9 12/20/8
f 29/26/3 33/22/6 30/24/2
f 54/27/3 13/25/9 55/19/2
f 54/27/3 14/28/5 13/25/9
f 28/29/3 33/22/6 29/26/3
f 27/30/2 33/22/6 28/29/3
f 54/27/3 15/31/3 14/28/5
f 26/32/10 33/22/6 27/30/2
f 54/27/3 16/33/9 15/31/3
f 25/34/3 33/22/6 26/32/10
f 54/27/3 17/35/11 16/33/9
f 24/36/12 33/22/6 25/34/3
f 53/37/3 17/35/11 54/27/3
f 23/38/13 33/22/6 24/36/12
f 53/37/3 18/39/3 17/35/11
f 22/40/14 33/22/6 23/38/13
f 53/37/3 19/41/9 18/39/3
f 21/42/15 33/22/6 22/40/14
f 53/37/3 20/43/6 19/41/9
f 20/43/6 33/22/6 21/42/15
f 53/37/3 33/22/6 20/43/6
f 52/44/3 33/22/6 53/37/3
f 51/45/16 33/22/6 52/44/3
f 50/46/3 33/22/6 51/45/16
f 50/46/3 34/47/17 33/22/6
f 49/48/2 34/47/17 50/46/3
f 49/48/2 35/49/15 34/47/17
f 49/48/2 36/50/11 35/49/15
f 48/51/2 36/50/11 49/48/2
f 48/51/2 37/52/5 36/50/11
f 48/51/2 38/53/3 37/52/5
f 48/51/2 39/54/3 38/53/3
f 47/55/18 39/54/3 48/51/2
f 47/55/18 40/56/16 39/54/3
f 47/55/18 41/57/5 40/56/16
f 46/58/2 41/57/5 47/55/18
f 46/58/2 42/59/16 41/57/5
f 46/58/2 43/60/2 42/59/16
f 45/61/16 43/60/2 46/58/2
f 45/61/16 44/62/3 43/60/2
f 111/63/3 113/64/3 112/65/3
f 111/63/3 114/6/3 113/64/3
f 85/66/3 87/67/3 86/68/3
f 85/66/3 88/69/19 87/67/3
f 84/70/3 88/69/19 85/66/3
f 84/70/3 89/71/2 88/69/19
f 83/72/20 89/71/2 84/70/3
f 83/72/20 90/73/18 89/71/2
f 82/74/21 90/73/18 83/72/20
f 82/74/21 91/75/22 90/73/18
f 81/76/14 91/75/22 82/74/21
f 81/76/14 92/77/5 91/75/22
f 80/36/11 92/77/5 81/76/14
f 80/36/11 93/78/5 92/77/5
f 79/79/23 93/78/5 80/36/11
f 79/79/23 94/80/11 93/78/5
f 78/81/12 94/80/11 79/79/23
f 78/81/12 95/82/9 94/80/11
f 77/83/3 95/82/9 78/81/12
f 77/83/3 96/84/2 95/82/9
f 76/85/24 96/84/2 77/83/3
f 76/85/24 97/60/21 96/84/2
f 75/86/3 97/60/21 76/85/24
f 75/86/3 98/87/2 97/60/21
f 74/88/6 98/87/2 75/86/3
f 73/89/9 98/87/2 74/88/6
f 73/89/9 99/90/21 98/87/2
f 73/89/9 100/91/16 99/90/21
f 72/92/14 100/91/16 73/89/9
f 72/92/14 101/93/2 100/91/16
f 71/94/15 101/93/2 72/92/14
f 71/94/15 102/95/3 101/93/2
f 70/96/15 102/95/3 71/94/15
f 70/96/15 103/97/6 102/95/3
f 69/98/3 103/97/6 70/96/15
f 69/98/3 104/99/19 103/97/6
f 68/100/15 104/99/19 69/98/3
f 68/100/15 105/101/19 104/99/19
f 67/102/25 105/101/19 68/100/15
f 67/102/25 106/103/26 105/101/19
f 66/104/11 106/103/26 67/102/25
f 66/104/11 107/105/18 106/103/26
f 65/106/5 107/105/18 66/104/11
f 65/106/5 108/107/3 107/105/18
f 64/108/27 108/107/3 65/106/5
f 64/108/27 109/109/2 108/107/3
f 63/8/2 109/109/2 64/108/27
f 63/8/2 110/110/3 109/109/2
f 151/111/3 153/112/3 152/113/3
f 151/111/3 154/114/3 153/112/3
f 138/115/2 140/116/3 139/117/28
f 138/115/2 141/118/3 140/116/3
f 138/115/2 142/119/3 141/118/3
f 138/115/2 143/120/3 142/119/3
f 138/115/2 144/121/3 143/120/3
f 137/122/5 144/121/3 138/115/2
f 137/122/5 145/123/3 144/121/3
f 137/122/5 146/124/3 145/123/3
f 137/122/5 147/125/3 146/124/3
f 136/126/3 147/125/3 137/122/5
f 136/126/3 148/127/22 147/125/3
f 136/126/3 149/128/2 148/127/22
f 136/126/3 150/129/18 149/128/2
f 136/126/3 151/111/3 150/129/18
f 135/130/3 151/111/3 136/126/3
f 135/130/3 157/131/4 151/111/3
f 157/131/4 156/132/10 151/111/3
f 156/132/10 155/133/6 151/111/3
f 155/133/6 192/6/3 151/111/3
f 192/6/3 154/114/3 151/111/3
f 134/134/16 160/135/12 135/130/3
f 160/135/12 159/136/3 135/130/3
f 159/136/3 158/137/3 135/130/3
f 158/137/3 157/131/4 135/130/3
f 133/138/16 163/139/3 134/134/16
f 163/139/3 162/140/6 134/134/16
f 162/140/6 161/141/3 134/134/16
f 161/141/3 160/135/12 134/134/16
f 132/142/3 166/143/3 133/138/16
f 166/143/3 165/144/3 133/138/16
f 165/144/3 164/145/3 133/138/16
f 164/145/3 163/139/3 133/138/16
f 132/142/3 167/146/3 166/143/3
f 132/142/3 168/147/6 167/146/3
f 131/148/16 168/147/6 132/142/3
f 131/148/16 169/149/29 168/147/6
f 131/148/16 170/150/14 169/149/29
f 191/151/3 154/114/3 192/6/3
f 131/148/16 171/152/18 170/150/14
f 130/153/16 171/152/18 131/148/16
f 130/153/16 172/154/6 171/152/18
f 130/153/16 173/155/2 172/154/6
f 129/156/2 173/155/2 130/153/16
f 129/156/2 174/157/3 173/155/2
f 129/156/2 175/158/16 174/157/3
f 128/159/3 175/158/16 129/156/2
f 128/159/3 176/160/3 175/158/16
f 127/161/3 176/160/3 128/159/3
f 127/161/3 177/162/3 176/160/3
f 127/161/3 178/163/2 177/162/3
f 126/164/3 178/163/2 127/161/3
f 126/164/3 179/165/2 178/163/2
f 126/164/3 180/166/3 179/165/2
f 125/167/3 180/166/3 126/164/3
f 125/167/3 181/168/2 180/166/3
f 124/169/3 181/168/2 125/167/3
f 124/169/3 182/170/2 181/168/2
f 124/169/3 183/171/2 182/170/2
f 123/172/3 183/171/2 124/169/3
f 123/172/3 184/173/6 183/171/2
f 123/172/3 185/174/21 184/173/6
f 122/175/3 185/174/21 123/172/3
f 122/175/3 186/176/6 185/174/21
f 122/175/3 187/177/2 186/176/6
f 122/175/3 188/178/2 187/177/2
f 121/179/3 188/178/2 122/175/3
f 121/179/3 189/180/16 188/178/2
f 121/179/3 190/181/3 189/180/16
f 121/179/3 191/151/3 190/181/3
f 121/179/3 154/114/3 191/151/3
f 120/182/2 154/114/3 121/179/3
f 119/183/16 154/114/3 120/182/2
f 118/184/10 154/114/3 119/183/16
f 117/185/26 154/114/3 118/184/10
f 116/186/11 154/114/3 117/185/26
f 115/8/3 154/114/3 116/186/11
f 227/187/30 229/188/14 228/189/3
f 227/187/30 230/190/9 229/188/14
f 226/191/3 230/190/9 227/187/30
f 226/191/3 231/192/2 230/190/9
f 225/193/16 231/192/2 226/191/3
f 225/193/16 232/194/16 231/192/2
f 224/195/2 232/194/16 225/193/16
f 224/195/2 233/196/16 232/194/16
f 223/197/2 233/196/16 224/195/2
f 223/197/2 234/198/6 233/196/16
f 222/199/2 234/198/6 223/197/2
f 222/199/2 235/127/3 234/198/6
f 221/122/3 278/200/31 222/199/2
f 278/200/31 235/127/3 222/199/2
f 221/122/3 279/201/16 278/200/31
f 277/168/3 235/127/3 278/200/31
f 221/122/3 280/202/7 279/201/16
f 276/203/16 235/127/3 277/168/3
f 221/122/3 281/204/5 280/202/7
f 275/205/19 235/127/3 276/203/16
f 275/205/19 236/206/3 235/127/3
f 221/122/3 282/207/2 281/204/5
f 220/208/3 282/207/2 221/122/3
f 274/209/25 236/206/3 275/205/19
f 220/208/3 283/210/32 282/207/2
f 273/211/33 236/206/3 274/209/25
f 220/208/3 284/212/2 283/210/32
f 272/213/16 236/206/3 273/211/33
f 220/208/3 285/214/5 284/212/2
f 271/215/3 236/206/3 272/213/16
f 219/216/3 285/214/5 220/208/3
f 271/215/3 237/217/3 236/206/3
f 219/216/3 286/218/5 285/214/5
f 270/219/16 237/217/3 271/215/3
f 219/216/3 287/220/16 286/218/5
f 269/221/3 237/217/3 270/219/16
f 218/222/2 287/220/16 219/216/3
f 269/221/3 238/223/3 237/217/3
f 218/222/2 288/224/3 287/220/16
f 268/225/2 238/223/3 269/221/3
f 218/222/2 289/226/3 288/224/3
f 267/227/3 238/223/3 268/225/2
f 217/228/2 289/226/3 218/222/2
f 217/228/2 290/229/16 289/226/3
f 267/227/3 239/230/3 238/223/3
f 291/6/3 239/230/3 267/227/3
f 217/228/2 291/6/3 290/229/16
f 217/228/2 239/230/3 291/6/3
f 216/231/3 239/230/3 217/228/2
f 216/231/3 240/232/6 239/230/3
f 215/233/3 241/234/21 216/231/3
f 241/234/21 240/232/6 216/231/3
f 215/233/3 242/235/2 241/234/21
f 214/236/3 242/235/2 215/233/3
f 214/236/3 243/237/3 242/235/2
f 214/236/3 244/238/3 243/237/3
f 213/239/3 244/238/3 214/236/3
f 213/239/3 245/240/16 244/238/3
f 212/241/3 245/240/16 213/239/3
f 212/241/3 246/242/2 245/240/16
f 264/243/21 266/244/3 265/245/3
f 212/241/3 247/246/18 246/242/2
f 263/150/3 266/244/3 264/243/21
f 262/247/3 266/244/3 263/150/3
f 211/248/6 247/246/18 212/241/3
f 211/248/6 248/249/16 247/246/18
f 261/250/2 266/244/3 262/247/3
f 260/251/6 266/244/3 261/250/2
f 211/248/6 249/136/13 248/249/16
f 259/252/8 266/244/3 260/251/6
f 211/248/6 250/253/2 249/136/13
f 258/254/2 266/244/3 259/252/8
f 210/255/6 250/253/2 211/248/6
f 257/256/3 266/244/3 258/254/2
f 210/255/6 251/257/15 250/253/2
f 256/258/14 266/244/3 257/256/3
f 210/255/6 252/259/2 251/257/15
f 255/260/13 266/244/3 256/258/14
f 254/261/14 266/244/3 255/260/13
f 210/255/6 253/262/3 252/259/2
f 253/262/3 266/244/3 254/261/14
f 210/255/6 266/244/3 253/262/3
f 209/263/3 266/244/3 210/255/6
f 209/263/3 193/8/2 266/244/3
f 208/264/16 193/8/2 209/263/3
f 208/264/16 194/265/19 193/8/2
f 208/264/16 195/266/8 194/265/19
f 207/164/16 195/266/8 208/264/16
f 207/164/16 196/267/16 195/266/8
f 207/164/16 197/268/3 196/267/16
f 206/269/2 197/268/3 207/164/16
f 206/269/2 198/270/15 197/268/3
f 206/269/2 199/271/5 198/270/15
f 205/272/3 199/271/5 206/269/2
f 205/272/3 200/273/34 199/271/5
f 205/272/3 201/274/16 200/273/34
f 205/272/3 202/275/14 201/274/16
f 204/276/3 202/275/14 205/272/3
f 204/276/3 203/277/3 202/275/14
f 304/278/3 306/279/3 305/280/35
f 304/278/3 307/281/3 306/279/3
f 303/282/3 307/281/3 304/278/3
f 303/282/3 308/283/8 307/281/3
f 302/284/7 308/283/8 303/282/3
f 302/284/7 309/285/2 308/283/8
f 302/284/7 310/36/16 309/285/2
f 301/286/11 310/36/16 302/284/7
f 301/286/11 311/287/9 310/36/16
f 344/288/3 346/6/3 345/289/3
f 344/288/3 292/8/36 346/6/3
f 300/290/2 311/287/9 301/286/11
f 300/290/2 312/291/2 311/287/9
f 300/290/2 313/292/14 312/291/2
f 299/293/3 313/292/14 300/290/2
f 299/293/3 314/294/5 313/292/14
f 298/295/3 314/294/5 299/293/3
f 298/295/3 315/296/37 314/294/5
f 298/295/3 316/297/8 315/296/37
f 297/298/14 316/297/8 298/295/3
f 297/298/14 317/299/3 316/297/8
f 296/300/24 317/299/3 297/298/14
f 296/300/24 327/301/3 317/299/3
f 327/301/3 326/302/7 317/299/3
f 326/302/7 325/303/38 317/299/3
f 325/303/38 324/304/5 317/299/3
f 324/304/5 323/305/12 317/299/3
f 323/305/12 322/306/24 317/299/3
f 322/306/24 321/307/6 317/299/3
f 321/307/6 320/308/10 317/299/3
f 320/308/10 319/235/3 317/299/3
f 319/235/3 318/309/39 317/299/3
f 295/310/2 329/311/40 296/300/24
f 329/311/40 328/60/3 296/300/24
f 328/60/3 327/301/3 296/300/24
f 294/312/3 331/313/16 295/310/2
f 331/313/16 330/314/3 295/310/2
f 330/314/3 329/311/40 295/310/2
f 294/312/3 332/315/10 331/313/16
f 294/312/3 333/316/2 332/315/10
f 293/317/41 333/316/2 294/312/3
f 293/317/41 334/318/8 333/316/2
f 293/317/41 335/319/2 334/318/8
f 344/288/3 293/317/41 292/8/36
f 344/288/3 339/320/3 293/317/41
f 339/320/3 338/321/13 293/317/41
f 338/321/13 337/322/10 293/317/41
f 337/322/10 336/323/24 293/317/41
f 336/323/24 335/319/2 293/317/41
f 344/288/3 340/324/3 339/320/3
f 344/288/3 341/325/6 340/324/3
f 344/288/3 342/326/21 341/325/6
f 344/288/3 343/327/3 342/326/21
f 430/328/2 432/329/2 431/330/42
f 430/328/2 433/331/4 432/329/2
f 430/328/2 434/332/6 433/331/4
f 429/333/13 434/332/6 430/328/2
f 429/333/13 435/334/18 434/332/6
f 429/333/13 436/335/43 435/334/18
f 429/333/13 437/336/9 436/335/43
f 428/337/2 437/336/9 429/333/13
f 428/337/2 438/338/43 437/336/9
f 428/337/2 439/339/13 438/338/43
f 428/337/2 440/340/2 439/339/13
f 427/341/3 440/340/2 428/337/2
f 427/341/3 441/342/14 440/340/2
f 427/341/3 442/343/9 441/342/14
f 427/341/3 443/344/3 442/343/9
f 426/345/2 443/344/3 427/341/3
f 426/345/2 356/346/3 443/344/3
f 356/346/3 355/347/14 443/344/3
f 355/347/14 354/348/2 443/344/3
f 354/348/2 353/349/8 443/344/3
f 353/349/8 352/350/3 443/344/3
f 352/350/3 351/351/3 443/344/3
f 351/351/3 350/352/3 443/344/3
f 350/352/3 349/353/3 443/344/3
f 349/353/3 348/354/3 443/344/3
f 348/354/3 347/8/3 443/344/3
f 347/8/3 444/6/6 443/344/3
f 425/355/3 358/356/33 426/345/2
f 358/356/33 357/357/3 426/345/2
f 357/357/3 356/346/3 426/345/2
f 425/355/3 359/358/3 358/356/33
f 425/355/3 360/359/9 359/358/3
f 425/355/3 361/360/3 360/359/9
f 424/361/3 361/360/3 425/355/3
f 424/361/3 362/362/3 361/360/3
f 424/361/3 363/363/3 362/362/3
f 423/364/2 363/363/3 424/361/3
f 423/364/2 364/365/3 363/363/3
f 423/364/2 365/366/3 364/365/3
f 422/367/3 365/366/3 423/364/2
f 422/367/3 366/368/3 365/366/3
f 421/369/3 366/368/3 422/367/3
f 421/369/3 367/370/3 366/368/3
f 421/369/3 368/371/3 367/370/3
f 420/372/3 368/371/3 421/369/3
f 420/372/3 369/373/2 368/371/3
f 419/374/3 369/373/2 420/372/3
f 419/374/3 370/375/3 369/373/2
f 419/374/3 371/376/3 370/375/3
f 418/377/3 371/376/3 419/374/3
f 418/377/3 372/378/3 371/376/3
f 417/379/3 372/378/3 418/377/3
f 417/379/3 373/380/3 372/378/3
f 416/381/3 373/380/3 417/379/3
f 416/381/3 374/382/3 373/380/3
f 415/383/3 374/382/3 416/381/3
f 415/383/3 375/384/3 374/382/3
f 414/385/3 375/384/3 415/383/3
f 414/385/3 376/386/3 375/384/3
f 393/387/3 395/388/3 394/389/21
f 414/385/3 377/390/3 376/386/3
f 392/391/6 395/388/3 393/387/3
f 413/392/3 377/390/3 414/385/3
f 391/393/2 395/388/3 392/391/6
f 413/392/3 378/394/3 377/390/3
f 390/395/3 395/388/3 391/393/2
f 389/396/3 395/388/3 390/395/3
f 413/392/3 379/397/3 378/394/3
f 388/398/3 395/388/3 389/396/3
f 412/399/3 379/397/3 413/392/3
f 387/400/3 395/388/3 388/398/3
f 412/399/3 380/401/2 379/397/3
f 386/402/3 395/388/3 387/400/3
f 385/403/30 395/388/3 386/402/3
f 412/399/3 381/404/3 380/401/2
f 384/405/2 395/388/3 385/403/30
f 383/406/2 395/388/3 384/405/2
f 412/399/3 382/407/3 381/404/3
f 382/407/3 395/388/3 383/406/2
f 412/399/3 395/388/3 382/407/3
f 411/408/3 395/388/3 412/399/3
f 411/408/3 396/409/2 395/388/3
f 410/410/3 396/409/2 411/408/3
f 410/410/3 397/411/14 396/409/2
f 410/410/3 398/412/13 397/411/14
f 410/410/3 399/413/9 398/412/13
f 409/414/3 399/413/9 410/410/3
f 409/414/3 400/415/10 399/413/9
f 409/414/3 401/416/2 400/415/10
f 409/414/3 402/417/12 401/416/2
f 408/418/9 402/417/12 409/414/3
f 408/418/9 403/419/18 402/417/12
f 408/418/9 404/420/31 403/419/18
f 408/418/9 405/421/3 404/420/31
f 407/422/2 405/421/3 408/418/9
f 407/422/2 406/423/21 405/421/3
f 500/5/44 501/7/44 502/6/44
f 500/5/44 502/6/44 445/8/44
f 500/5/44 445/8/44 446/9/44
f 499/10/45 500/5/45 446/9/45
f 498/11/3 499/10/3 446/9/46
f 497/12/44 498/11/44 447/13/44
f 447/13/6 498/11/3 446/9/46
f 497/12/44 447/13/44 448/14/47
f 497/12/44 448/14/47 449/15/44
f 496/16/48 497/12/44 449/15/44
f 496/16/48 449/15/44 450/17/49
f 496/16/48 450/17/49 451/18/50
f 495/19/44 496/16/48 451/18/50
f 495/19/44 451/18/50 452/20/51
f 471/21/44 472/23/52 473/22/44
f 470/24/53 471/21/44 473/22/44
f 495/19/44 452/20/51 453/25/54
f 469/26/44 470/24/53 473/22/44
f 494/27/47 495/19/44 453/25/54
f 494/27/47 453/25/54 454/28/44
f 468/29/55 469/26/44 473/22/44
f 467/30/56 468/29/55 473/22/44
f 494/27/47 454/28/44 455/31/57
f 466/32/47 467/30/56 473/22/44
f 494/27/47 455/31/57 456/33/58
f 465/34/47 466/32/47 473/22/44
f 494/27/47 456/33/58 457/35/44
f 464/36/53 465/34/47 473/22/44
f 493/37/47 494/27/47 457/35/44
f 463/38/59 464/36/53 473/22/44
f 493/37/47 457/35/44 458/39/44
f 462/40/60 463/38/59 473/22/44
f 493/37/47 458/39/44 459/41/44
f 461/42/61 462/40/60 473/22/44
f 493/37/47 459/41/44 460/43/47
f 460/43/47 461/42/61 473/22/44
f 493/37/47 460/43/47 473/22/44
f 492/44/47 493/37/47 473/22/44
f 491/45/48 492/44/47 473/22/44
f 490/46/48 491/45/48 473/22/44
f 490/46/48 473/22/44 474/47/44
f 489/48/47 490/46/48 474/47/44
f 489/48/47 474/47/44 475/49/62
f 489/48/47 475/49/62 476/50/44
f 488/51/44 489/48/47 476/50/44
f 488/51/44 476/50/44 477/52/63
f 488/51/44 477/52/63 478/53/59
f 488/51/44 478/53/59 479/54/44
f 487/55/64 488/51/44 479/54/44
f 487/55/64 479/54/44 480/56/44
f 487/55/64 480/56/44 481/57/44
f 486/58/65 487/55/64 481/57/44
f 486/58/65 481/57/44 482/59/47
f 486/58/65 482/59/47 483/60/44
f 485/61/44 486/58/65 483/60/44
f 485/61/44 483/60/44 484/62/44
f 551/63/44 552/65/44 553/64/44
f 551/63/44 553/64/44 554/6/44
f 525/66/47 526/68/44 527/67/64
f 525/66/47 527/67/64 528/69/48
f 524/70/59 525/66/47 528/69/48
f 524/70/59 528/69/48 529/71/44
f 523/72/66 524/70/59 529/71/44
f 523/72/66 529/71/44 530/73/67
f 522/74/68 523/72/66 530/73/67
f 522/74/68 530/73/67 531/75/69
f 521/76/64 522/74/68 531/75/69
f 521/76/64 531/75/69 532/77/53
f 520/36/62 521/76/64 532/77/53
f 520/36/62 532/77/53 533/78/64
f 519/79/62 520/36/62 533/78/64
f 519/79/62 533/78/64 534/80/70
f 518/81/71 519/79/62 534/80/70
f 518/81/71 534/80/70 535/82/64
f 517/83/58 518/81/71 535/82/64
f 517/83/58 535/82/64 536/84/51
f 516/85/70 517/83/58 536/84/51
f 516/85/70 536/84/51 537/60/55
f 515/86/44 516/85/70 537/60/55
f 515/86/44 537/60/55 538/87/55
f 514/88/44 515/86/44 538/87/55
f 513/89/70 514/88/44 538/87/55
f 513/89/70 538/87/55 539/90/55
f 513/89/70 539/90/55 540/91/48
f 512/92/72 513/89/70 540/91/48
f 512/92/72 540/91/48 541/93/73
f 511/94/50 512/92/72 541/93/73
f 511/94/50 541/93/73 542/95/44
f 510/96/44 511/94/50 542/95/44
f 510/96/44 542/95/44 543/97/51
f 509/98/72 510/96/44 543/97/51
f 509/98/72 543/97/51 544/99/74
f 508/100/47 509/98/72 544/99/74
f 508/100/47 544/99/74 545/101/49
f 507/102/45 508/100/47 545/101/49
f 507/102/45 545/101/49 546/103/64
f 506/104/47 507/102/45 546/103/64
f 506/104/47 546/103/64 547/105/44
f 505/106/48 506/104/47 547/105/44
f 505/106/48 547/105/44 548/107/44
f 504/108/51 505/106/48 548/107/44
f 504/108/51 548/107/44 549/109/64
f 503/8/47 504/108/51 549/109/64
f 503/8/47 549/109/64 550/110/44
f 591/111/44 592/113/44 593/112/44
f 591/111/44 593/112/44 594/114/44
f 578/115/75 579/117/44 580/116/44
f 578/115/75 580/116/44 581/118/64
f 578/115/75 581/118/64 582/119/51
f 578/115/75 582/119/51 583/120/47
f 578/115/75 583/120/47 584/121/47
f 577/122/64 578/115/75 584/121/47
f 577/122/64 584/121/47 585/123/47
f 577/122/64 585/123/47 586/124/44
f 577/122/64 586/124/44 587/125/59
f 576/126/44 577/122/64 587/125/59
f 576/126/44 587/125/59 588/127/76
f 576/126/44 588/127/76 589/128/77
f 576/126/44 589/128/77 590/129/78
f 576/126/44 590/129/78 591/111/44
f 575/130/44 576/126/44 591/111/44
f 575/130/44 591/111/44 597/131/79
f 597/131/79 591/111/44 596/132/47
f 596/132/47 591/111/44 595/133/74
f 595/133/74 591/111/44 632/6/74
f 632/6/74 591/111/44 594/114/44
f 574/134/47 575/130/44 600/135/44
f 600/135/44 575/130/44 599/136/44
f 599/136/44 575/130/44 598/137/44
f 598/137/44 575/130/44 597/131/79
f 573/138/47 574/134/47 603/139/44
f 603/139/44 574/134/47 602/140/44
f 602/140/44 574/134/47 601/141/44
f 601/141/44 574/134/47 600/135/44
f 572/142/47 573/138/47 606/143/64
f 606/143/64 573/138/47 605/144/47
f 605/144/47 573/138/47 604/145/44
f 604/145/44 573/138/47 603/139/44
f 572/142/47 606/143/64 607/146/44
f 572/142/47 607/146/44 608/147/80
f 571/148/47 572/142/47 608/147/80
f 571/148/47 608/147/80 609/149/59
f 571/148/47 609/149/59 610/150/62
f 631/151/44 632/6/74 594/114/44
f 571/148/47 610/150/62 611/152/48
f 570/153/47 571/148/47 611/152/48
f 570/153/47 611/152/48 612/154/48
f 570/153/47 612/154/48 613/155/81
f 569/156/47 570/153/47 613/155/81
f 569/156/47 613/155/81 614/157/47
f 569/156/47 614/157/47 615/158/44
f 568/159/44 569/156/47 615/158/44
f 568/159/44 615/158/44 616/160/44
f 567/161/44 568/159/44 616/160/44
f 567/161/44 616/160/44 617/162/44
f 567/161/44 617/162/44 618/163/47
f 566/164/44 567/161/44 618/163/47
f 566/164/44 618/163/47 619/165/44
f 566/164/44 619/165/44 620/166/44
f 565/167/44 566/164/44 620/166/44
f 565/167/44 620/166/44 621/168/44
f 564/169/44 565/167/44 621/168/44
f 564/169/44 621/168/44 622/170/44
f 564/169/44 622/170/44 623/171/44
f 563/172/44 564/169/44 623/171/44
f 563/172/44 623/171/44 624/173/44
f 563/172/44 624/173/44 625/174/44
f 562/175/44 563/172/44 625/174/44
f 562/175/44 625/174/44 626/176/48
f 562/175/44 626/176/48 627/177/45
f 562/175/44 627/177/45 628/178/44
f 561/179/47 562/175/44 628/178/44
f 561/179/47 628/178/44 629/180/64
f 561/179/47 629/180/64 630/181/48
f 561/179/47 630/181/48 631/151/44
f 561/179/47 631/151/44 594/114/44
f 560/182/44 561/179/47 594/114/44
f 559/183/49 560/182/44 594/114/44
f 558/184/45 559/183/49 594/114/44
f 557/185/72 558/184/45 594/114/44
f 556/186/73 557/185/72 594/114/44
f 555/8/82 556/186/73 594/114/44
f 667/187/64 668/189/44 669/188/59
f 667/187/64 669/188/59 670/190/47
f 666/191/44 667/187/64 670/190/47
f 666/191/44 670/190/47 671/192/47
f 665/193/44 666/191/44 671/192/47
f 665/193/44 671/192/47 672/194/44
f 664/195/44 665/193/44 672/194/44
f 664/195/44 672/194/44 673/196/47
f 663/197/55 664/195/44 673/196/47
f 663/197/55 673/196/47 674/198/44
f 662/199/44 663/197/55 674/198/44
f 662/199/44 674/198/44 675/127/47
f 661/122/44 662/199/44 718/200/77
f 718/200/77 662/199/44 675/127/47
f 661/122/44 718/200/77 719/201/44
f 717/168/44 718/200/77 675/127/47
f 661/122/44 719/201/44 720/202/48
f 716/203/59 717/168/44 675/127/47
f 661/122/44 720/202/48 721/204/62
f 715/205/65 716/203/59 675/127/47
f 715/205/65 675/127/47 676/206/44
f 661/122/44 721/204/62 722/207/53
f 660/208/47 661/122/44 722/207/53
f 714/209/77 715/205/65 676/206/44
f 660/208/47 722/207/53 723/210/44
f 713/211/49 714/209/77 676/206/44
f 660/208/47 723/210/44 724/212/51
f 712/213/73 713/211/49 676/206/44
f 660/208/47 724/212/51 725/214/44
f 711/215/83 712/213/73 676/206/44
f 659/216/44 660/208/47 725/214/44
f 711/215/83 676/206/44 677/217/44
f 659/216/44 725/214/44 726/218/64
f 710/219/47 711/215/83 677/217/44
f 659/216/44 726/218/64 727/220/44
f 709/221/48 710/219/47 677/217/44
f 658/222/44 659/216/44 727/220/44
f 709/221/48 677/217/44 678/223/44
f 658/222/44 727/220/44 728/224/47
f 708/225/55 709/221/48 678/223/44
f 658/222/44 728/224/47 729/226/44
f 707/227/47 708/225/55 678/223/44
f 657/228/44 658/222/44 729/226/44
f 657/228/44 729/226/44 730/229/51
f 707/227/47 678/223/44 679/230/44
f 731/6/44 707/227/47 679/230/44
f 657/228/44 730/229/51 731/6/44
f 657/228/44 731/6/44 679/230/44
f 656/231/44 657/228/44 679/230/44
f 656/231/44 679/230/44 680/232/44
f 655/233/44 656/231/44 681/234/44
f 681/234/44 656/231/44 680/232/44
f 655/233/44 681/234/44 682/235/44
f 654/236/44 655/233/44 682/235/44
f 654/236/44 682/235/44 683/237/47
f 654/236/44 683/237/47 684/238/48
f 653/239/44 654/236/44 684/238/48
f 653/239/44 684/238/48 685/240/44
f 652/241/44 653/239/44 685/240/44
f 652/241/44 685/240/44 686/242/48
f 704/243/44 705/245/68 706/244/44
f 652/241/44 686/242/48 687/246/44
f 703/150/55 704/243/44 706/244/44
f 702/247/44 703/150/55 706/244/44
f 651/248/47 652/241/44 687/246/44
f 651/248/47 687/246/44 688/249/44
f 701/250/47 702/247/44 706/244/44
f 700/251/51 701/250/47 706/244/44
f 651/248/47 688/249/44 689/136/59
f 699/252/55 700/251/51 706/244/44
f 651/248/47 689/136/59 690/253/51
f 698/254/48 699/252/55 706/244/44
f 650/255/47 651/248/47 690/253/51
f 697/256/59 698/254/48 706/244/44
f 650/255/47 690/253/51 691/257/51
f 696/258/44 697/256/59 706/244/44
f 650/255/47 691/257/51 692/259/84
f 695/260/47 696/258/44 706/244/44
f 694/261/85 695/260/47 706/244/44
f 650/255/47 692/259/84 693/262/44
f 693/262/44 694/261/85 706/244/44
f 650/255/47 693/262/44 706/244/44
f 649/263/44 650/255/47 706/244/44
f 649/263/44 706/244/44 633/8/64
f 648/264/82 649/263/44 633/8/64
f 648/264/82 633/8/64 634/265/47
f 648/264/82 634/265/47 635/266/48
f 647/164/47 648/264/82 635/266/48
f 647/164/47 635/266/48 636/267/49
f 647/164/47 636/267/49 637/268/56
f 646/269/51 647/164/47 637/268/56
f 646/269/51 637/268/56 638/270/59
f 646/269/51 638/270/59 639/271/56
f 645/272/62 646/269/51 639/271/56
f 645/272/62 639/271/56 640/273/44
f 645/272/62 640/273/44 641/274/86
f 645/272/62 641/274/86 642/275/48
f 644/276/87 645/272/62 642/275/48
f 644/276/87 642/275/48 643/277/86
f 744/278/44 745/280/47 746/279/44
f 744/278/44 746/279/44 747/281/48
f 743/282/70 744/278/44 747/281/48
f 743/282/70 747/281/48 748/283/88
f 742/284/56 743/282/70 748/283/88
f 742/284/56 748/283/88 749/285/48
f 742/284/56 749/285/48 750/36/44
f 741/286/48 742/284/56 750/36/44
f 741/286/48 750/36/44 751/287/54
f 784/288/44 785/289/44 786/6/44
f 784/288/44 786/6/44 732/8/87
f 740/290/59 741/286/48 751/287/54
f 740/290/59 751/287/54 752/291/77
f 740/290/59 752/291/77 753/292/49
f 739/293/44 740/290/59 753/292/49
f 739/293/44 753/292/49 754/294/53
f 738/295/47 739/293/44 754/294/53
f 738/295/47 754/294/53 755/296/48
f 738/295/47 755/296/48 756/297/51
f 737/298/47 738/295/47 756/297/51
f 737/298/47 756/297/51 757/299/44
f 736/300/47 737/298/47 757/299/44
f 736/300/47 757/299/44 767/301/44
f 767/301/44 757/299/44 766/302/80
f 766/302/80 757/299/44 765/303/89
f 765/303/89 757/299/44 764/304/64
f 764/304/64 757/299/44 763/305/55
f 763/305/55 757/299/44 762/306/44
f 762/306/44 757/299/44 761/307/47
f 761/307/47 757/299/44 760/308/53
f 760/308/53 757/299/44 759/235/47
f 759/235/47 757/299/44 758/309/47
f 735/310/44 736/300/47 769/311/45
f 769/311/45 736/300/47 768/60/44
f 768/60/44 736/300/47 767/301/44
f 734/312/44 735/310/44 771/313/59
f 771/313/59 735/310/44 770/314/44
f 770/314/44 735/310/44 769/311/45
f 734/312/44 771/313/59 772/315/70
f 734/312/44 772/315/70 773/316/47
f 733/317/87 734/312/44 773/316/47
f 733/317/87 773/316/47 774/318/55
f 733/317/87 774/318/55 775/319/82
f 784/288/44 732/8/87 733/317/87
f 784/288/44 733/317/87 779/320/44
f 779/320/44 733/317/87 778/321/74
f 778/321/74 733/317/87 777/322/53
f 777/322/53 733/317/87 776/323/47
f 776/323/47 733/317/87 775/319/82
f 784/288/44 779/320/44 780/324/68
f 784/288/44 780/324/68 781/325/45
f 784/288/44 781/325/45 782/326/74
f 784/288/44 782/326/74 783/327/44
f 870/328/47 871/330/44 872/329/49
f 870/328/47 872/329/49 873/331/90
f 870/328/47 873/331/90 874/332/71
f 869/333/51 870/328/47 874/332/71
f 869/333/51 874/332/71 875/334/44
f 869/333/51 875/334/44 876/335/70
f 869/333/51 876/335/70 877/336/68
f 868/337/47 869/333/51 877/336/68
f 868/337/47 877/336/68 878/338/58
f 868/337/47 878/338/58 879/339/86
f 868/337/47 879/339/86 880/340/51
f 867/341/44 868/337/47 880/340/51
f 867/341/44 880/340/51 881/342/48
f 867/341/44 881/342/48 882/343/58
f 867/341/44 882/343/58 883/344/47
f 866/345/44 867/341/44 883/344/47
f 866/345/44 883/344/47 796/346/44
f 796/346/44 883/344/47 795/347/44
f 795/347/44 883/344/47 794/348/68
f 794/348/68 883/344/47 793/349/55
f 793/349/55 883/344/47 792/350/47
f 792/350/47 883/344/47 791/351/48
f 791/351/48 883/344/47 790/352/47
f 790/352/47 883/344/47 789/353/44
f 789/353/44 883/344/47 788/354/44
f 788/354/44 883/344/47 787/8/44
f 787/8/44 883/344/47 884/6/44
f 865/355/44 866/345/44 798/356/44
f 798/356/44 866/345/44 797/357/44
f 797/357/44 866/345/44 796/346/44
f 865/355/44 798/356/44 799/358/47
f 865/355/44 799/358/47 800/359/44
f 865/355/44 800/359/44 801/360/51
f 864/361/44 865/355/44 801/360/51
f 864/361/44 801/360/51 802/362/44
f 864/361/44 802/362/44 803/363/44
f 863/364/44 864/361/44 803/363/44
f 863/364/44 803/363/44 804/365/47
f 863/364/44 804/365/47 805/366/44
f 862/367/47 863/364/44 805/366/44
f 862/367/47 805/366/44 806/368/44
f 861/369/44 862/367/47 806/368/44
f 861/369/44 806/368/44 807/370/44
f 861/369/44 807/370/44 808/371/44
f 860/372/44 861/369/44 808/371/44
f 860/372/44 808/371/44 809/373/44
f 859/374/44 860/372/44 809/373/44
f 859/374/44 809/373/44 810/375/44
f 859/374/44 810/375/44 811/376/44
f 858/377/44 859/374/44 811/376/44
f 858/377/44 811/376/44 812/378/44
f 857/379/44 858/377/44 812/378/44
f 857/379/44 812/378/44 813/380/47
f 856/381/44 857/379/44 813/380/47
f 856/381/44 813/380/47 814/382/44
f 855/383/44 856/381/44 814/382/44
f 855/383/44 814/382/44 815/384/44
f 854/385/44 855/383/44 815/384/44
f 854/385/44 815/384/44 816/386/44
f 833/387/55 834/389/55 835/388/44
f 854/385/44 816/386/44 817/390/44
f 832/391/44 833/387/55 835/388/44
f 853/392/44 854/385/44 817/390/44
f 831/393/44 832/391/44 835/388/44
f 853/392/44 817/390/44 818/394/82
f 830/395/44 831/393/44 835/388/44
f 829/396/47 830/395/44 835/388/44
f 853/392/44 818/394/82 819/397/44
f 828/398/64 829/396/47 835/388/44
f 852/399/44 853/392/44 819/397/44
f 827/400/47 828/398/64 835/388/44
f 852/399/44 819/397/44 820/401/47
f 826/402/48 827/400/47 835/388/44
f 825/403/62 826/402/48 835/388/44
f 852/399/44 820/401/47 821/404/73
f 824/405/52 825/403/62 835/388/44
f 823/406/91 824/405/52 835/388/44
f 852/399/44 821/404/73 822/407/47
f 822/407/47 823/406/91 835/388/44
f 852/399/44 822/407/47 835/388/44
f 851/408/44 852/399/44 835/388/44
f 851/408/44 835/388/44 836/409/55
f 850/410/44 851/408/44 836/409/55
f 850/410/44 836/409/55 837/411/49
f 850/410/44 837/411/49 838/412/55
f 850/410/44 838/412/55 839/413/44
f 849/414/44 850/410/44 839/413/44
f 849/414/44 839/413/44 840/415/47
f 849/414/44 840/415/47 841/416/44
f 849/414/44 841/416/44 842/417/50
f 848/418/83 849/414/44 842/417/50
f 848/418/83 842/417/50 843/419/68
f 848/418/83 843/419/68 844/420/55
f 848/418/83 844/420/55 845/421/78
f 847/422/59 848/418/83 845/421/78
f 847/422/59 845/421/78 846/423/44
f 886/424/92 888/425/93 887/265/93 885/8/92
f 888/425/93 890/426/94 889/266/94 887/265/93
f 890/426/94 892/427/95 891/267/95 889/266/94
f 892/427/95 894/428/96 893/268/96 891/267/95
f 894/428/96 896/429/97 895/270/97 893/268/96
f 896/429/97 898/430/98 897/271/98 895/270/97
f 898/430/98 900/431/99 899/273/99 897/271/98
f 900/431/99 902/432/100 901/274/100 899/273/99
f 902/432/100 904/433/101 903/275/101 901/274/100
f 904/433/101 906/434/102 905/277/102 903/275/101
f 906/434/102 908/435/103 907/276/103 905/277/102
f 908/435/103 910/436/104 909/272/104 907/276/103
f 910/436/104 912/437/105 911/269/105 909/272/104
f 912/437/105 914/438/106 913/164/106 911/269/105
f 914/438/106 916/439/107 915/264/107 913/164/106
f 916/439/107 918/440/108 917/263/108 915/264/107
f 918/440/108 920/441/109 919/255/109 917/263/108
f 920/441/109 922/442/110 921/248/110 919/255/109
f 922/442/110 924/443/111 923/241/111 921/248/110
f 924/443/111 926/444/112 925/239/112 923/241/111
f 926/444/112 928/445/113 927/236/113 925/239/112
f 928/445/113 930/446/114 929/233/114 927/236/113
f 930/446/114 932/447/115 931/231/115 929/233/114
f 932/447/115 934/448/116 933/228/116 931/231/115
f 934/448/116 936/449/117 935/222/117 933/228/116
f 936/449/117 938/450/118 937/216/118 935/222/117
f 938/450/118 940/451/119 939/208/119 937/216/118
f 940/451/119 942/452/120 941/122/120 939/208/119
f 942/452/120 944/453/121 943/199/121 941/122/120
f 944/453/121 946/454/122 945/197/122 943/199/121
f 946/454/122 948/455/123 947/195/123 945/197/122
f 948/455/123 950/456/124 949/193/124 947/195/123
f 950/456/124 952/457/125 951/191/125 949/193/124
f 952/457/125 954/458/126 953/187/126 951/191/125
f 954/458/126 956/459/127 955/189/127 953/187/126
f 956/459/127 958/460/128 957/188/128 955/189/127
f 958/460/128 960/461/129 959/190/129 957/188/128
f 960/461/129 962/462/130 961/192/130 959/190/129
f 962/462/130 964/463/131 963/194/131 961/192/130
f 964/463/131 966/464/132 965/196/132 963/194/131
f 966/464/132 968/465/133 967/198/133 965/196/132
f 968/465/133 970/466/134 969/127/134 967/198/133
f 970/466/134 972/467/135 971/206/135 969/127/134
f 972/467/135 974/468/136 973/217/136 971/206/135
f 974/468/136 976/469/137 975/223/137 973/217/136
f 976/469/137 978/470/138 977/230/138 975/223/137
f 978/470/138 980/471/139 979/232/139 977/230/138
f 980/471/139 982/472/140 981/234/140 979/232/139
f 982/472/140 984/473/141 983/235/141 981/234/140
f 984/473/141 986/474/142 985/237/142 983/235/141
f 986/474/142 988/475/143 987/238/143 985/237/142
f 988/475/143 990/476/144 989/240/144 987/238/143
f 990/476/144 992/477/145 991/242/145 989/240/144
f 992/477/145 994/478/146 993/246/146 991/242/145
f 994/478/146 996/479/147 995/249/147 993/246/146
f 996/479/147 998/480/148 997/136/148 995/249/147
f 998/480/148 1000/481/149 999/253/149 997/136/148
f 1000/481/149 1002/482/150 1001/257/150 999/253/149
f 1002/482/150 1004/483/151 1003/259/151 1001/257/150
f 1004/483/151 1006/484/152 1005/262/152 1003/259/151
f 1006/484/152 1008/485/153 1007/261/153 1005/262/152
f 1008/485/153 1010/486/154 1009/260/154 1007/261/153
f 1010/486/154 1012/487/155 1011/258/155 1009/260/154
f 1012/487/155 1014/488/156 1013/256/156 1011/258/155
f 1014/488/156 1016/489/157 1015/254/157 1013/256/156
f 1016/489/157 1018/490/158 1017/252/158 1015/254/157
f 1018/490/158 1020/491/159 1019/251/159 1017/252/158
f 1020/491/159 1022/492/160 1021/250/160 1019/251/159
f 1022/492/160 1024/493/161 1023/247/161 1021/250/160
f 1024/493/161 1026/494/162 1025/150/162 1023/247/161
f 1026/494/162 1028/495/163 1027/243/163 1025/150/162
f 1028/495/163 1030/496/164 1029/245/164 1027/243/163
f 1030/496/164 1032/497/165 1031/244/165 1029/245/164
f 1032/497/165 1034/498/166 1033/227/166 1031/244/165
f 1034/498/166 1036/499/167 1035/225/167 1033/227/166
f 1036/499/167 1038/500/168 1037/221/168 1035/225/167
f 1038/500/168 1040/501/169 1039/219/169 1037/221/168
f 1040/501/169 1042/502/170 1041/215/170 1039/219/169
f 1042/502/170 1044/503/171 1043/213/171 1041/215/170
f 1044/503/171 1046/504/172 1045/211/172 1043/213/171
f 1046/504/172 1048/505/173 1047/209/173 1045/211/172
f 1048/505/173 1050/506/174 1049/205/174 1047/209/173
f 1050/506/174 1052/507/175 1051/203/175 1049/205/174
f 1052/507/175 1054/508/176 1053/168/176 1051/203/175
f 1054/508/176 1056/509/177 1055/200/177 1053/168/176
f 1056/509/177 1058/510/178 1057/201/178 1055/200/177
f 1058/510/178 1060/511/179 1059/202/179 1057/201/178
f 1060/511/179 1062/512/180 1061/204/180 1059/202/179
f 1062/512/180 1064/513/181 1063/207/181 1061/204/180
f 1064/513/181 1066/514/182 1065/210/182 1063/207/181
f 1066/514/182 1068/515/183 1067/212/183 1065/210/182
f 1068/515/183 1070/516/184 1069/214/184 1067/212/183
f 1070/516/184 1072/517/185 1071/218/185 1069/214/184
f 1072/517/185 1074/518/186 1073/220/186 1071/218/185
f 1074/518/186 1076/519/187 1075/224/187 1073/220/186
f 1076/519/187 1078/520/188 1077/226/189 1075/224/187
f 1078/520/188 1080/521/190 1079/229/190 1077/226/189
f 1080/521/190 886/522/92 885/6/92 1079/229/190
f 1082/424/191 1084/523/192 1083/524/193 1081/8/191
f 1084/523/192 1086/525/194 1085/526/194 1083/524/193
f 1086/525/194 1088/527/195 1087/528/195 1085/526/194
f 1088/527/195 1090/529/196 1089/530/196 1087/528/195
f 1090/529/196 1092/531/197 1091/175/197 1089/530/196
f 1092/531/197 1094/532/198 1093/533/198 1091/175/197
f 1094/532/198 1096/534/199 1095/535/199 1093/533/198
f 1096/534/199 1098/536/200 1097/537/200 1095/535/199
f 1098/536/200 1100/538/201 1099/539/201 1097/537/200
f 1100/538/201 1102/540/202 1101/156/202 1099/539/201
f 1102/540/202 1104/541/203 1103/542/203 1101/156/202
f 1104/541/203 1106/543/204 1105/544/204 1103/542/203
f 1106/543/204 1108/545/205 1107/546/205 1105/544/204
f 1108/545/205 1110/547/206 1109/548/206 1107/546/205
f 1110/547/206 1112/549/207 1111/126/207 1109/548/206
f 1112/549/207 1114/550/208 1113/551/208 1111/126/207
f 1114/550/208 1116/552/209 1115/553/209 1113/551/208
f 1116/552/209 1118/554/210 1117/555/210 1115/553/209
f 1118/554/210 1120/556/211 1119/557/211 1117/555/210
f 1120/556/211 1122/558/212 1121/120/212 1119/557/211
f 1122/558/212 1124/559/213 1123/560/213 1121/120/212
f 1124/559/213 1126/561/214 1125/562/214 1123/560/213
f 1126/561/214 1128/563/215 1127/564/215 1125/562/214
f 1128/563/215 1130/565/216 1129/566/216 1127/564/215
f 1130/565/216 1132/567/217 1131/129/217 1129/566/216
f 1132/567/217 1134/568/218 1133/569/218 1131/129/217
f 1134/568/218 1136/570/219 1135/571/219 1133/569/218
f 1136/570/219 1138/572/220 1137/573/220 1135/571/219
f 1138/572/220 1140/574/221 1139/575/221 1137/573/220
f 1140/574/221 1142/576/222 1141/131/222 1139/575/221
f 1142/576/222 1144/577/223 1143/578/223 1141/131/222
f 1144/577/223 1146/579/224 1145/580/224 1143/578/223
f 1146/579/224 1148/581/225 1147/582/225 1145/580/224
f 1148/581/225 1150/583/226 1149/584/226 1147/582/225
f 1150/583/226 1152/585/227 1151/145/227 1149/584/226
f 1152/585/227 1154/586/228 1153/587/228 1151/145/227
f 1154/586/228 1156/588/229 1155/589/230 1153/587/228
f 1156/588/229 1158/590/231 1157/591/231 1155/589/230
f 1158/590/231 1160/592/232 1159/593/232 1157/591/231
f 1160/592/232 1162/594/233 1161/152/233 1159/593/232
f 1162/594/233 1164/595/234 1163/596/234 1161/152/233
f 1164/595/234 1166/597/235 1165/598/235 1163/596/234
f 1166/597/235 1168/599/236 1167/600/236 1165/598/235
f 1168/599/236 1170/601/237 1169/602/237 1167/600/236
f 1170/601/237 1172/603/238 1171/163/238 1169/602/237
f 1172/603/238 1174/604/239 1173/605/239 1171/163/238
f 1174/604/239 1176/606/240 1175/607/240 1173/605/239
f 1176/606/240 1178/608/241 1177/609/241 1175/607/240
f 1178/608/241 1180/610/242 1179/611/242 1177/609/241
f 1180/610/242 1182/612/243 1181/174/243 1179/611/242
f 1182/612/243 1184/613/244 1183/614/244 1181/174/243
f 1184/613/244 1186/615/245 1185/616/245 1183/614/244
f 1186/615/245 1188/617/246 1187/618/246 1185/616/245
f 1188/617/246 1190/619/247 1189/620/247 1187/618/246
f 1190/619/247 1082/522/191 1081/6/191 1189/620/247
f 1192/424/248 1194/621/249 1193/622/249 1191/8/248
f 1194/621/249 1196/623/250 1195/624/250 1193/622/249
f 1196/623/250 1198/625/251 1197/626/251 1195/624/250
f 1198/625/251 1200/627/252 1199/628/252 1197/626/251
f 1200/627/252 1202/629/253 1201/630/253 1199/628/252
f 1202/629/253 1204/631/254 1203/632/254 1201/630/253
f 1204/631/254 1206/633/255 1205/634/255 1203/632/254
f 1206/633/255 1208/635/256 1207/636/256 1205/634/255
f 1208/635/256 1210/637/257 1209/638/257 1207/636/256
f 1210/637/257 1212/639/258 1211/640/258 1209/638/257
f 1212/639/258 1214/641/259 1213/642/259 1211/640/258
f 1214/641/259 1216/643/260 1215/644/260 1213/642/259
f 1216/643/260 1218/645/261 1217/646/261 1215/644/260
f 1218/645/261 1220/647/262 1219/648/262 1217/646/261
f 1220/647/262 1222/649/263 1221/650/263 1219/648/262
f 1222/649/263 1224/651/264 1223/652/264 1221/650/263
f 1224/651/264 1226/653/265 1225/654/265 1223/652/264
f 1226/653/265 1228/655/266 1227/656/266 1225/654/265
f 1228/655/266 1230/657/267 1229/658/267 1227/656/266
f 1230/657/267 1232/659/268 1231/660/268 1229/658/267
f 1232/659/268 1234/661/269 1233/662/269 1231/660/268
f 1234/661/269 1236/663/270 1235/664/270 1233/662/269
f 1236/663/270 1238/665/271 1237/666/271 1235/664/270
f 1238/665/271 1240/667/272 1239/668/272 1237/666/271
f 1240/667/272 1242/669/273 1241/670/273 1239/668/272
f 1242/669/273 1244/671/274 1243/672/274 1241/670/273
f 1244/671/274 1246/673/275 1245/674/275 1243/672/274
f 1246/673/275 1248/675/276 1247/676/276 1245/674/275
f 1248/675/276 1250/677/277 1249/678/277 1247/676/276
f 1250/677/277 1252/679/278 1251/680/278 1249/678/277
f 1252/679/278 1254/681/279 1253/682/279 1251/680/278
f 1254/681/279 1256/683/280 1255/684/280 1253/682/279
f 1256/683/280 1258/685/281 1257/686/281 1255/684/280
f 1258/685/281 1260/687/282 1259/688/282 1257/686/281
f 1260/687/282 1262/689/283 1261/690/283 1259/688/282
f 1262/689/283 1264/691/284 1263/692/284 1261/690/283
f 1264/691/284 1266/473/285 1265/235/285 1263/692/284
f 1266/473/285 1268/693/286 1267/694/286 1265/235/285
f 1268/693/286 1270/695/287 1269/696/287 1267/694/286
f 1270/695/287 1272/697/288 1271/698/288 1269/696/287
f 1272/697/288 1274/699/289 1273/700/289 1271/698/288
f 1274/699/289 1276/701/290 1275/702/290 1273/700/289
f 1276/701/290 1278/703/291 1277/704/291 1275/702/290
f 1278/703/291 1280/705/292 1279/706/292 1277/704/291
f 1280/705/292 1282/707/293 1281/708/293 1279/706/292
f 1282/707/293 1284/709/294 1283/710/294 1281/708/293
f 1284/709/294 1286/711/295 1285/712/295 1283/710/294
f 1286/711/295 1288/713/296 1287/714/296 1285/712/295
f 1288/713/296 1290/715/297 1289/716/297 1287/714/296
f 1290/715/297 1292/717/298 1291/718/298 1289/716/297
f 1292/717/298 1294/719/299 1293/720/299 1291/718/298
f 1294/719/299 1296/721/300 1295/722/300 1293/720/299
f 1296/721/300 1298/723/301 1297/724/301 1295/722/300
f 1298/723/301 1300/725/302 1299/726/302 1297/724/301
f 1300/725/302 1302/727/303 1301/728/303 1299/726/302
f 1302/727/303 1304/729/304 1303/730/304 1301/728/303
f 1304/729/304 1306/731/305 1305/732/305 1303/730/304
f 1306/731/305 1308/733/306 1307/734/306 1305/732/305
f 1308/733/306 1310/735/307 1309/736/307 1307/734/306
f 1310/735/307 1312/737/308 1311/738/308 1309/736/307
f 1312/737/308 1314/739/309 1313/740/309 1311/738/308
f 1314/739/309 1316/741/310 1315/742/310 1313/740/309
f 1316/741/310 1318/743/311 1317/744/311 1315/742/310
f 1318/743/311 1320/745/312 1319/746/312 1317/744/311
f 1320/745/312 1322/747/313 1321/748/313 1319/746/312
f 1322/747/313 1324/749/314 1323/750/314 1321/748/313
f 1324/749/314 1326/751/315 1325/752/315 1323/750/314
f 1326/751/315 1328/753/316 1327/754/316 1325/752/315
f 1328/753/316 1330/755/317 1329/756/317 1327/754/316
f 1330/755/317 1332/757/318 1331/758/318 1329/756/317
f 1332/757/318 1334/759/319 1333/760/319 1331/758/318
f 1334/759/319 1336/761/320 1335/762/320 1333/760/319
f 1336/761/320 1338/763/321 1337/764/321 1335/762/320
f 1338/763/321 1192/522/248 1191/6/248 1337/764/321
f 1340/424/322 1342/765/323 1341/766/323 1339/8/322
f 1342/765/323 1344/767/324 1343/768/324 1341/766/323
f 1344/767/324 1346/769/325 1345/770/325 1343/768/324
f 1346/769/325 1348/771/326 1347/772/326 1345/770/325
f 1348/771/326 1350/541/327 1349/542/327 1347/772/326
f 1350/541/327 1352/773/328 1351/774/328 1349/542/327
f 1352/773/328 1354/775/329 1353/776/329 1351/774/328
f 1354/775/329 1356/777/330 1355/778/330 1353/776/329
f 1356/777/330 1358/779/331 1357/780/331 1355/778/330
f 1358/779/331 1360/561/332 1359/562/332 1357/780/331
f 1360/561/332 1362/781/333 1361/782/333 1359/562/332
f 1362/781/333 1364/783/334 1363/784/334 1361/782/333
f 1364/783/334 1366/785/335 1365/786/335 1363/784/334
f 1366/785/335 1368/787/336 1367/788/336 1365/786/335
f 1368/787/336 1370/581/337 1369/582/337 1367/788/336
f 1370/581/337 1372/789/338 1371/790/338 1369/582/337
f 1372/789/338 1374/791/339 1373/792/339 1371/790/338
f 1374/791/339 1376/793/340 1375/794/340 1373/792/339
f 1376/793/340 1378/795/341 1377/796/341 1375/794/340
f 1378/795/341 1380/601/342 1379/602/342 1377/796/341
f 1380/601/342 1382/797/343 1381/798/343 1379/602/342
f 1382/797/343 1384/799/344 1383/800/344 1381/798/343
f 1384/799/344 1386/801/345 1385/802/345 1383/800/344
f 1386/801/345 1388/803/346 1387/804/347 1385/802/345
f 1388/803/346 1340/522/322 1339/6/322 1387/804/347
f 1390/424/348 1392/805/349 1391/806/349 1389/8/348
f 1392/805/349 1394/807/350 1393/808/350 1391/806/349
f 1394/807/350 1396/809/351 1395/810/351 1393/808/350
f 1396/809/351 1398/811/352 1397/812/352 1395/810/351
f 1398/811/352 1400/813/353 1399/814/353 1397/812/352
f 1400/813/353 1402/815/354 1401/816/354 1399/814/353
f 1402/815/354 1404/817/355 1403/818/355 1401/816/354
f 1404/817/355 1406/541/356 1405/542/356 1403/818/355
f 1406/541/356 1408/819/357 1407/820/357 1405/542/356
f 1408/819/357 1410/821/358 1409/822/358 1407/820/357
f 1410/821/358 1412/823/359 1411/824/359 1409/822/358
f 1412/823/359 1414/825/360 1413/826/360 1411/824/359
f 1414/825/360 1416/827/361 1415/828/361 1413/826/360
f 1416/827/361 1418/829/362 1417/830/362 1415/828/361
f 1418/829/362 1420/831/363 1419/832/363 1417/830/362
f 1420/831/363 1422/561/364 1421/562/364 1419/832/363
f 1422/561/364 1424/833/365 1423/834/365 1421/562/364
f 1424/833/365 1426/835/366 1425/836/366 1423/834/365
f 1426/835/366 1428/837/367 1427/838/367 1425/836/366
f 1428/837/367 1430/473/368 1429/235/368 1427/838/367
f 1430/473/368 1432/839/369 1431/840/369 1429/235/368
f 1432/839/369 1434/841/370 1433/842/370 1431/840/369
f 1434/841/370 1436/843/371 1435/844/371 1433/842/370
f 1436/843/371 1438/581/372 1437/582/372 1435/844/371
f 1438/581/372 1440/845/373 1439/846/373 1437/582/372
f 1440/845/373 1442/847/374 1441/848/374 1439/846/373
f 1442/847/374 1444/849/375 1443/850/375 1441/848/374
f 1444/849/375 1446/851/284 1445/852/284 1443/850/375
f 1446/851/284 1448/853/376 1447/854/376 1445/852/284
f 1448/853/376 1450/855/377 1449/856/377 1447/854/376
f 1450/855/377 1452/857/378 1451/858/378 1449/856/377
f 1452/857/378 1454/601/379 1453/602/379 1451/858/378
f 1454/601/379 1456/859/380 1455/860/380 1453/602/379
f 1456/859/380 1458/861/381 1457/862/381 1455/860/380
f 1458/861/381 1460/863/382 1459/864/382 1457/862/381
f 1460/863/382 1462/865/383 1461/866/383 1459/864/382
f 1462/865/383 1464/867/246 1463/868/246 1461/866/383
f 1464/867/246 1466/869/247 1465/870/384 1463/868/246
f 1466/869/247 1468/871/244 1467/872/244 1465/870/384
f 1468/871/244 1390/522/348 1389/6/348 1467/872/244
f 1470/424/385 1472/873/386 1471/874/386 1469/8/385
f 1472/873/386 1474/875/387 1473/14/387 1471/874/386
f 1474/875/387 1476/876/388 1475/877/388 1473/14/387
f 1476/876/388 1478/878/389 1477/18/389 1475/877/388
f 1478/878/389 1480/879/390 1479/880/391 1477/18/389
f 1480/879/390 1482/881/392 1481/28/392 1479/880/391
f 1482/881/392 1484/882/393 1483/883/393 1481/28/392
f 1484/882/393 1486/884/394 1485/35/394 1483/883/393
f 1486/884/394 1488/885/395 1487/886/395 1485/35/394
f 1488/885/395 1490/887/396 1489/43/396 1487/886/395
f 1490/887/396 1492/888/397 1491/889/397 1489/43/396
f 1492/888/397 1494/890/398 1493/38/398 1491/889/397
f 1494/890/398 1496/891/399 1495/892/399 1493/38/398
f 1496/891/399 1498/893/400 1497/32/400 1495/892/399
f 1498/893/400 1500/894/401 1499/895/401 1497/32/400
f 1500/894/401 1502/896/402 1501/26/402 1499/895/401
f 1502/896/402 1504/897/403 1503/898/403 1501/26/402
f 1504/897/403 1506/899/404 1505/23/404 1503/898/403
f 1506/899/404 1508/473/405 1507/235/405 1505/23/404
f 1508/473/405 1510/900/406 1509/49/406 1507/235/405
f 1510/900/406 1512/901/407 1511/902/407 1509/49/406
f 1512/901/407 1514/903/408 1513/53/408 1511/902/407
f 1514/903/408 1516/904/409 1515/905/409 1513/53/408
f 1516/904/409 1518/906/410 1517/57/410 1515/905/409
f 1518/906/410 1520/907/411 1519/908/411 1517/57/410
f 1520/907/411 1522/909/412 1521/62/412 1519/908/411
f 1522/909/412 1524/910/413 1523/911/413 1521/62/412
f 1524/910/413 1526/912/414 1525/55/414 1523/911/413
f 1526/912/414 1528/913/415 1527/914/415 1525/55/414
f 1528/913/415 1530/915/416 1529/46/416 1527/914/415
f 1530/915/416 1532/916/417 1531/917/417 1529/46/416
f 1532/916/417 1534/918/418 1533/37/418 1531/917/417
f 1534/918/418 1536/919/419 1535/920/419 1533/37/418
f 1536/919/419 1538/921/420 1537/16/420 1535/920/419
f 1538/921/420 1540/922/421 1539/923/421 1537/16/420
f 1540/922/421 1542/924/422 1541/10/422 1539/923/421
f 1542/924/422 1544/925/423 1543/926/424 1541/10/422
f 1544/925/423 1470/522/385 1469/6/385 1543/926/424
f 1546/424/245 1548/821/246 1547/822/246 1545/8/245
f 1548/821/246 1550/473/247 1549/235/247 1547/822/246
f 1550/473/247 1552/855/244 1551/856/244 1549/235/247
f 1552/855/244 1546/522/245 1545/6/245 1551/856/244
f 1554/424/425 1556/927/426 1555/928/426 1553/8/425
f 1556/927/426 1558/929/427 1557/930/427 1555/928/426
f 1558/929/427 1560/931/428 1559/932/428 1557/930/427
f 1560/931/428 1562/933/429 1561/934/429 1559/932/428
f 1562/933/429 1564/935/430 1563/936/430 1561/934/429
f 1564/935/430 1566/813/431 1565/814/432 1563/936/430
f 1566/813/431 1568/937/433 1567/938/433 1565/814/432
f 1568/937/433 1570/939/434 1569/286/434 1567/938/433
f 1570/939/434 1572/940/435 1571/941/435 1569/286/434
f 1572/940/435 1574/942/436 1573/943/436 1571/941/435
f 1574/942/436 1576/944/437 1575/945/437 1573/943/436
f 1576/944/437 1578/821/438 1577/822/438 1575/945/437
f 1578/821/438 1580/946/439 1579/947/439 1577/822/438
f 1580/946/439 1582/948/440 1581/949/440 1579/947/439
f 1582/948/440 1584/950/441 1583/951/442 1581/949/440
f 1584/950/441 1586/952/443 1585/36/443 1583/951/442
f 1586/952/443 1588/953/444 1587/954/444 1585/36/443
f 1588/953/444 1590/831/445 1589/832/445 1587/954/444
f 1590/831/445 1592/955/446 1591/956/446 1589/832/445
f 1592/955/446 1594/957/447 1593/958/447 1591/956/446
f 1594/957/447 1596/959/448 1595/960/448 1593/958/447
f 1596/959/448 1598/961/449 1597/962/449 1595/960/448
f 1598/961/449 1600/963/450 1599/964/450 1597/962/449
f 1600/963/450 1602/473/451 1601/235/451 1599/964/450
f 1602/473/451 1604/965/452 1603/966/452 1601/235/451
f 1604/965/452 1606/967/453 1605/968/453 1603/966/452
f 1606/967/453 1608/969/454 1607/970/454 1605/968/453
f 1608/969/454 1610/971/455 1609/972/455 1607/970/454
f 1610/971/455 1612/973/456 1611/974/456 1609/972/455
f 1612/973/456 1614/845/457 1613/846/458 1611/974/456
f 1614/845/457 1616/975/459 1615/976/459 1613/846/458
f 1616/975/459 1618/977/460 1617/60/460 1615/976/459
f 1618/977/460 1620/978/461 1619/979/461 1617/60/460
f 1620/978/461 1622/980/462 1621/981/462 1619/979/461
f 1622/980/462 1624/982/463 1623/983/463 1621/981/462
f 1624/982/463 1626/855/464 1625/856/464 1623/983/463
f 1626/855/464 1628/984/465 1627/985/465 1625/856/464
f 1628/984/465 1630/986/466 1629/987/466 1627/985/465
f 1630/986/466 1632/988/467 1631/989/467 1629/987/466
f 1632/988/467 1634/990/468 1633/322/469 1631/989/467
f 1634/990/468 1636/991/470 1635/992/470 1633/322/469
f 1636/991/470 1638/863/471 1637/864/471 1635/992/470
f 1638/863/471 1640/993/472 1639/994/472 1637/864/471
f 1640/993/472 1642/995/473 1641/996/473 1639/994/472
f 1642/995/473 1644/997/474 1643/998/474 1641/996/473
f 1644/997/474 1646/999/475 1645/1000/475 1643/998/474
f 1646/999/475 1648/1001/476 1647/1002/476 1645/1000/475
f 1648/1001/476 1554/522/425 1553/6/425 1647/1002/476
f 1650/424/247 1652/1003/244 1651/1004/244 1649/8/247
f 1652/1003/244 1654/1005/470 1653/1006/244 1651/1004/244
f 1654/1005/470 1656/1007/477 1655/1008/477 1653/1006/244
f 1656/1007/477 1658/1009/478 1657/1010/478 1655/1008/477
f 1658/1009/478 1660/1011/479 1659/1012/479 1657/1010/478
f 1660/1011/479 1662/1013/480 1661/1014/480 1659/1012/479
f 1662/1013/480 1664/1015/481 1663/1016/481 1661/1014/480
f 1664/1015/481 1666/1017/482 1665/1018/483 1663/1016/481
f 1666/1017/482 1668/1019/484 1667/1020/484 1665/1018/483
f 1668/1019/484 1670/1021/485 1669/1022/485 1667/1020/484
f 1670/1021/485 1672/1023/486 1671/1024/486 1669/1022/485
f 1672/1023/486 1674/1025/487 1673/1026/487 1671/1024/486
f 1674/1025/487 1676/1027/488 1675/1028/488 1673/1026/487
f 1676/1027/488 1678/1029/489 1677/1030/489 1675/1028/488
f 1678/1029/489 1680/1031/490 1679/1032/490 1677/1030/489
f 1680/1031/490 1682/1033/491 1681/1034/491 1679/1032/490
f 1682/1033/491 1684/1035/492 1683/1036/492 1681/1034/491
f 1684/1035/492 1686/1037/493 1685/1038/493 1683/1036/492
f 1686/1037/493 1688/1039/494 1687/1040/494 1685/1038/493
f 1688/1039/494 1690/1041/495 1689/1042/495 1687/1040/494
f 1690/1041/495 1692/1043/496 1691/1044/496 1689/1042/495
f 1692/1043/496 1694/1045/497 1693/1046/497 1691/1044/496
f 1694/1045/497 1696/1047/498 1695/1048/498 1693/1046/497
f 1696/1047/498 1698/1049/499 1697/1050/499 1695/1048/498
f 1698/1049/499 1700/1051/500 1699/1052/500 1697/1050/499
f 1700/1051/500 1702/1053/501 1701/1054/501 1699/1052/500
f 1702/1053/501 1704/1055/502 1703/1056/502 1701/1054/501
f 1704/1055/502 1706/1057/503 1705/1058/503 1703/1056/502
f 1706/1057/503 1708/473/504 1707/235/504 1705/1058/503
f 1708/473/504 1710/1059/505 1709/1060/505 1707/235/504
f 1710/1059/505 1712/1061/506 1711/1062/506 1709/1060/505
f 1712/1061/506 1714/1063/507 1713/1064/507 1711/1062/506
f 1714/1063/507 1716/1065/508 1715/1066/508 1713/1064/507
f 1716/1065/508 1718/1067/509 1717/1068/509 1715/1066/508
f 1718/1067/509 1720/1069/510 1719/1070/510 1717/1068/509
f 1720/1069/510 1722/1071/511 1721/1072/511 1719/1070/510
f 1722/1071/511 1724/1073/512 1723/1074/512 1721/1072/511
f 1724/1073/512 1726/1075/513 1725/1076/513 1723/1074/512
f 1726/1075/513 1728/1077/514 1727/1078/514 1725/1076/513
f 1728/1077/514 1730/1079/515 1729/1080/515 1727/1078/514
f 1730/1079/515 1732/1081/516 1731/1082/516 1729/1080/515
f 1732/1081/516 1734/1083/517 1733/1084/517 1731/1082/516
f 1734/1083/517 1736/1085/518 1735/1086/518 1733/1084/517
f 1736/1085/518 1738/1087/519 1737/1088/519 1735/1086/518
f 1738/1087/519 1740/1089/520 1739/1090/520 1737/1088/519
f 1740/1089/520 1742/1091/521 1741/1092/521 1739/1090/520
f 1742/1091/521 1744/1093/522 1743/1094/522 1741/1092/521
f 1744/1093/522 1746/1095/523 1745/1096/523 1743/1094/522
f 1746/1095/523 1748/1097/524 1747/1098/524 1745/1096/523
f 1748/1097/524 1750/1099/525 1749/1100/525 1747/1098/524
f 1750/1099/525 1752/1101/526 1751/1102/526 1749/1100/525
f 1752/1101/526 1754/1103/527 1753/1104/527 1751/1102/526
f 1754/1103/527 1756/1105/430 1755/1106/430 1753/1104/527
f 1756/1105/430 1758/1107/528 1757/1108/430 1755/1106/430
f 1758/1107/528 1760/1109/529 1759/1110/529 1757/1108/430
f 1760/1109/529 1762/1111/530 1761/1112/530 1759/1110/529
f 1762/1111/530 1764/1113/384 1763/1114/384 1761/1112/530
f 1764/1113/384 1650/522/247 1649/6/247 1763/1114/384
o Text.001
v -0.032257 -0.406257 5.092433
v -0.128258 0.262840 5.001792
v -0.064499 0.263577 4.939700
v 0.031502 -0.405521 5.030341
v 0.281523 -0.402632 4.786862
v 0.195557 -0.403625 4.870580
v 0.002132 -0.180820 4.997115
v 0.113728 0.036666 4.829045
v 0.189665 0.037543 4.755094
v 0.083086 -0.179884 4.918281
v -0.165661 -0.073670 5.130549
v -0.175091 -0.066844 5.137828
v -0.183996 -0.060900 5.144837
v -0.192436 -0.055789 5.151628
v -0.200476 -0.051466 5.158244
v -0.208176 -0.047882 5.164731
v -0.215595 -0.044991 5.171140
v -0.222799 -0.042746 5.177516
v -0.229847 -0.041100 5.183904
v -0.236799 -0.040005 5.190352
v -0.243721 -0.039415 5.196908
v -0.250669 -0.039283 5.203618
v -0.264614 -0.040675 5.217536
v -0.277393 -0.044446 5.230975
v -0.288944 -0.050489 5.243848
v -0.299204 -0.058697 5.256063
v -0.308113 -0.068964 5.267531
v -0.315609 -0.081184 5.278163
v -0.321629 -0.095250 5.287869
v -0.326109 -0.111055 5.296563
v -0.328991 -0.128494 5.304151
v -0.330212 -0.147458 5.310546
v -0.329708 -0.167843 5.315658
v -0.327419 -0.189542 5.319396
v -0.323372 -0.211574 5.321523
v -0.317831 -0.232010 5.321757
v -0.310873 -0.250785 5.320163
v -0.302578 -0.267834 5.316794
v -0.293026 -0.283096 5.311715
v -0.282293 -0.296504 5.304980
v -0.270460 -0.307995 5.296653
v -0.257607 -0.317506 5.286788
v -0.243809 -0.324972 5.275447
v -0.229149 -0.330330 5.262689
v -0.213705 -0.333515 5.248572
v -0.197554 -0.334464 5.233157
v -0.190804 -0.334182 5.226525
v -0.184143 -0.333491 5.219871
v -0.177546 -0.332391 5.213166
v -0.170986 -0.330882 5.206384
v -0.164434 -0.328964 5.199498
v -0.157866 -0.326636 5.192481
v -0.151249 -0.323898 5.185308
v -0.144560 -0.320749 5.177951
v -0.137772 -0.317190 5.170382
v -0.130854 -0.313221 5.162578
v -0.123781 -0.308840 5.154508
v -0.116526 -0.304047 5.146150
v -0.104139 -0.390382 5.157845
v -0.109413 -0.393836 5.163913
v -0.115419 -0.397182 5.170661
v -0.122066 -0.400386 5.177995
v -0.129272 -0.403411 5.185821
v -0.136946 -0.406224 5.194041
v -0.145000 -0.408789 5.202565
v -0.153353 -0.411070 5.211297
v -0.161909 -0.413033 5.220143
v -0.170589 -0.414643 5.229011
v -0.179300 -0.415864 5.237802
v -0.187958 -0.416661 5.246425
v -0.196476 -0.416999 5.254786
v -0.220123 -0.415399 5.277301
v -0.242962 -0.410166 5.298032
v -0.264832 -0.401482 5.316873
v -0.285570 -0.389530 5.333718
v -0.305016 -0.374492 5.348464
v -0.323011 -0.356551 5.361001
v -0.339394 -0.335888 5.371226
v -0.354002 -0.312687 5.379031
v -0.366674 -0.287130 5.384313
v -0.377254 -0.259398 5.386962
v -0.385578 -0.229676 5.386876
v -0.391485 -0.198143 5.383946
v -0.395264 -0.162955 5.377946
v -0.396227 -0.130082 5.369851
v -0.394447 -0.099661 5.359765
v -0.389994 -0.071830 5.347796
v -0.382936 -0.046726 5.334050
v -0.373346 -0.024486 5.318629
v -0.361292 -0.005247 5.301642
v -0.346844 0.010852 5.283195
v -0.330070 0.023676 5.263392
v -0.311045 0.033086 5.242339
v -0.289835 0.038945 5.220141
v -0.266512 0.041116 5.196906
v -0.257406 0.040979 5.188106
v -0.248680 0.040363 5.179803
v -0.240269 0.039285 5.171937
v -0.232119 0.037765 5.164441
v -0.224165 0.035819 5.157256
v -0.216349 0.033466 5.150317
v -0.208612 0.030722 5.143561
v -0.200893 0.027607 5.136926
v -0.193136 0.024137 5.130347
v -0.185276 0.020331 5.123763
v -0.177256 0.016205 5.117112
v -0.169016 0.011779 5.110332
v -0.155643 -0.081424 5.122956
v -0.411678 -0.391342 5.456626
v -0.417259 -0.396916 5.463574
v -0.422398 -0.401783 5.469899
v -0.427177 -0.405980 5.475692
v -0.431679 -0.409546 5.481040
v -0.435982 -0.412519 5.486035
v -0.440172 -0.414939 5.490767
v -0.444328 -0.416842 5.495324
v -0.448534 -0.418269 5.499799
v -0.452869 -0.419257 5.504277
v -0.457417 -0.419845 5.508853
v -0.462257 -0.420071 5.513614
v -0.469017 -0.419860 5.520118
v -0.475336 -0.419057 5.526031
v -0.481228 -0.417649 5.531363
v -0.486708 -0.415622 5.536126
v -0.491791 -0.412962 5.540328
v -0.496490 -0.409656 5.543983
v -0.500822 -0.405691 5.547097
v -0.504797 -0.401054 5.549682
v -0.508434 -0.395729 5.551749
v -0.511745 -0.389705 5.553308
v -0.514744 -0.382968 5.554368
v -0.517447 -0.375504 5.554940
v -0.523417 -0.382862 5.562757
v -0.529533 -0.389570 5.570539
v -0.535795 -0.395631 5.578280
v -0.542192 -0.401049 5.585979
v -0.548721 -0.405827 5.593629
v -0.555376 -0.409968 5.601226
v -0.562153 -0.413476 5.608768
v -0.569044 -0.416355 5.616248
v -0.576046 -0.418606 5.623662
v -0.583153 -0.420235 5.631007
v -0.590357 -0.421243 5.638278
v -0.597654 -0.421635 5.645469
v -0.609287 -0.420731 5.656512
v -0.620489 -0.417850 5.666595
v -0.631186 -0.413147 5.675685
v -0.641300 -0.406780 5.683753
v -0.650753 -0.398904 5.690764
v -0.659468 -0.389674 5.696689
v -0.667368 -0.379248 5.701491
v -0.674376 -0.367781 5.705144
v -0.680414 -0.355429 5.707612
v -0.685406 -0.342349 5.708863
v -0.689274 -0.328696 5.708867
v -0.691942 -0.314627 5.707591
v -0.693726 -0.294017 5.703660
v -0.692982 -0.275708 5.697907
v -0.689962 -0.259496 5.690524
v -0.684923 -0.245174 5.681699
v -0.678120 -0.232538 5.671620
v -0.669800 -0.221382 5.660481
v -0.660223 -0.211502 5.648471
v -0.649639 -0.202691 5.635777
v -0.638304 -0.194746 5.622592
v -0.626471 -0.187460 5.609103
v -0.614391 -0.180629 5.595502
v -0.602322 -0.174047 5.581979
v -0.549669 -0.145922 5.523143
v -0.553047 -0.122376 5.519954
v -0.555325 -0.109315 5.518577
v -0.558220 -0.097577 5.518161
v -0.561737 -0.087130 5.518704
v -0.565882 -0.077939 5.520202
v -0.570658 -0.069969 5.522649
v -0.576071 -0.063188 5.526040
v -0.582125 -0.057561 5.530372
v -0.588827 -0.053054 5.535638
v -0.596180 -0.049632 5.541835
v -0.604189 -0.047262 5.548957
v -0.612860 -0.045910 5.557002
v -0.622196 -0.045542 5.565963
v -0.630915 -0.046116 5.574586
v -0.639507 -0.047648 5.583346
v -0.647949 -0.050154 5.592229
v -0.656219 -0.053651 5.601218
v -0.664295 -0.058155 5.610293
v -0.672155 -0.063685 5.619443
v -0.679775 -0.070255 5.628644
v -0.687134 -0.077884 5.637883
v -0.694208 -0.086588 5.647141
v -0.700977 -0.096383 5.656402
v -0.707417 -0.107287 5.665648
v -0.713507 -0.119317 5.674865
v -0.727160 -0.024152 5.661973
v -0.722064 -0.014450 5.654361
v -0.716421 -0.005597 5.646451
v -0.710228 0.002408 5.638242
v -0.703482 0.009570 5.629724
v -0.696177 0.015893 5.620896
v -0.688307 0.021379 5.611749
v -0.679869 0.026032 5.602281
v -0.670858 0.029856 5.592484
v -0.661272 0.032854 5.582356
v -0.651104 0.035030 5.571887
v -0.640350 0.036386 5.561076
v -0.629005 0.036927 5.549916
v -0.612877 0.036166 5.534471
v -0.597174 0.033483 5.519965
v -0.582020 0.028841 5.506532
v -0.567547 0.022206 5.494306
v -0.553877 0.013540 5.483417
v -0.541140 0.002811 5.474002
v -0.529461 -0.010019 5.466191
v -0.518970 -0.024986 5.460118
v -0.509790 -0.042124 5.455916
v -0.502050 -0.061469 5.453719
v -0.495878 -0.083057 5.453660
v -0.491400 -0.106923 5.455869
v -0.458883 -0.333553 5.486569
v -0.458227 -0.337500 5.487018
v -0.457458 -0.341012 5.487235
v -0.456573 -0.344106 5.487227
v -0.455574 -0.346800 5.486997
v -0.454460 -0.349110 5.486550
v -0.453234 -0.351054 5.485894
v -0.451891 -0.352648 5.485028
v -0.450434 -0.353910 5.483962
v -0.448864 -0.354857 5.482697
v -0.447180 -0.355506 5.481240
v -0.445381 -0.355874 5.479594
v -0.443468 -0.355978 5.477767
v -0.441750 -0.355775 5.476045
v -0.439833 -0.355212 5.474029
v -0.437733 -0.354299 5.471738
v -0.435463 -0.353046 5.469192
v -0.433043 -0.351464 5.466407
v -0.430485 -0.349563 5.463403
v -0.427807 -0.347353 5.460196
v -0.425026 -0.344845 5.456807
v -0.422155 -0.342050 5.453254
v -0.419212 -0.338978 5.449553
v -0.416214 -0.335638 5.445725
v -0.413176 -0.332042 5.441787
v -0.405575 -0.385021 5.448964
v -0.555294 -0.200543 5.543609
v -0.567364 -0.207177 5.557149
v -0.578831 -0.213990 5.570151
v -0.589542 -0.221069 5.582492
v -0.599346 -0.228506 5.594050
v -0.608088 -0.236392 5.604703
v -0.615616 -0.244817 5.614326
v -0.621778 -0.253871 5.622794
v -0.626423 -0.263644 5.629987
v -0.629396 -0.274227 5.635781
v -0.630545 -0.285711 5.640052
v -0.629719 -0.298184 5.642676
v -0.628054 -0.307021 5.643489
v -0.625698 -0.315349 5.643489
v -0.622700 -0.323116 5.642713
v -0.619108 -0.330273 5.641192
v -0.614975 -0.336768 5.638965
v -0.610348 -0.342551 5.636062
v -0.605276 -0.347571 5.632520
v -0.599812 -0.351779 5.628371
v -0.594002 -0.355122 5.623649
v -0.587896 -0.357551 5.618392
v -0.581547 -0.359015 5.612630
v -0.575001 -0.359463 5.606400
v -0.570057 -0.359122 5.601506
v -0.565252 -0.358226 5.596597
v -0.560585 -0.356793 5.591672
v -0.556051 -0.354840 5.586736
v -0.551649 -0.352383 5.581788
v -0.547379 -0.349439 5.576833
v -0.543234 -0.346026 5.571872
v -0.539213 -0.342161 5.566909
v -0.535315 -0.337861 5.561942
v -0.531538 -0.333142 5.556979
v -0.527878 -0.328021 5.552020
v -0.524332 -0.322517 5.547067
v -0.542772 -0.193995 5.529655
v -1.000106 0.252766 5.850831
v -0.974772 0.251308 5.826642
v -0.951422 0.246532 5.805289
v -0.930047 0.238743 5.786681
v -0.910638 0.228249 5.770724
v -0.893187 0.215358 5.757327
v -0.877687 0.200377 5.746396
v -0.864127 0.183613 5.737842
v -0.852502 0.165373 5.731568
v -0.842802 0.145964 5.727485
v -0.835019 0.125693 5.725499
v -0.829144 0.104868 5.725518
v -0.825170 0.083796 5.727450
v -0.823239 0.066882 5.730222
v -0.822448 0.050952 5.733830
v -0.822805 0.035978 5.738292
v -0.824321 0.021932 5.743621
v -0.827001 0.008786 5.749835
v -0.830856 -0.003485 5.756949
v -0.835894 -0.014910 5.764977
v -0.842123 -0.025517 5.773938
v -0.849552 -0.035332 5.783845
v -0.858190 -0.044383 5.794717
v -0.868044 -0.052697 5.806565
v -0.879124 -0.060303 5.819409
v -0.878841 -0.062265 5.819676
v -0.860373 -0.067689 5.803239
v -0.842881 -0.075012 5.788272
v -0.826435 -0.084154 5.774819
v -0.811099 -0.095040 5.762925
v -0.796939 -0.107590 5.752627
v -0.784021 -0.121729 5.743974
v -0.772412 -0.137377 5.737004
v -0.762176 -0.154456 5.731761
v -0.753382 -0.172890 5.728290
v -0.746093 -0.192601 5.726628
v -0.740376 -0.213510 5.726825
v -0.736298 -0.235540 5.728919
v -0.734268 -0.256376 5.732673
v -0.734204 -0.277427 5.738395
v -0.736273 -0.298310 5.746139
v -0.740639 -0.318647 5.755965
v -0.747470 -0.338057 5.767928
v -0.756933 -0.356160 5.782086
v -0.769195 -0.372576 5.798499
v -0.784422 -0.386924 5.817222
v -0.802780 -0.398824 5.838311
v -0.824437 -0.407895 5.861825
v -0.849560 -0.413759 5.887820
v -0.878314 -0.416034 5.916356
v -1.045950 -0.417971 6.079606
v -1.141951 0.251127 5.988967
v -0.984076 -0.034000 5.914058
v -0.967554 -0.033071 5.897765
v -0.952729 -0.030685 5.882720
v -0.939593 -0.026837 5.868913
v -0.928141 -0.021524 5.856336
v -0.918364 -0.014744 5.844983
v -0.910255 -0.006490 5.834844
v -0.903809 0.003237 5.825913
v -0.899017 0.014445 5.818185
v -0.895873 0.027134 5.811646
v -0.894370 0.041309 5.806293
v -0.894501 0.056973 5.802117
v -0.896259 0.074130 5.799109
v -0.898477 0.086470 5.797872
v -0.901580 0.098386 5.797610
v -0.905630 0.109753 5.798419
v -0.910690 0.120442 5.800393
v -0.916821 0.130327 5.803630
v -0.924085 0.139281 5.808219
v -0.932541 0.147178 5.814258
v -0.942253 0.153890 5.821841
v -0.953281 0.159290 5.831061
v -0.965688 0.163250 5.842017
v -0.979534 0.165645 5.854798
v -0.994882 0.166348 5.869504
v -1.059358 0.165603 5.932292
v -1.030642 -0.034538 5.959405
v -0.900015 -0.329806 5.913732
v -0.880812 -0.328453 5.894719
v -0.864288 -0.325012 5.877736
v -0.850282 -0.319696 5.862679
v -0.838629 -0.312719 5.849450
v -0.829166 -0.304292 5.837951
v -0.821732 -0.294630 5.828080
v -0.816165 -0.283945 5.819741
v -0.812301 -0.272451 5.812833
v -0.809978 -0.260360 5.807256
v -0.809031 -0.247886 5.802911
v -0.809301 -0.235242 5.799699
v -0.810624 -0.222641 5.797521
v -0.813470 -0.207825 5.796212
v -0.817648 -0.193850 5.796428
v -0.823163 -0.180805 5.798198
v -0.830019 -0.168780 5.801549
v -0.838222 -0.157861 5.806510
v -0.847774 -0.148139 5.813111
v -0.858683 -0.139701 5.821382
v -0.870951 -0.132638 5.831349
v -0.884584 -0.127036 5.843045
v -0.899587 -0.122987 5.856494
v -0.915964 -0.120577 5.871730
v -0.933720 -0.119896 5.888778
v -1.018254 -0.120873 5.971101
v -0.988131 -0.330825 5.999541
v -0.360266 -0.499097 4.754510
v -0.456266 0.170001 4.663871
v -0.392508 0.170738 4.601779
v -0.296507 -0.498360 4.692420
v -0.046486 -0.495471 4.448939
v -0.132452 -0.496465 4.532659
v -0.325876 -0.273659 4.659194
v -0.214283 -0.056174 4.491122
v -0.138344 -0.055297 4.417172
v -0.244923 -0.272724 4.580359
v -0.493670 -0.166509 4.792628
v -0.503099 -0.159684 4.799905
v -0.512005 -0.153739 4.806916
v -0.520445 -0.148628 4.813706
v -0.528484 -0.144305 4.820321
v -0.536184 -0.140722 4.826810
v -0.543604 -0.137831 4.833219
v -0.550808 -0.135586 4.839593
v -0.557856 -0.133940 4.845983
v -0.564808 -0.132845 4.852431
v -0.571730 -0.132255 4.858987
v -0.578678 -0.132122 4.865695
v -0.592623 -0.133515 4.879613
v -0.605402 -0.137285 4.893054
v -0.616953 -0.143328 4.905925
v -0.627213 -0.151537 4.918139
v -0.636122 -0.161804 4.929608
v -0.643618 -0.174024 4.940242
v -0.649637 -0.188090 4.949948
v -0.654118 -0.203895 4.958640
v -0.657000 -0.221333 4.966229
v -0.658220 -0.240298 4.972625
v -0.657717 -0.260683 4.977736
v -0.655428 -0.282381 4.981475
v -0.651381 -0.304414 4.983600
v -0.645840 -0.324850 4.983836
v -0.638882 -0.343624 4.982240
v -0.630587 -0.360674 4.978873
v -0.621035 -0.375935 4.973792
v -0.610302 -0.389343 4.967059
v -0.598469 -0.400835 4.958730
v -0.585615 -0.410345 4.948867
v -0.571817 -0.417812 4.937526
v -0.557158 -0.423169 4.924767
v -0.541714 -0.426355 4.910651
v -0.525562 -0.427304 4.895236
v -0.518812 -0.427021 4.888604
v -0.512152 -0.426330 4.881949
v -0.505554 -0.425230 4.875245
v -0.498995 -0.423721 4.868463
v -0.492443 -0.421803 4.861575
v -0.485874 -0.419475 4.854560
v -0.479258 -0.416737 4.847386
v -0.472569 -0.413589 4.840028
v -0.465780 -0.410030 4.832461
v -0.458862 -0.406060 4.824655
v -0.451790 -0.401679 4.816586
v -0.444534 -0.396886 4.808228
v -0.432148 -0.483222 4.819922
v -0.437422 -0.486675 4.825992
v -0.443428 -0.490021 4.832740
v -0.450075 -0.493225 4.840074
v -0.457281 -0.496251 4.847899
v -0.464954 -0.499064 4.856120
v -0.473011 -0.501628 4.864644
v -0.481361 -0.503910 4.873376
v -0.489918 -0.505873 4.882222
v -0.498598 -0.507482 4.891089
v -0.507309 -0.508703 4.899880
v -0.515966 -0.509501 4.908504
v -0.524485 -0.509839 4.916863
v -0.548132 -0.508239 4.939378
v -0.570971 -0.503006 4.960109
v -0.592840 -0.494322 4.978951
v -0.613579 -0.482370 4.995797
v -0.633024 -0.467332 5.010543
v -0.651020 -0.449390 5.023080
v -0.667402 -0.428728 5.033305
v -0.682011 -0.405527 5.041110
v -0.694683 -0.379969 5.046391
v -0.705263 -0.352238 5.049041
v -0.713587 -0.322515 5.048953
v -0.719494 -0.290983 5.046025
v -0.723271 -0.255795 5.040025
v -0.724236 -0.222922 5.031928
v -0.722456 -0.192501 5.021844
v -0.718003 -0.164669 5.009875
v -0.710946 -0.139565 4.996127
v -0.701355 -0.117325 4.980708
v -0.689301 -0.098087 4.963721
v -0.674852 -0.081987 4.945273
v -0.658079 -0.069164 4.925469
v -0.639053 -0.059754 4.904418
v -0.617844 -0.053895 4.882220
v -0.594521 -0.051723 4.858983
v -0.585415 -0.051861 4.850184
v -0.576689 -0.052477 4.841882
v -0.568279 -0.053554 4.834014
v -0.560127 -0.055075 4.826520
v -0.552174 -0.057020 4.819335
v -0.544357 -0.059374 4.812394
v -0.536621 -0.062117 4.805638
v -0.528902 -0.065233 4.799003
v -0.521145 -0.068702 4.792426
v -0.513285 -0.072509 4.785842
v -0.505264 -0.076634 4.779191
v -0.497025 -0.081061 4.772408
v -0.483652 -0.174264 4.785035
v -0.739687 -0.484181 5.118705
v -0.745267 -0.489756 5.125653
v -0.750406 -0.494623 5.131978
v -0.755186 -0.498820 5.137771
v -0.759686 -0.502386 5.143119
v -0.763991 -0.505359 5.148114
v -0.768181 -0.507778 5.152844
v -0.772337 -0.509682 5.157403
v -0.776543 -0.511109 5.161876
v -0.780878 -0.512096 5.166356
v -0.785425 -0.512684 5.170932
v -0.790265 -0.512910 5.175693
v -0.797025 -0.512699 5.182195
v -0.803344 -0.511897 5.188107
v -0.809237 -0.510488 5.193440
v -0.814716 -0.508461 5.198203
v -0.819799 -0.505801 5.202407
v -0.824499 -0.502496 5.206059
v -0.828830 -0.498531 5.209174
v -0.832807 -0.493893 5.211761
v -0.836443 -0.488569 5.213826
v -0.839753 -0.482545 5.215386
v -0.842752 -0.475807 5.216447
v -0.845455 -0.468343 5.217019
v -0.851425 -0.475701 5.224835
v -0.857543 -0.482409 5.232615
v -0.863803 -0.488471 5.240357
v -0.870201 -0.493888 5.248057
v -0.876730 -0.498667 5.255708
v -0.883386 -0.502808 5.263305
v -0.890161 -0.506316 5.270846
v -0.897054 -0.509194 5.278327
v -0.904055 -0.511446 5.285741
v -0.911160 -0.513074 5.293086
v -0.918365 -0.514083 5.300357
v -0.925663 -0.514475 5.307548
v -0.937295 -0.513571 5.318589
v -0.948498 -0.510690 5.328673
v -0.959194 -0.505987 5.337764
v -0.969308 -0.499620 5.345832
v -0.978761 -0.491743 5.352843
v -0.987476 -0.482514 5.358766
v -0.995377 -0.472088 5.363570
v -1.002384 -0.460621 5.367223
v -1.008423 -0.448269 5.369691
v -1.013414 -0.435189 5.370942
v -1.017283 -0.421536 5.370946
v -1.019951 -0.407466 5.369670
v -1.021734 -0.386856 5.365739
v -1.020989 -0.368547 5.359986
v -1.017971 -0.352335 5.352603
v -1.012933 -0.338013 5.343776
v -1.006127 -0.325377 5.333699
v -0.997808 -0.314222 5.322560
v -0.988231 -0.304341 5.310548
v -0.977648 -0.295531 5.297854
v -0.966312 -0.287586 5.284669
v -0.954478 -0.280300 5.271182
v -0.942400 -0.273468 5.257581
v -0.930331 -0.266886 5.244058
v -0.877678 -0.238762 5.185222
v -0.881056 -0.215216 5.182031
v -0.883334 -0.202154 5.180654
v -0.886229 -0.190417 5.180240
v -0.889746 -0.179970 5.180783
v -0.893890 -0.170778 5.182281
v -0.898666 -0.162809 5.184728
v -0.904079 -0.156028 5.188119
v -0.910133 -0.150401 5.192449
v -0.916835 -0.145893 5.197715
v -0.924188 -0.142472 5.203914
v -0.932198 -0.140102 5.211036
v -0.940867 -0.138749 5.219081
v -0.950204 -0.138381 5.228042
v -0.958923 -0.138955 5.236663
v -0.967516 -0.140487 5.245425
v -0.975958 -0.142993 5.254308
v -0.984228 -0.146490 5.263295
v -0.992305 -0.150995 5.272372
v -1.000164 -0.156524 5.281520
v -1.007784 -0.163095 5.290723
v -1.015142 -0.170724 5.299960
v -1.022217 -0.179427 5.309218
v -1.028986 -0.189223 5.318480
v -1.035426 -0.200127 5.327727
v -1.041515 -0.212157 5.336944
v -1.055169 -0.116991 5.324052
v -1.050073 -0.107289 5.316438
v -1.044430 -0.098437 5.308530
v -1.038238 -0.090431 5.300319
v -1.031490 -0.083269 5.291802
v -1.024184 -0.076947 5.282973
v -1.016315 -0.071461 5.273828
v -1.007877 -0.066808 5.264359
v -0.998868 -0.062983 5.254563
v -0.989281 -0.059985 5.244433
v -0.979113 -0.057810 5.233966
v -0.968358 -0.056453 5.223155
v -0.957013 -0.055912 5.211995
v -0.940886 -0.056673 5.196548
v -0.925181 -0.059357 5.182042
v -0.910029 -0.063998 5.168611
v -0.895555 -0.070634 5.156383
v -0.881886 -0.079299 5.145495
v -0.869148 -0.090029 5.136079
v -0.857470 -0.102859 5.128268
v -0.846978 -0.117825 5.122197
v -0.837799 -0.134963 5.117995
v -0.830060 -0.154308 5.115798
v -0.823887 -0.175896 5.115737
v -0.819408 -0.199763 5.117948
v -0.786892 -0.426393 5.148648
v -0.786237 -0.430339 5.149096
v -0.785466 -0.433851 5.149314
v -0.784582 -0.436946 5.149304
v -0.783583 -0.439639 5.149076
v -0.782470 -0.441950 5.148629
v -0.781241 -0.443893 5.147971
v -0.779900 -0.445488 5.147107
v -0.778443 -0.446750 5.146041
v -0.776873 -0.447697 5.144776
v -0.775187 -0.448346 5.143319
v -0.773389 -0.448713 5.141673
v -0.771476 -0.448817 5.139844
v -0.769758 -0.448615 5.138122
v -0.767841 -0.448051 5.136107
v -0.765740 -0.447138 5.133817
v -0.763472 -0.445885 5.131270
v -0.761050 -0.444303 5.128486
v -0.758493 -0.442402 5.125480
v -0.755815 -0.440192 5.122275
v -0.753034 -0.437685 5.118886
v -0.750164 -0.434890 5.115333
v -0.747222 -0.431817 5.111632
v -0.744223 -0.428478 5.107804
v -0.741184 -0.424882 5.103866
v -0.733582 -0.477860 5.111043
v -0.883302 -0.293382 5.205688
v -0.895372 -0.300017 5.219226
v -0.906840 -0.306829 5.232228
v -0.917551 -0.313908 5.244571
v -0.927355 -0.321346 5.256129
v -0.936096 -0.329232 5.266782
v -0.943624 -0.337657 5.276404
v -0.949787 -0.346710 5.284873
v -0.954432 -0.356483 5.292066
v -0.957404 -0.367067 5.297858
v -0.958554 -0.378550 5.302131
v -0.957727 -0.391024 5.304755
v -0.956063 -0.399861 5.305568
v -0.953707 -0.408189 5.305568
v -0.950708 -0.415956 5.304791
v -0.947117 -0.423112 5.303271
v -0.942984 -0.429607 5.301044
v -0.938355 -0.435390 5.298141
v -0.933285 -0.440411 5.294597
v -0.927819 -0.444618 5.290448
v -0.922009 -0.447962 5.285728
v -0.915905 -0.450390 5.280469
v -0.909555 -0.451854 5.274709
v -0.903010 -0.452302 5.268477
v -0.898066 -0.451961 5.263585
v -0.893261 -0.451066 5.258676
v -0.888594 -0.449633 5.253751
v -0.884060 -0.447679 5.248813
v -0.879659 -0.445222 5.243867
v -0.875386 -0.442279 5.238912
v -0.871242 -0.438866 5.233951
v -0.867222 -0.435001 5.228986
v -0.863324 -0.430700 5.224021
v -0.859547 -0.425981 5.219058
v -0.855885 -0.420861 5.214097
v -0.852340 -0.415357 5.209144
v -0.870780 -0.286835 5.191733
v -1.328114 0.159927 5.512910
v -1.302781 0.158469 5.488721
v -1.279430 0.153692 5.467368
v -1.258056 0.145903 5.448758
v -1.238646 0.135410 5.432803
v -1.221196 0.122519 5.419406
v -1.205695 0.107538 5.408475
v -1.192136 0.090773 5.399920
v -1.180510 0.072533 5.393647
v -1.170811 0.053124 5.389564
v -1.163028 0.032853 5.387578
v -1.157153 0.012028 5.387597
v -1.153179 -0.009043 5.389529
v -1.151248 -0.025957 5.392301
v -1.150456 -0.041887 5.395909
v -1.150814 -0.056862 5.400371
v -1.152329 -0.070908 5.405700
v -1.155009 -0.084053 5.411914
v -1.158865 -0.096325 5.419026
v -1.163902 -0.107750 5.427056
v -1.170132 -0.118356 5.436015
v -1.177561 -0.128171 5.445924
v -1.186198 -0.137223 5.456794
v -1.196053 -0.145537 5.468644
v -1.207132 -0.153142 5.481488
v -1.206851 -0.155104 5.481753
v -1.188381 -0.160528 5.465316
v -1.170890 -0.167851 5.450351
v -1.154444 -0.176994 5.436898
v -1.139108 -0.187879 5.425002
v -1.124948 -0.200430 5.414706
v -1.112030 -0.214568 5.406053
v -1.100421 -0.230216 5.399081
v -1.090185 -0.247296 5.393840
v -1.081390 -0.265730 5.390367
v -1.074101 -0.285440 5.388707
v -1.068385 -0.306349 5.388904
v -1.064306 -0.328379 5.390996
v -1.062277 -0.349216 5.394752
v -1.062213 -0.370266 5.400472
v -1.064281 -0.391150 5.408217
v -1.068647 -0.411487 5.418042
v -1.075479 -0.430897 5.430007
v -1.084942 -0.449000 5.444165
v -1.097203 -0.465415 5.460578
v -1.112431 -0.479763 5.479299
v -1.130789 -0.491663 5.500388
v -1.152446 -0.500735 5.523904
v -1.177568 -0.506598 5.549899
v -1.206323 -0.508873 5.578435
v -1.373959 -0.510811 5.741685
v -1.469959 0.158287 5.651044
v -1.312084 -0.126839 5.576135
v -1.295563 -0.125911 5.559844
v -1.280738 -0.123524 5.544797
v -1.267602 -0.119676 5.530990
v -1.256149 -0.114364 5.518414
v -1.246372 -0.107583 5.507060
v -1.238264 -0.099330 5.496922
v -1.231817 -0.089602 5.487992
v -1.227026 -0.078395 5.480262
v -1.223882 -0.065706 5.473725
v -1.222379 -0.051531 5.468371
v -1.222509 -0.035867 5.464194
v -1.224268 -0.018709 5.461188
v -1.226485 -0.006370 5.459949
v -1.229588 0.005547 5.459687
v -1.233640 0.016913 5.460498
v -1.238699 0.027602 5.462472
v -1.244830 0.037488 5.465707
v -1.252093 0.046442 5.470298
v -1.260550 0.054339 5.476336
v -1.270262 0.061050 5.483918
v -1.281290 0.066450 5.493140
v -1.293696 0.070411 5.504096
v -1.307543 0.072806 5.516877
v -1.322891 0.073508 5.531581
v -1.387366 0.072764 5.594371
v -1.358650 -0.127377 5.621482
v -1.228024 -0.422646 5.575809
v -1.208820 -0.421293 5.556798
v -1.192297 -0.417852 5.539813
v -1.178290 -0.412536 5.524756
v -1.166637 -0.405558 5.511529
v -1.157175 -0.397131 5.500030
v -1.149741 -0.387469 5.490159
v -1.144174 -0.376785 5.481820
v -1.140309 -0.365290 5.474910
v -1.137986 -0.353200 5.469333
v -1.137040 -0.340726 5.464988
v -1.137310 -0.328082 5.461776
v -1.138633 -0.315480 5.459598
v -1.141479 -0.300665 5.458291
v -1.145657 -0.286690 5.458507
v -1.151172 -0.273645 5.460277
v -1.158028 -0.261619 5.463628
v -1.166230 -0.250701 5.468589
v -1.175783 -0.240978 5.475190
v -1.186691 -0.232541 5.483460
v -1.198959 -0.225477 5.493428
v -1.212593 -0.219876 5.505122
v -1.227595 -0.215826 5.518573
v -1.243973 -0.213416 5.533807
v -1.261728 -0.212736 5.550857
v -1.346263 -0.213712 5.633178
v -1.316139 -0.423664 5.661620
v -1.328114 0.159927 5.512910
v -1.000106 0.252766 5.850831
v -1.302781 0.158469 5.488721
v -0.974772 0.251308 5.826642
v -1.279430 0.153692 5.467368
v -0.951422 0.246532 5.805289
v -1.258056 0.145903 5.448758
v -0.930047 0.238743 5.786681
v -1.238646 0.135410 5.432803
v -0.910638 0.228249 5.770724
v -1.221196 0.122519 5.419406
v -0.893187 0.215358 5.757327
v -1.205695 0.107538 5.408475
v -0.877687 0.200377 5.746396
v -1.192136 0.090773 5.399920
v -0.864127 0.183613 5.737842
v -1.180510 0.072533 5.393647
v -0.852502 0.165373 5.731568
v -1.170811 0.053124 5.389564
v -0.842802 0.145964 5.727485
v -1.163028 0.032853 5.387578
v -0.835019 0.125693 5.725499
v -1.157153 0.012028 5.387597
v -0.829144 0.104868 5.725518
v -1.153179 -0.009043 5.389529
v -0.825170 0.083796 5.727450
v -1.151248 -0.025957 5.392301
v -0.823239 0.066882 5.730222
v -1.150456 -0.041887 5.395909
v -0.822448 0.050952 5.733830
v -1.150814 -0.056862 5.400371
v -0.822805 0.035978 5.738292
v -1.152329 -0.070908 5.405700
v -0.824321 0.021932 5.743621
v -1.155009 -0.084053 5.411914
v -0.827001 0.008786 5.749835
v -1.158865 -0.096325 5.419026
v -0.830856 -0.003485 5.756949
v -1.163902 -0.107750 5.427056
v -0.835894 -0.014910 5.764977
v -1.170132 -0.118356 5.436015
v -0.842123 -0.025517 5.773938
v -1.177561 -0.128171 5.445924
v -0.849552 -0.035332 5.783845
v -1.186198 -0.137223 5.456794
v -0.858190 -0.044383 5.794717
v -1.196053 -0.145537 5.468644
v -0.868044 -0.052697 5.806565
v -1.207132 -0.153142 5.481488
v -0.879124 -0.060303 5.819409
v -1.206851 -0.155104 5.481753
v -0.878841 -0.062265 5.819676
v -1.188381 -0.160528 5.465316
v -0.860373 -0.067689 5.803239
v -1.170890 -0.167851 5.450351
v -0.842881 -0.075012 5.788272
v -1.154444 -0.176994 5.436898
v -0.826435 -0.084154 5.774819
v -1.139108 -0.187879 5.425002
v -0.811099 -0.095040 5.762925
v -1.124948 -0.200430 5.414706
v -0.796939 -0.107590 5.752627
v -1.112030 -0.214568 5.406053
v -0.784021 -0.121729 5.743974
v -1.100421 -0.230216 5.399081
v -0.772412 -0.137377 5.737004
v -1.090185 -0.247296 5.393840
v -0.762176 -0.154456 5.731761
v -1.081390 -0.265730 5.390367
v -0.753382 -0.172890 5.728290
v -1.074101 -0.285440 5.388707
v -0.746093 -0.192601 5.726628
v -1.068385 -0.306349 5.388904
v -0.740376 -0.213510 5.726825
v -1.064306 -0.328379 5.390996
v -0.736298 -0.235540 5.728919
v -1.062277 -0.349216 5.394752
v -0.734268 -0.256376 5.732673
v -1.062213 -0.370266 5.400472
v -0.734204 -0.277427 5.738395
v -1.064281 -0.391150 5.408217
v -0.736273 -0.298310 5.746139
v -1.068647 -0.411487 5.418042
v -0.740639 -0.318647 5.755965
v -1.075479 -0.430897 5.430007
v -0.747470 -0.338057 5.767928
v -1.084942 -0.449000 5.444165
v -0.756933 -0.356160 5.782086
v -1.097203 -0.465415 5.460578
v -0.769195 -0.372576 5.798499
v -1.112431 -0.479763 5.479299
v -0.784422 -0.386924 5.817222
v -1.130789 -0.491663 5.500388
v -0.802780 -0.398824 5.838311
v -1.152446 -0.500735 5.523904
v -0.824437 -0.407895 5.861825
v -1.177568 -0.506598 5.549899
v -0.849560 -0.413759 5.887820
v -1.206323 -0.508873 5.578435
v -0.878314 -0.416034 5.916356
v -1.373959 -0.510811 5.741685
v -1.045950 -0.417971 6.079606
v -1.469959 0.158287 5.651044
v -1.141951 0.251127 5.988967
v -1.312084 -0.126839 5.576135
v -0.984076 -0.034000 5.914058
v -1.295563 -0.125911 5.559844
v -0.967554 -0.033071 5.897765
v -1.280738 -0.123524 5.544797
v -0.952729 -0.030685 5.882720
v -1.267602 -0.119676 5.530990
v -0.939593 -0.026837 5.868913
v -1.256149 -0.114364 5.518414
v -0.928141 -0.021524 5.856336
v -1.246372 -0.107583 5.507060
v -0.918364 -0.014744 5.844983
v -1.238264 -0.099330 5.496922
v -0.910255 -0.006490 5.834844
v -1.231817 -0.089602 5.487992
v -0.903809 0.003237 5.825913
v -1.227026 -0.078395 5.480262
v -0.899017 0.014445 5.818185
v -1.223882 -0.065706 5.473725
v -0.895873 0.027134 5.811646
v -1.222379 -0.051531 5.468371
v -0.894370 0.041309 5.806293
v -1.222509 -0.035867 5.464194
v -0.894501 0.056973 5.802117
v -1.224268 -0.018709 5.461188
v -0.896259 0.074130 5.799109
v -1.226485 -0.006370 5.459949
v -0.898477 0.086470 5.797872
v -1.229588 0.005547 5.459687
v -0.901580 0.098386 5.797610
v -1.233640 0.016913 5.460498
v -0.905630 0.109753 5.798419
v -1.238699 0.027602 5.462472
v -0.910690 0.120442 5.800393
v -1.244830 0.037488 5.465707
v -0.916821 0.130327 5.803630
v -1.252093 0.046442 5.470298
v -0.924085 0.139281 5.808219
v -1.260550 0.054339 5.476336
v -0.932541 0.147178 5.814258
v -1.270262 0.061050 5.483918
v -0.942253 0.153890 5.821841
v -1.281290 0.066450 5.493140
v -0.953281 0.159290 5.831061
v -1.293696 0.070411 5.504096
v -0.965688 0.163250 5.842017
v -1.307543 0.072806 5.516877
v -0.979534 0.165645 5.854798
v -1.322891 0.073508 5.531581
v -0.994882 0.166348 5.869504
v -1.387366 0.072764 5.594371
v -1.059358 0.165603 5.932292
v -1.358650 -0.127377 5.621482
v -1.030642 -0.034538 5.959405
v -1.228024 -0.422646 5.575809
v -0.900015 -0.329806 5.913732
v -1.208820 -0.421293 5.556798
v -0.880812 -0.328453 5.894719
v -1.192297 -0.417852 5.539813
v -0.864288 -0.325012 5.877736
v -1.178290 -0.412536 5.524756
v -0.850282 -0.319696 5.862679
v -1.166637 -0.405558 5.511529
v -0.838629 -0.312719 5.849450
v -1.157175 -0.397131 5.500030
v -0.829166 -0.304292 5.837951
v -1.149741 -0.387469 5.490159
v -0.821732 -0.294630 5.828080
v -1.144174 -0.376785 5.481820
v -0.816165 -0.283945 5.819741
v -1.140309 -0.365290 5.474910
v -0.812301 -0.272451 5.812833
v -1.137986 -0.353200 5.469333
v -0.809978 -0.260360 5.807256
v -1.137040 -0.340726 5.464988
v -0.809031 -0.247886 5.802911
v -1.137310 -0.328082 5.461776
v -0.809301 -0.235242 5.799699
v -1.138633 -0.315480 5.459598
v -0.810624 -0.222641 5.797521
v -1.141479 -0.300665 5.458291
v -0.813470 -0.207825 5.796212
v -1.145657 -0.286690 5.458507
v -0.817648 -0.193850 5.796428
v -1.151172 -0.273645 5.460277
v -0.823163 -0.180805 5.798198
v -1.158028 -0.261619 5.463628
v -0.830019 -0.168780 5.801549
v -1.166230 -0.250701 5.468589
v -0.838222 -0.157861 5.806510
v -1.175783 -0.240978 5.475190
v -0.847774 -0.148139 5.813111
v -1.186691 -0.232541 5.483460
v -0.858683 -0.139701 5.821382
v -1.198959 -0.225477 5.493428
v -0.870951 -0.132638 5.831349
v -1.212593 -0.219876 5.505122
v -0.884584 -0.127036 5.843045
v -1.227595 -0.215826 5.518573
v -0.899587 -0.122987 5.856494
v -1.243973 -0.213416 5.533807
v -0.915964 -0.120577 5.871730
v -1.261728 -0.212736 5.550857
v -0.933720 -0.119896 5.888778
v -1.346263 -0.213712 5.633178
v -1.018254 -0.120873 5.971101
v -1.316139 -0.423664 5.661620
v -0.988131 -0.330825 5.999541
v -0.739687 -0.484181 5.118705
v -0.411678 -0.391342 5.456626
v -0.745267 -0.489756 5.125653
v -0.417259 -0.396916 5.463574
v -0.750406 -0.494623 5.131978
v -0.422398 -0.401783 5.469899
v -0.755186 -0.498820 5.137771
v -0.427177 -0.405980 5.475692
v -0.759686 -0.502386 5.143119
v -0.431679 -0.409546 5.481040
v -0.763991 -0.505359 5.148114
v -0.435982 -0.412519 5.486035
v -0.768181 -0.507778 5.152844
v -0.440172 -0.414939 5.490767
v -0.772337 -0.509682 5.157403
v -0.444328 -0.416842 5.495324
v -0.776543 -0.511109 5.161876
v -0.448534 -0.418269 5.499799
v -0.780878 -0.512096 5.166356
v -0.452869 -0.419257 5.504277
v -0.785425 -0.512684 5.170932
v -0.457417 -0.419845 5.508853
v -0.790265 -0.512910 5.175693
v -0.462257 -0.420071 5.513614
v -0.797025 -0.512699 5.182195
v -0.469017 -0.419860 5.520118
v -0.803344 -0.511897 5.188107
v -0.475336 -0.419057 5.526031
v -0.809237 -0.510488 5.193440
v -0.481228 -0.417649 5.531363
v -0.814716 -0.508461 5.198203
v -0.486708 -0.415622 5.536126
v -0.819799 -0.505801 5.202407
v -0.491791 -0.412962 5.540328
v -0.824499 -0.502496 5.206059
v -0.496490 -0.409656 5.543983
v -0.828830 -0.498531 5.209174
v -0.500822 -0.405691 5.547097
v -0.832807 -0.493893 5.211761
v -0.504797 -0.401054 5.549682
v -0.836443 -0.488569 5.213826
v -0.508434 -0.395729 5.551749
v -0.839753 -0.482545 5.215386
v -0.511745 -0.389705 5.553308
v -0.842752 -0.475807 5.216447
v -0.514744 -0.382968 5.554368
v -0.845455 -0.468343 5.217019
v -0.517447 -0.375504 5.554940
v -0.851425 -0.475701 5.224835
v -0.523417 -0.382862 5.562757
v -0.857543 -0.482409 5.232615
v -0.529533 -0.389570 5.570539
v -0.863803 -0.488471 5.240357
v -0.535795 -0.395631 5.578280
v -0.870201 -0.493888 5.248057
v -0.542192 -0.401049 5.585979
v -0.876730 -0.498667 5.255708
v -0.548721 -0.405827 5.593629
v -0.883386 -0.502808 5.263305
v -0.555376 -0.409968 5.601226
v -0.890161 -0.506316 5.270846
v -0.562153 -0.413476 5.608768
v -0.897054 -0.509194 5.278327
v -0.569044 -0.416355 5.616248
v -0.904055 -0.511446 5.285741
v -0.576046 -0.418606 5.623662
v -0.911160 -0.513074 5.293086
v -0.583153 -0.420235 5.631007
v -0.918365 -0.514083 5.300357
v -0.590357 -0.421243 5.638278
v -0.925663 -0.514475 5.307548
v -0.597654 -0.421635 5.645469
v -0.937295 -0.513571 5.318589
v -0.609287 -0.420731 5.656512
v -0.948498 -0.510690 5.328673
v -0.620489 -0.417850 5.666595
v -0.959194 -0.505987 5.337764
v -0.631186 -0.413147 5.675685
v -0.969308 -0.499620 5.345832
v -0.641300 -0.406780 5.683753
v -0.978761 -0.491743 5.352843
v -0.650753 -0.398904 5.690764
v -0.987476 -0.482514 5.358766
v -0.659468 -0.389674 5.696689
v -0.995377 -0.472088 5.363570
v -0.667368 -0.379248 5.701491
v -1.002384 -0.460621 5.367223
v -0.674376 -0.367781 5.705144
v -1.008423 -0.448269 5.369691
v -0.680414 -0.355429 5.707612
v -1.013414 -0.435189 5.370942
v -0.685406 -0.342349 5.708863
v -1.017283 -0.421536 5.370946
v -0.689274 -0.328696 5.708867
v -1.019951 -0.407466 5.369670
v -0.691942 -0.314627 5.707591
v -1.021734 -0.386856 5.365739
v -0.693726 -0.294017 5.703660
v -1.020989 -0.368547 5.359986
v -0.692982 -0.275708 5.697907
v -1.017971 -0.352335 5.352603
v -0.689962 -0.259496 5.690524
v -1.012933 -0.338013 5.343776
v -0.684923 -0.245174 5.681699
v -1.006127 -0.325377 5.333699
v -0.678120 -0.232538 5.671620
v -0.997808 -0.314222 5.322560
v -0.669800 -0.221382 5.660481
v -0.988231 -0.304341 5.310548
v -0.660223 -0.211502 5.648471
v -0.977648 -0.295531 5.297854
v -0.649639 -0.202691 5.635777
v -0.966312 -0.287586 5.284669
v -0.638304 -0.194746 5.622592
v -0.954478 -0.280300 5.271182
v -0.626471 -0.187460 5.609103
v -0.942400 -0.273468 5.257581
v -0.614391 -0.180629 5.595502
v -0.930331 -0.266886 5.244058
v -0.602322 -0.174047 5.581979
v -0.877678 -0.238762 5.185222
v -0.549669 -0.145922 5.523143
v -0.881056 -0.215216 5.182031
v -0.553047 -0.122376 5.519954
v -0.883334 -0.202154 5.180654
v -0.555325 -0.109315 5.518577
v -0.886229 -0.190417 5.180240
v -0.558220 -0.097577 5.518161
v -0.889746 -0.179970 5.180783
v -0.561737 -0.087130 5.518704
v -0.893890 -0.170778 5.182281
v -0.565882 -0.077939 5.520202
v -0.898666 -0.162809 5.184728
v -0.570658 -0.069969 5.522649
v -0.904079 -0.156028 5.188119
v -0.576071 -0.063188 5.526040
v -0.910133 -0.150401 5.192449
v -0.582125 -0.057561 5.530372
v -0.916835 -0.145893 5.197715
v -0.588827 -0.053054 5.535638
v -0.924188 -0.142472 5.203914
v -0.596180 -0.049632 5.541835
v -0.932198 -0.140102 5.211036
v -0.604189 -0.047262 5.548957
v -0.940867 -0.138749 5.219081
v -0.612860 -0.045910 5.557002
v -0.950204 -0.138381 5.228042
v -0.622196 -0.045542 5.565963
v -0.958923 -0.138955 5.236663
v -0.630915 -0.046116 5.574586
v -0.967516 -0.140487 5.245425
v -0.639507 -0.047648 5.583346
v -0.975958 -0.142993 5.254308
v -0.647949 -0.050154 5.592229
v -0.984228 -0.146490 5.263295
v -0.656219 -0.053651 5.601218
v -0.992305 -0.150995 5.272372
v -0.664295 -0.058155 5.610293
v -1.000164 -0.156524 5.281520
v -0.672155 -0.063685 5.619443
v -1.007784 -0.163095 5.290723
v -0.679775 -0.070255 5.628644
v -1.015142 -0.170724 5.299960
v -0.687134 -0.077884 5.637883
v -1.022217 -0.179427 5.309218
v -0.694208 -0.086588 5.647141
v -1.028986 -0.189223 5.318480
v -0.700977 -0.096383 5.656402
v -1.035426 -0.200127 5.327727
v -0.707417 -0.107287 5.665648
v -1.041515 -0.212157 5.336944
v -0.713507 -0.119317 5.674865
v -1.055169 -0.116991 5.324052
v -0.727160 -0.024152 5.661973
v -1.050073 -0.107289 5.316438
v -0.722064 -0.014450 5.654361
v -1.044430 -0.098437 5.308530
v -0.716421 -0.005597 5.646451
v -1.038238 -0.090431 5.300319
v -0.710228 0.002408 5.638242
v -1.031490 -0.083269 5.291802
v -0.703482 0.009570 5.629724
v -1.024184 -0.076947 5.282973
v -0.696177 0.015893 5.620896
v -1.016315 -0.071461 5.273828
v -0.688307 0.021379 5.611749
v -1.007877 -0.066808 5.264359
v -0.679869 0.026032 5.602281
v -0.998868 -0.062983 5.254563
v -0.670858 0.029856 5.592484
v -0.989281 -0.059985 5.244433
v -0.661272 0.032854 5.582356
v -0.979113 -0.057810 5.233966
v -0.651104 0.035030 5.571887
v -0.968358 -0.056453 5.223155
v -0.640350 0.036386 5.561076
v -0.957013 -0.055912 5.211995
v -0.629005 0.036927 5.549916
v -0.940886 -0.056673 5.196548
v -0.612877 0.036166 5.534471
v -0.925181 -0.059357 5.182042
v -0.597174 0.033483 5.519965
v -0.910029 -0.063998 5.168611
v -0.582020 0.028841 5.506532
v -0.895555 -0.070634 5.156383
v -0.567547 0.022206 5.494306
v -0.881886 -0.079299 5.145495
v -0.553877 0.013540 5.483417
v -0.869148 -0.090029 5.136079
v -0.541140 0.002811 5.474002
v -0.857470 -0.102859 5.128268
v -0.529461 -0.010019 5.466191
v -0.846978 -0.117825 5.122197
v -0.518970 -0.024986 5.460118
v -0.837799 -0.134963 5.117995
v -0.509790 -0.042124 5.455916
v -0.830060 -0.154308 5.115798
v -0.502050 -0.061469 5.453719
v -0.823887 -0.175896 5.115737
v -0.495878 -0.083057 5.453660
v -0.819408 -0.199763 5.117948
v -0.491400 -0.106923 5.455869
v -0.786892 -0.426393 5.148648
v -0.458883 -0.333553 5.486569
v -0.786237 -0.430339 5.149096
v -0.458227 -0.337500 5.487018
v -0.785466 -0.433851 5.149314
v -0.457458 -0.341012 5.487235
v -0.784582 -0.436946 5.149304
v -0.456573 -0.344106 5.487227
v -0.783583 -0.439639 5.149076
v -0.455574 -0.346800 5.486997
v -0.782470 -0.441950 5.148629
v -0.454460 -0.349110 5.486550
v -0.781241 -0.443893 5.147971
v -0.453234 -0.351054 5.485894
v -0.779900 -0.445488 5.147107
v -0.451891 -0.352648 5.485028
v -0.778443 -0.446750 5.146041
v -0.450434 -0.353910 5.483962
v -0.776873 -0.447697 5.144776
v -0.448864 -0.354857 5.482697
v -0.775187 -0.448346 5.143319
v -0.447180 -0.355506 5.481240
v -0.773389 -0.448713 5.141673
v -0.445381 -0.355874 5.479594
v -0.771476 -0.448817 5.139844
v -0.443468 -0.355978 5.477767
v -0.769758 -0.448615 5.138122
v -0.441750 -0.355775 5.476045
v -0.767841 -0.448051 5.136107
v -0.439833 -0.355212 5.474029
v -0.765740 -0.447138 5.133817
v -0.437733 -0.354299 5.471738
v -0.763472 -0.445885 5.131270
v -0.435463 -0.353046 5.469192
v -0.761050 -0.444303 5.128486
v -0.433043 -0.351464 5.466407
v -0.758493 -0.442402 5.125480
v -0.430485 -0.349563 5.463403
v -0.755815 -0.440192 5.122275
v -0.427807 -0.347353 5.460196
v -0.753034 -0.437685 5.118886
v -0.425026 -0.344845 5.456807
v -0.750164 -0.434890 5.115333
v -0.422155 -0.342050 5.453254
v -0.747222 -0.431817 5.111632
v -0.419212 -0.338978 5.449553
v -0.744223 -0.428478 5.107804
v -0.416214 -0.335638 5.445725
v -0.741184 -0.424882 5.103866
v -0.413176 -0.332042 5.441787
v -0.733582 -0.477860 5.111043
v -0.405575 -0.385021 5.448964
v -0.883302 -0.293382 5.205688
v -0.555294 -0.200543 5.543609
v -0.895372 -0.300017 5.219226
v -0.567364 -0.207177 5.557149
v -0.906840 -0.306829 5.232228
v -0.578831 -0.213990 5.570151
v -0.917551 -0.313908 5.244571
v -0.589542 -0.221069 5.582492
v -0.927355 -0.321346 5.256129
v -0.599346 -0.228506 5.594050
v -0.936096 -0.329232 5.266782
v -0.608088 -0.236392 5.604703
v -0.943624 -0.337657 5.276404
v -0.615616 -0.244817 5.614326
v -0.949787 -0.346710 5.284873
v -0.621778 -0.253871 5.622794
v -0.954432 -0.356483 5.292066
v -0.626423 -0.263644 5.629987
v -0.957404 -0.367067 5.297858
v -0.629396 -0.274227 5.635781
v -0.958554 -0.378550 5.302131
v -0.630545 -0.285711 5.640052
v -0.957727 -0.391024 5.304755
v -0.629719 -0.298184 5.642676
v -0.956063 -0.399861 5.305568
v -0.628054 -0.307021 5.643489
v -0.953707 -0.408189 5.305568
v -0.625698 -0.315349 5.643489
v -0.950708 -0.415956 5.304791
v -0.622700 -0.323116 5.642713
v -0.947117 -0.423112 5.303271
v -0.619108 -0.330273 5.641192
v -0.942984 -0.429607 5.301044
v -0.614975 -0.336768 5.638965
v -0.938355 -0.435390 5.298141
v -0.610348 -0.342551 5.636062
v -0.933285 -0.440411 5.294597
v -0.605276 -0.347571 5.632520
v -0.927819 -0.444618 5.290448
v -0.599812 -0.351779 5.628371
v -0.922009 -0.447962 5.285728
v -0.594002 -0.355122 5.623649
v -0.915905 -0.450390 5.280469
v -0.587896 -0.357551 5.618392
v -0.909555 -0.451854 5.274709
v -0.581547 -0.359015 5.612630
v -0.903010 -0.452302 5.268477
v -0.575001 -0.359463 5.606400
v -0.898066 -0.451961 5.263585
v -0.570057 -0.359122 5.601506
v -0.893261 -0.451066 5.258676
v -0.565252 -0.358226 5.596597
v -0.888594 -0.449633 5.253751
v -0.560585 -0.356793 5.591672
v -0.884060 -0.447679 5.248813
v -0.556051 -0.354840 5.586736
v -0.879659 -0.445222 5.243867
v -0.551649 -0.352383 5.581788
v -0.875386 -0.442279 5.238912
v -0.547379 -0.349439 5.576833
v -0.871242 -0.438866 5.233951
v -0.543234 -0.346026 5.571872
v -0.867222 -0.435001 5.228986
v -0.539213 -0.342161 5.566909
v -0.863324 -0.430700 5.224021
v -0.535315 -0.337861 5.561942
v -0.859547 -0.425981 5.219058
v -0.531538 -0.333142 5.556979
v -0.855885 -0.420861 5.214097
v -0.527878 -0.328021 5.552020
v -0.852340 -0.415357 5.209144
v -0.524332 -0.322517 5.547067
v -0.870780 -0.286835 5.191733
v -0.542772 -0.193995 5.529655
v -0.493670 -0.166509 4.792628
v -0.165661 -0.073670 5.130549
v -0.503099 -0.159684 4.799905
v -0.175091 -0.066844 5.137828
v -0.512005 -0.153739 4.806916
v -0.183996 -0.060900 5.144837
v -0.520445 -0.148628 4.813706
v -0.192436 -0.055789 5.151628
v -0.528484 -0.144305 4.820321
v -0.200476 -0.051466 5.158244
v -0.536184 -0.140722 4.826810
v -0.208176 -0.047882 5.164731
v -0.543604 -0.137831 4.833219
v -0.215595 -0.044991 5.171140
v -0.550808 -0.135586 4.839593
v -0.222799 -0.042746 5.177516
v -0.557856 -0.133940 4.845983
v -0.229847 -0.041100 5.183904
v -0.564808 -0.132845 4.852431
v -0.236799 -0.040005 5.190352
v -0.571730 -0.132255 4.858987
v -0.243721 -0.039415 5.196908
v -0.578678 -0.132122 4.865695
v -0.250669 -0.039283 5.203618
v -0.592623 -0.133515 4.879613
v -0.264614 -0.040675 5.217536
v -0.605402 -0.137285 4.893054
v -0.277393 -0.044446 5.230975
v -0.616953 -0.143328 4.905925
v -0.288944 -0.050489 5.243848
v -0.627213 -0.151537 4.918139
v -0.299204 -0.058697 5.256063
v -0.636122 -0.161804 4.929608
v -0.308113 -0.068964 5.267531
v -0.643618 -0.174024 4.940242
v -0.315609 -0.081184 5.278163
v -0.649637 -0.188090 4.949948
v -0.321629 -0.095250 5.287869
v -0.654118 -0.203895 4.958640
v -0.326109 -0.111055 5.296563
v -0.657000 -0.221333 4.966229
v -0.328991 -0.128494 5.304151
v -0.658220 -0.240298 4.972625
v -0.330212 -0.147458 5.310546
v -0.657717 -0.260683 4.977736
v -0.329708 -0.167843 5.315658
v -0.655428 -0.282381 4.981475
v -0.327419 -0.189542 5.319396
v -0.651381 -0.304414 4.983600
v -0.323372 -0.211574 5.321523
v -0.645840 -0.324850 4.983836
v -0.317831 -0.232010 5.321757
v -0.638882 -0.343624 4.982240
v -0.310873 -0.250785 5.320163
v -0.630587 -0.360674 4.978873
v -0.302578 -0.267834 5.316794
v -0.621035 -0.375935 4.973792
v -0.293026 -0.283096 5.311715
v -0.610302 -0.389343 4.967059
v -0.282293 -0.296504 5.304980
v -0.598469 -0.400835 4.958730
v -0.270460 -0.307995 5.296653
v -0.585615 -0.410345 4.948867
v -0.257607 -0.317506 5.286788
v -0.571817 -0.417812 4.937526
v -0.243809 -0.324972 5.275447
v -0.557158 -0.423169 4.924767
v -0.229149 -0.330330 5.262689
v -0.541714 -0.426355 4.910651
v -0.213705 -0.333515 5.248572
v -0.525562 -0.427304 4.895236
v -0.197554 -0.334464 5.233157
v -0.518812 -0.427021 4.888604
v -0.190804 -0.334182 5.226525
v -0.512152 -0.426330 4.881949
v -0.184143 -0.333491 5.219871
v -0.505554 -0.425230 4.875245
v -0.177546 -0.332391 5.213166
v -0.498995 -0.423721 4.868463
v -0.170986 -0.330882 5.206384
v -0.492443 -0.421803 4.861575
v -0.164434 -0.328964 5.199498
v -0.485874 -0.419475 4.854560
v -0.157866 -0.326636 5.192481
v -0.479258 -0.416737 4.847386
v -0.151249 -0.323898 5.185308
v -0.472569 -0.413589 4.840028
v -0.144560 -0.320749 5.177951
v -0.465780 -0.410030 4.832461
v -0.137772 -0.317190 5.170382
v -0.458862 -0.406060 4.824655
v -0.130854 -0.313221 5.162578
v -0.451790 -0.401679 4.816586
v -0.123781 -0.308840 5.154508
v -0.444534 -0.396886 4.808228
v -0.116526 -0.304047 5.146150
v -0.432148 -0.483222 4.819922
v -0.104139 -0.390382 5.157845
v -0.437422 -0.486675 4.825992
v -0.109413 -0.393836 5.163913
v -0.443428 -0.490021 4.832740
v -0.115419 -0.397182 5.170661
v -0.450075 -0.493225 4.840074
v -0.122066 -0.400386 5.177995
v -0.457281 -0.496251 4.847899
v -0.129272 -0.403411 5.185821
v -0.464954 -0.499064 4.856120
v -0.136946 -0.406224 5.194041
v -0.473011 -0.501628 4.864644
v -0.145000 -0.408789 5.202565
v -0.481361 -0.503910 4.873376
v -0.153353 -0.411070 5.211297
v -0.489918 -0.505873 4.882222
v -0.161909 -0.413033 5.220143
v -0.498598 -0.507482 4.891089
v -0.170589 -0.414643 5.229011
v -0.507309 -0.508703 4.899880
v -0.179300 -0.415864 5.237802
v -0.515966 -0.509501 4.908504
v -0.187958 -0.416661 5.246425
v -0.524485 -0.509839 4.916863
v -0.196476 -0.416999 5.254786
v -0.548132 -0.508239 4.939378
v -0.220123 -0.415399 5.277301
v -0.570971 -0.503006 4.960109
v -0.242962 -0.410166 5.298032
v -0.592840 -0.494322 4.978951
v -0.264832 -0.401482 5.316873
v -0.613579 -0.482370 4.995797
v -0.285570 -0.389530 5.333718
v -0.633024 -0.467332 5.010543
v -0.305016 -0.374492 5.348464
v -0.651020 -0.449390 5.023080
v -0.323011 -0.356551 5.361001
v -0.667402 -0.428728 5.033305
v -0.339394 -0.335888 5.371226
v -0.682011 -0.405527 5.041110
v -0.354002 -0.312687 5.379031
v -0.694683 -0.379969 5.046391
v -0.366674 -0.287130 5.384313
v -0.705263 -0.352238 5.049041
v -0.377254 -0.259398 5.386962
v -0.713587 -0.322515 5.048953
v -0.385578 -0.229676 5.386876
v -0.719494 -0.290983 5.046025
v -0.391485 -0.198143 5.383946
v -0.723271 -0.255795 5.040025
v -0.395264 -0.162955 5.377946
v -0.724236 -0.222922 5.031928
v -0.396227 -0.130082 5.369851
v -0.722456 -0.192501 5.021844
v -0.394447 -0.099661 5.359765
v -0.718003 -0.164669 5.009875
v -0.389994 -0.071830 5.347796
v -0.710946 -0.139565 4.996127
v -0.382936 -0.046726 5.334050
v -0.701355 -0.117325 4.980708
v -0.373346 -0.024486 5.318629
v -0.689301 -0.098087 4.963721
v -0.361292 -0.005247 5.301642
v -0.674852 -0.081987 4.945273
v -0.346844 0.010852 5.283195
v -0.658079 -0.069164 4.925469
v -0.330070 0.023676 5.263392
v -0.639053 -0.059754 4.904418
v -0.311045 0.033086 5.242339
v -0.617844 -0.053895 4.882220
v -0.289835 0.038945 5.220141
v -0.594521 -0.051723 4.858983
v -0.266512 0.041116 5.196906
v -0.585415 -0.051861 4.850184
v -0.257406 0.040979 5.188106
v -0.576689 -0.052477 4.841882
v -0.248680 0.040363 5.179803
v -0.568279 -0.053554 4.834014
v -0.240269 0.039285 5.171937
v -0.560127 -0.055075 4.826520
v -0.232119 0.037765 5.164441
v -0.552174 -0.057020 4.819335
v -0.224165 0.035819 5.157256
v -0.544357 -0.059374 4.812394
v -0.216349 0.033466 5.150317
v -0.536621 -0.062117 4.805638
v -0.208612 0.030722 5.143561
v -0.528902 -0.065233 4.799003
v -0.200893 0.027607 5.136926
v -0.521145 -0.068702 4.792426
v -0.193136 0.024137 5.130347
v -0.513285 -0.072509 4.785842
v -0.185276 0.020331 5.123763
v -0.505264 -0.076634 4.779191
v -0.177256 0.016205 5.117112
v -0.497025 -0.081061 4.772408
v -0.169016 0.011779 5.110332
v -0.483652 -0.174264 4.785035
v -0.155643 -0.081424 5.122956
v -0.046486 -0.495471 4.448939
v 0.281523 -0.402632 4.786862
v -0.132452 -0.496465 4.532659
v 0.195557 -0.403625 4.870580
v -0.325876 -0.273659 4.659194
v 0.002132 -0.180820 4.997115
v -0.214283 -0.056174 4.491122
v 0.113728 0.036666 4.829045
v -0.138344 -0.055297 4.417172
v 0.189665 0.037543 4.755094
v -0.244923 -0.272724 4.580359
v 0.083086 -0.179884 4.918281
v -0.360266 -0.499097 4.754510
v -0.032257 -0.406257 5.092433
v -0.456266 0.170001 4.663871
v -0.128258 0.262840 5.001792
v -0.392508 0.170738 4.601779
v -0.064499 0.263577 4.939700
v -0.296507 -0.498360 4.692420
v 0.031502 -0.405521 5.030341
vn 0.6834 0.1934 0.7040
vn 0.6833 0.1934 0.7040
vn 0.6833 0.1935 0.7040
vn 0.6834 0.1932 0.7040
vn 0.6834 0.1935 0.7040
vn 0.6833 0.1932 0.7041
vn 0.6834 0.1933 0.7040
vn 0.6834 0.1931 0.7040
vn 0.6834 0.1935 0.7039
vn 0.6835 0.1933 0.7039
vn 0.6832 0.1935 0.7042
vn 0.6833 0.1934 0.7041
vn 0.6834 0.1938 0.7038
vn 0.6833 0.1937 0.7039
vn 0.6832 0.1934 0.7041
vn 0.6834 0.1934 0.7039
vn 0.6833 0.1935 0.7041
vn 0.6833 0.1933 0.7040
vn 0.6833 0.1933 0.7041
vn 0.6833 0.1939 0.7039
vn 0.6833 0.1936 0.7040
vn 0.6833 0.1937 0.7040
vn 0.6835 0.1932 0.7039
vn 0.6834 0.1931 0.7041
vn 0.6835 0.1932 0.7040
vn 0.6834 0.1936 0.7039
vn 0.6832 0.1935 0.7041
vn 0.6835 0.1934 0.7039
vn 0.6834 0.1932 0.7041
vn 0.6834 0.1936 0.7040
vn 0.6833 0.1938 0.7040
vn 0.6835 0.1937 0.7038
vn 0.6835 0.1931 0.7040
vn -0.6833 -0.1934 -0.7040
vn -0.6833 -0.1935 -0.7040
vn -0.6834 -0.1934 -0.7040
vn -0.6834 -0.1932 -0.7040
vn -0.6834 -0.1935 -0.7040
vn -0.6833 -0.1936 -0.7040
vn -0.6834 -0.1933 -0.7040
vn -0.6833 -0.1933 -0.7040
vn -0.6833 -0.1935 -0.7041
vn -0.6835 -0.1934 -0.7039
vn -0.6835 -0.1931 -0.7039
vn -0.6834 -0.1935 -0.7039
vn -0.6836 -0.1933 -0.7038
vn -0.6832 -0.1935 -0.7041
vn -0.6832 -0.1933 -0.7041
vn -0.6833 -0.1934 -0.7041
vn -0.6835 -0.1935 -0.7038
vn -0.6835 -0.1933 -0.7039
vn -0.6834 -0.1930 -0.7041
vn -0.6834 -0.1931 -0.7040
vn -0.6832 -0.1936 -0.7041
vn -0.6834 -0.1937 -0.7039
vn -0.6834 -0.1934 -0.7039
vn -0.6833 -0.1933 -0.7041
vn -0.6833 -0.1937 -0.7040
vn -0.6834 -0.1936 -0.7039
vn -0.6834 -0.1932 -0.7041
vn -0.6833 -0.1938 -0.7039
vn -0.6832 -0.1934 -0.7042
vn -0.6835 -0.1932 -0.7040
vn -0.6832 -0.1934 -0.7041
vn -0.6834 -0.1938 -0.7039
vn -0.6835 -0.1932 -0.7039
vn -0.6833 -0.1937 -0.7039
vn -0.1225 0.9810 -0.1506
vn -0.0642 0.9765 -0.2060
vn 0.0201 0.9589 -0.2830
vn 0.1113 0.9254 -0.3622
vn 0.2066 0.8736 -0.4406
vn 0.3024 0.8027 -0.5140
vn 0.3942 0.7139 -0.5788
vn 0.4781 0.6102 -0.6317
vn 0.5510 0.4959 -0.6711
vn 0.6114 0.3754 -0.6966
vn 0.6587 0.2525 -0.7088
vn 0.6934 0.1299 -0.7087
vn 0.7148 0.0188 -0.6991
vn 0.7257 -0.0740 -0.6841
vn 0.7300 -0.1641 -0.6635
vn 0.7275 -0.2618 -0.6342
vn 0.7163 -0.3639 -0.5953
vn 0.6955 -0.4659 -0.5471
vn 0.6650 -0.5629 -0.4908
vn 0.6265 -0.6505 -0.4294
vn 0.5824 -0.7260 -0.3658
vn 0.5355 -0.7882 -0.3033
vn 0.4887 -0.8376 -0.2442
vn 0.4437 -0.8758 -0.1901
vn 0.6779 -0.5262 -0.5134
vn 0.6779 -0.5263 -0.5134
vn 0.4735 0.6166 -0.6290
vn 0.4736 0.6165 -0.6290
vn 0.0595 0.9463 -0.3177
vn 0.1298 0.9167 -0.3779
vn 0.2037 0.8755 -0.4382
vn 0.2798 0.8213 -0.4972
vn 0.3565 0.7531 -0.5530
vn 0.4314 0.6709 -0.6031
vn 0.5020 0.5757 -0.6454
vn 0.5655 0.4696 -0.6780
vn 0.6198 0.3560 -0.6994
vn 0.6632 0.2388 -0.7093
vn 0.6952 0.1220 -0.7083
vn 0.7168 0.0053 -0.6972
vn 0.7284 -0.1155 -0.6753
vn 0.7287 -0.2400 -0.6414
vn 0.7163 -0.3644 -0.5951
vn 0.6899 -0.4867 -0.5359
vn 0.6488 -0.6030 -0.4641
vn 0.5936 -0.7086 -0.3815
vn 0.5263 -0.7988 -0.2914
vn 0.4504 -0.8706 -0.1980
vn 0.3703 -0.9229 -0.1058
vn 0.2900 -0.9568 -0.0186
vn 0.2131 -0.9751 0.0611
vn 0.1582 -0.9806 0.1159
vn -0.4070 -0.6996 0.5873
vn -0.6061 0.6879 0.3993
vn -0.1523 0.9808 -0.1216
vn -0.1900 0.9782 -0.0843
vn -0.2466 0.9688 -0.0268
vn -0.3120 0.9492 0.0420
vn -0.3858 0.9143 0.1233
vn -0.4657 0.8581 0.2163
vn -0.5462 0.7753 0.3171
vn -0.6192 0.6644 0.4185
vn -0.6765 0.5304 0.5109
vn -0.7129 0.3847 0.5863
vn -0.7287 0.2407 0.6412
vn -0.7281 0.1087 0.6768
vn -0.7169 -0.0050 0.6972
vn -0.6979 -0.1100 0.7077
vn -0.6683 -0.2227 0.7098
vn -0.6238 -0.3464 0.7006
vn -0.5618 -0.4765 0.6763
vn -0.4821 -0.6047 0.6340
vn -0.3877 -0.7209 0.5744
vn -0.2852 -0.8169 0.5013
vn -0.1823 -0.8885 0.4210
vn -0.0856 -0.9364 0.3403
vn 0.0010 -0.9645 0.2640
vn 0.0760 -0.9779 0.1949
vn 0.1256 -0.9810 0.1476
vn 0.6061 -0.6879 -0.3993
vn 0.4070 0.6996 -0.5873
vn -0.1560 0.9807 -0.1180
vn -0.2050 0.9763 -0.0693
vn -0.2763 0.9611 0.0041
vn -0.3544 0.9309 0.0882
vn -0.4365 0.8812 0.1816
vn -0.5175 0.8085 0.2802
vn -0.5913 0.7123 0.3782
vn -0.6515 0.5967 0.4685
vn -0.6946 0.4694 0.5452
vn -0.7198 0.3396 0.6054
vn -0.7296 0.2145 0.6493
vn -0.7275 0.0986 0.6790
vn -0.7154 -0.0150 0.6985
vn -0.6903 -0.1429 0.7093
vn -0.6474 -0.2851 0.7068
vn -0.5861 -0.4296 0.6870
vn -0.5077 -0.5671 0.6486
vn -0.4166 -0.6885 0.5936
vn -0.3197 -0.7876 0.5267
vn -0.2234 -0.8626 0.4538
vn -0.1329 -0.9152 0.3804
vn -0.0508 -0.9493 0.3101
vn 0.0217 -0.9692 0.2452
vn 0.0851 -0.9788 0.1863
vn 0.1276 -0.9811 0.1457
vn 0.5050 -0.8216 -0.2645
vn 0.4956 -0.8310 -0.2527
vn 0.4818 -0.8440 -0.2358
vn 0.4628 -0.8605 -0.2128
vn 0.4375 -0.8805 -0.1827
vn 0.4051 -0.9026 -0.1452
vn 0.3657 -0.9252 -0.1008
vn 0.3206 -0.9458 -0.0514
vn 0.2722 -0.9622 0.0001
vn 0.2241 -0.9733 0.0499
vn 0.1799 -0.9791 0.0945
vn 0.1387 -0.9811 0.1350
vn 0.0925 -0.9794 0.1793
vn 0.0358 -0.9720 0.2323
vn -0.0312 -0.9557 0.2928
vn -0.1083 -0.9268 0.3597
vn -0.1939 -0.8816 0.4303
vn -0.2843 -0.8176 0.5007
vn -0.3740 -0.7354 0.5651
vn -0.4567 -0.6390 0.6189
vn -0.5278 -0.5353 0.6594
vn -0.5850 -0.4319 0.6865
vn -0.6285 -0.3348 0.7021
vn -0.0892 -0.9349 0.3434
vn -0.0891 -0.9350 0.3434
vn 0.5329 -0.7912 -0.2999
vn 0.5078 -0.8187 -0.2680
vn 0.4804 -0.8452 -0.2341
vn 0.4506 -0.8704 -0.1982
vn 0.4506 -0.8704 -0.1983
vn 0.4185 -0.8939 -0.1606
vn 0.3841 -0.9153 -0.1213
vn 0.3475 -0.9342 -0.0807
vn 0.3090 -0.9503 -0.0388
vn 0.2687 -0.9632 0.0038
vn 0.2270 -0.9728 0.0469
vn 0.1842 -0.9787 0.0900
vn 0.1281 -0.9811 0.1452
vn 0.0442 -0.9735 0.2245
vn -0.0551 -0.9479 0.3139
vn -0.1541 -0.9043 0.3980
vn -0.2498 -0.8441 0.4744
vn -0.3397 -0.7693 0.5411
vn -0.4220 -0.6823 0.5970
vn -0.4955 -0.5853 0.6418
vn -0.5598 -0.4803 0.6753
vn -0.6143 -0.3687 0.6976
vn -0.6589 -0.2520 0.7088
vn -0.6931 -0.1313 0.7088
vn -0.7174 -0.0010 0.6966
vn -0.7297 0.1505 0.6670
vn -0.7227 0.3157 0.6148
vn -0.6936 0.4729 0.5434
vn -0.6469 0.6075 0.4610
vn -0.5912 0.7123 0.3782
vn -0.5355 0.7882 0.3032
vn -0.4856 0.8405 0.2404
vn -0.4443 0.8753 0.1908
vn -0.4129 0.8977 0.1541
vn -0.3913 0.9111 0.1295
vn -0.3794 0.9179 0.1161
vn -0.3740 0.9209 0.1100
vn -0.6663 0.5594 0.4931
vn -0.7133 -0.0290 0.7003
vn -0.7006 -0.0975 0.7068
vn -0.6745 -0.2018 0.7101
vn -0.6332 -0.3231 0.7033
vn -0.5723 -0.4567 0.6810
vn -0.4902 -0.5931 0.6388
vn -0.3899 -0.7186 0.5759
vn -0.2801 -0.8211 0.4974
vn -0.1715 -0.8948 0.4123
vn -0.0727 -0.9415 0.3292
vn 0.0121 -0.9671 0.2539
vn 0.0824 -0.9785 0.1889
vn 0.1414 -0.9811 0.1323
vn 0.1967 -0.9774 0.0776
vn 0.2515 -0.9676 0.0217
vn 0.3047 -0.9518 -0.0343
vn 0.3048 -0.9518 -0.0343
vn 0.3557 -0.9303 -0.0897
vn 0.4038 -0.9035 -0.1437
vn 0.4486 -0.8720 -0.1959
vn 0.4898 -0.8366 -0.2455
vn 0.5271 -0.7979 -0.2924
vn 0.5605 -0.7569 -0.3361
vn 0.5901 -0.7142 -0.3766
vn 0.6160 -0.6704 -0.4137
vn -0.1242 -0.9194 0.3732
vn -0.7185 0.3492 0.6015
vn -0.6068 0.6866 0.4004
vn -0.5729 0.7398 0.3528
vn -0.5346 0.7893 0.3021
vn -0.4927 0.8338 0.2492
vn -0.4481 0.8724 0.1953
vn -0.4481 0.8724 0.1952
vn -0.4017 0.9048 0.1414
vn -0.3549 0.9307 0.0888
vn -0.3085 0.9505 0.0383
vn -0.2633 0.9647 -0.0095
vn -0.2201 0.9740 -0.0539
vn -0.1793 0.9792 -0.0950
vn -0.1347 0.9811 -0.1388
vn -0.0762 0.9779 -0.1947
vn -0.0052 0.9655 -0.2602
vn 0.0737 0.9411 -0.3301
vn 0.1602 0.9011 -0.4030
vn 0.2528 0.8419 -0.4767
vn 0.3484 0.7609 -0.5473
vn 0.4421 0.6578 -0.6098
vn 0.5275 0.5358 -0.6593
vn 0.5995 0.4017 -0.6923
vn 0.6548 0.2642 -0.7081
vn 0.6930 0.1317 -0.7088
vn 0.7118 0.0378 -0.7013
vn 0.7141 0.0232 -0.6996
vn 0.7054 0.0740 -0.7050
vn 0.6879 0.1525 -0.7096
vn 0.6605 0.2471 -0.7090
vn 0.6184 0.3591 -0.6990
vn 0.5569 0.4853 -0.6740
vn 0.4729 0.6175 -0.6286
vn 0.3682 0.7414 -0.5610
vn 0.3679 0.7416 -0.5610
vn 0.2507 0.8434 -0.4751
vn 0.1329 0.9152 -0.3804
vn 0.1329 0.9152 -0.3803
vn 0.0257 0.9573 -0.2879
vn -0.0654 0.9766 -0.2051
vn -0.0650 0.9766 -0.2051
vn -0.1508 0.9809 -0.1231
vn -0.1508 0.9809 -0.1232
vn -0.2365 0.9709 -0.0373
vn -0.3064 0.9512 0.0361
vn -0.3570 0.9297 0.0911
vn -0.3951 0.9088 0.1338
vn -0.4250 0.8894 0.1682
vn -0.4494 0.8714 0.1968
vn -0.4698 0.8546 0.2213
vn -0.4876 0.8386 0.2429
vn -0.5033 0.8234 0.2623
vn -0.5174 0.8086 0.2800
vn -0.5303 0.7943 0.2966
vn 0.1987 0.8786 -0.4342
vn 0.1984 0.8787 -0.4342
vn 0.6968 -0.4604 -0.5499
vn 0.3727 -0.9216 -0.1086
vn 0.3850 -0.9148 -0.1224
vn 0.4033 -0.9038 -0.1431
vn 0.4283 -0.8871 -0.1721
vn 0.4612 -0.8618 -0.2109
vn 0.5027 -0.8239 -0.2616
vn 0.5528 -0.7670 -0.3258
vn 0.6092 -0.6824 -0.4039
vn 0.6658 -0.5607 -0.4922
vn 0.7107 -0.3971 -0.5807
vn 0.7299 -0.2001 -0.6536
vn 0.7193 -0.0134 -0.6945
vn 0.6933 0.1302 -0.7088
vn 0.6581 0.2543 -0.7087
vn 0.6104 0.3776 -0.6963
vn 0.5507 0.4965 -0.6710
vn 0.4801 0.6074 -0.6329
vn 0.4003 0.7071 -0.5829
vn 0.3137 0.7929 -0.5223
vn 0.2225 0.8632 -0.4531
vn 0.1293 0.9170 -0.3774
vn 0.0364 0.9540 -0.2975
vn -0.0541 0.9750 -0.2154
vn -0.1345 0.9811 -0.1390
vn -0.1994 0.9771 -0.0749
vn -0.2557 0.9666 -0.0174
vn -0.3085 0.9504 0.0384
vn -0.3573 0.9295 0.0915
vn -0.4016 0.9048 0.1413
vn -0.4414 0.8775 0.1874
vn -0.4767 0.8485 0.2296
vn -0.5078 0.8188 0.2679
vn -0.5350 0.7888 0.3026
vn -0.5587 0.7593 0.3337
vn -0.5792 0.7306 0.3615
vn -0.7126 0.3866 0.5855
vn -0.3005 -0.8043 0.5127
vn -0.2589 -0.8374 0.4814
vn -0.2343 -0.8551 0.4624
vn -0.2059 -0.8740 0.4400
vn -0.1736 -0.8935 0.4140
vn -0.1376 -0.9129 0.3844
vn -0.0983 -0.9311 0.3512
vn -0.0565 -0.9474 0.3151
vn -0.0136 -0.9607 0.2772
vn 0.0290 -0.9707 0.2386
vn 0.0696 -0.9771 0.2009
vn 0.1070 -0.9804 0.1655
vn 0.1554 -0.9807 0.1186
vn 0.2323 -0.9718 0.0415
vn 0.3236 -0.9446 -0.0546
vn 0.4120 -0.8982 -0.1532
vn 0.4937 -0.8328 -0.2505
vn 0.5656 -0.7500 -0.3430
vn 0.6252 -0.6530 -0.4275
vn 0.6712 -0.5459 -0.5015
vn 0.7033 -0.4331 -0.5637
vn 0.7224 -0.3186 -0.6137
vn 0.7299 -0.2054 -0.6520
vn 0.7273 -0.0961 -0.6796
vn 0.7162 0.0097 -0.6979
vn 0.6958 0.1196 -0.7082
vn 0.6635 0.2379 -0.7094
vn 0.6175 0.3613 -0.6987
vn 0.5571 0.4851 -0.6740
vn 0.4828 0.6037 -0.6344
vn 0.3969 0.7109 -0.5806
vn 0.3035 0.8017 -0.5149
vn 0.2070 0.8734 -0.4409
vn 0.1117 0.9252 -0.3626
vn 0.0209 0.9587 -0.2836
vn -0.0634 0.9763 -0.2067
vn -0.1301 0.9811 -0.1433
vn -0.1722 0.9798 -0.1020
vn -0.2033 0.9765 -0.0709
vn -0.2336 0.9715 -0.0401
vn -0.2626 0.9649 -0.0102
vn -0.2898 0.9569 0.0184
vn -0.3151 0.9480 0.0454
vn -0.3380 0.9385 0.0703
vn -0.3588 0.9288 0.0931
vn -0.3771 0.9192 0.1135
vn -0.3933 0.9099 0.1317
vn -0.4073 0.9012 0.1478
vn 0.2756 0.8246 -0.4941
vn 0.2756 0.8246 -0.4940
vn 0.6757 -0.5329 -0.5094
vn 0.3961 -0.9082 -0.1350
vn 0.3667 -0.9248 -0.1018
vn 0.3413 -0.9370 -0.0739
vn 0.3188 -0.9465 -0.0494
vn 0.2979 -0.9542 -0.0270
vn 0.2779 -0.9606 -0.0058
vn 0.2581 -0.9660 0.0149
vn 0.2379 -0.9706 0.0357
vn 0.2168 -0.9745 0.0573
vn 0.1940 -0.9777 0.0803
vn 0.1687 -0.9800 0.1055
vn 0.1272 -0.9811 0.1461
vn 0.0547 -0.9751 0.2148
vn -0.0358 -0.9542 0.2969
vn -0.1293 -0.9170 0.3774
vn -0.2235 -0.8626 0.4539
vn -0.3157 -0.7911 0.5238
vn -0.4033 -0.7038 0.5848
vn -0.4834 -0.6028 0.6348
vn -0.5538 -0.4910 0.6725
vn -0.6128 -0.3721 0.6971
vn -0.6596 -0.2499 0.7089
vn -0.6939 -0.1277 0.7086
vn -0.7156 -0.0134 0.6983
vn -0.7270 0.0918 0.6805
vn -0.7300 0.1988 0.6539
vn -0.7231 0.3122 0.6161
vn -0.7042 0.4293 0.5656
vn -0.6711 0.5460 0.5014
vn -0.6230 0.6572 0.4242
vn -0.5604 0.7570 0.3360
vn -0.4855 0.8406 0.2403
vn -0.4020 0.9046 0.1417
vn -0.3143 0.9483 0.0445
vn -0.2264 0.9729 -0.0475
vn -0.1548 0.9807 -0.1192
vn -0.1120 0.9806 -0.1607
vn -0.0816 0.9785 -0.1896
vn -0.0500 0.9744 -0.2192
vn -0.0179 0.9684 -0.2487
vn 0.0138 0.9607 -0.2773
vn 0.0441 0.9516 -0.3042
vn 0.0721 0.9417 -0.3287
vn 0.0972 0.9316 -0.3503
vn 0.1188 0.9220 -0.3686
vn 0.1365 0.9134 -0.3834
vn 0.1503 0.9064 -0.3949
vn 0.5218 0.5451 -0.6562
vn 0.4664 -0.8576 -0.2170
vn 0.7162 -0.3648 -0.5949
vn -0.1472 -0.9079 0.3924
vn 0.7162 -0.3648 -0.5950
vn -0.7133 -0.0285 0.7002
vn -0.4193 0.8934 0.1616
vn 0.5939 0.4135 -0.6901
vn 0.7107 0.0447 -0.7021
vt 0.666667 0.000000
vt 0.888889 0.000000
vt 0.777778 0.000000
vt 1.000000 0.000000
vt 0.555556 0.000000
vt 0.444444 0.000000
vt 0.000000 0.000000
vt 0.222222 0.000000
vt 0.111111 0.000000
vt 0.333333 0.000000
vt 0.855670 0.000000
vt 0.876289 0.000000
vt 0.865979 0.000000
vt 0.886598 0.000000
vt 0.896907 0.000000
vt 0.845361 0.000000
vt 0.907216 0.000000
vt 0.917526 0.000000
vt 0.927835 0.000000
vt 0.835052 0.000000
vt 0.938144 0.000000
vt 0.948454 0.000000
vt 0.958763 0.000000
vt 0.824742 0.000000
vt 0.969072 0.000000
vt 0.979381 0.000000
vt 0.989691 0.000000
vt 0.814433 0.000000
vt 0.072165 0.000000
vt 0.061856 0.000000
vt 0.051546 0.000000
vt 0.041237 0.000000
vt 0.030928 0.000000
vt 0.020619 0.000000
vt 0.010309 0.000000
vt 0.804124 0.000000
vt 0.092784 0.000000
vt 0.082474 0.000000
vt 0.793814 0.000000
vt 0.113402 0.000000
vt 0.103093 0.000000
vt 0.123711 0.000000
vt 0.134021 0.000000
vt 0.144330 0.000000
vt 0.783505 0.000000
vt 0.154639 0.000000
vt 0.164948 0.000000
vt 0.175258 0.000000
vt 0.773196 0.000000
vt 0.185567 0.000000
vt 0.195876 0.000000
vt 0.762887 0.000000
vt 0.206186 0.000000
vt 0.216495 0.000000
vt 0.752577 0.000000
vt 0.226804 0.000000
vt 0.742268 0.000000
vt 0.237113 0.000000
vt 0.247423 0.000000
vt 0.731959 0.000000
vt 0.257732 0.000000
vt 0.721649 0.000000
vt 0.268041 0.000000
vt 0.278351 0.000000
vt 0.711340 0.000000
vt 0.288660 0.000000
vt 0.298969 0.000000
vt 0.701031 0.000000
vt 0.309278 0.000000
vt 0.474227 0.000000
vt 0.494845 0.000000
vt 0.484536 0.000000
vt 0.319588 0.000000
vt 0.463918 0.000000
vt 0.690722 0.000000
vt 0.453608 0.000000
vt 0.329897 0.000000
vt 0.443299 0.000000
vt 0.432990 0.000000
vt 0.422680 0.000000
vt 0.340206 0.000000
vt 0.412371 0.000000
vt 0.402062 0.000000
vt 0.350515 0.000000
vt 0.391753 0.000000
vt 0.381443 0.000000
vt 0.360825 0.000000
vt 0.371134 0.000000
vt 0.680412 0.000000
vt 0.670103 0.000000
vt 0.659794 0.000000
vt 0.649485 0.000000
vt 0.505155 0.000000
vt 0.515464 0.000000
vt 0.525773 0.000000
vt 0.639175 0.000000
vt 0.536082 0.000000
vt 0.546392 0.000000
vt 0.556701 0.000000
vt 0.567010 0.000000
vt 0.628866 0.000000
vt 0.577320 0.000000
vt 0.587629 0.000000
vt 0.597938 0.000000
vt 0.618557 0.000000
vt 0.608247 0.000000
vt 0.560694 0.000000
vt 0.572254 0.000000
vt 0.566474 0.000000
vt 0.554913 0.000000
vt 0.578035 0.000000
vt 0.549133 0.000000
vt 0.543353 0.000000
vt 0.583815 0.000000
vt 0.537572 0.000000
vt 0.589595 0.000000
vt 0.531792 0.000000
vt 0.526012 0.000000
vt 0.595376 0.000000
vt 0.520231 0.000000
vt 0.601156 0.000000
vt 0.514451 0.000000
vt 0.508671 0.000000
vt 0.606936 0.000000
vt 0.502890 0.000000
vt 0.612717 0.000000
vt 0.497110 0.000000
vt 0.491329 0.000000
vt 0.485549 0.000000
vt 0.479769 0.000000
vt 0.473988 0.000000
vt 0.468208 0.000000
vt 0.462428 0.000000
vt 0.456647 0.000000
vt 0.450867 0.000000
vt 0.445087 0.000000
vt 0.439306 0.000000
vt 0.433526 0.000000
vt 0.427746 0.000000
vt 0.421965 0.000000
vt 0.618497 0.000000
vt 0.416185 0.000000
vt 0.624277 0.000000
vt 0.410405 0.000000
vt 0.404624 0.000000
vt 0.398844 0.000000
vt 0.393064 0.000000
vt 0.387283 0.000000
vt 0.630058 0.000000
vt 0.381503 0.000000
vt 0.375723 0.000000
vt 0.369942 0.000000
vt 0.635838 0.000000
vt 0.364162 0.000000
vt 0.358382 0.000000
vt 0.641618 0.000000
vt 0.352601 0.000000
vt 0.346821 0.000000
vt 0.341040 0.000000
vt 0.335260 0.000000
vt 0.329480 0.000000
vt 0.323699 0.000000
vt 0.317919 0.000000
vt 0.791907 0.000000
vt 0.994220 0.000000
vt 0.797688 0.000000
vt 0.312139 0.000000
vt 0.803468 0.000000
vt 0.306358 0.000000
vt 0.809249 0.000000
vt 0.300578 0.000000
vt 0.815029 0.000000
vt 0.820809 0.000000
vt 0.294798 0.000000
vt 0.826590 0.000000
vt 0.289017 0.000000
vt 0.832370 0.000000
vt 0.838150 0.000000
vt 0.283237 0.000000
vt 0.843931 0.000000
vt 0.849711 0.000000
vt 0.277457 0.000000
vt 0.855491 0.000000
vt 0.271676 0.000000
vt 0.861272 0.000000
vt 0.867052 0.000000
vt 0.265896 0.000000
vt 0.872832 0.000000
vt 0.878613 0.000000
vt 0.988439 0.000000
vt 0.260116 0.000000
vt 0.982659 0.000000
vt 0.884393 0.000000
vt 0.976879 0.000000
vt 0.774566 0.000000
vt 0.786127 0.000000
vt 0.780347 0.000000
vt 0.647399 0.000000
vt 0.890173 0.000000
vt 0.768786 0.000000
vt 0.971098 0.000000
vt 0.653179 0.000000
vt 0.763006 0.000000
vt 0.254335 0.000000
vt 0.895954 0.000000
vt 0.658960 0.000000
vt 0.965318 0.000000
vt 0.757225 0.000000
vt 0.664740 0.000000
vt 0.959538 0.000000
vt 0.751445 0.000000
vt 0.901734 0.000000
vt 0.670520 0.000000
vt 0.745665 0.000000
vt 0.953757 0.000000
vt 0.676301 0.000000
vt 0.739884 0.000000
vt 0.907514 0.000000
vt 0.682081 0.000000
vt 0.947977 0.000000
vt 0.734104 0.000000
vt 0.687861 0.000000
vt 0.248555 0.000000
vt 0.728324 0.000000
vt 0.913295 0.000000
vt 0.942197 0.000000
vt 0.693642 0.000000
vt 0.722543 0.000000
vt 0.699422 0.000000
vt 0.716763 0.000000
vt 0.936416 0.000000
vt 0.705202 0.000000
vt 0.710983 0.000000
vt 0.919075 0.000000
vt 0.930636 0.000000
vt 0.924855 0.000000
vt 0.132948 0.000000
vt 0.242775 0.000000
vt 0.138728 0.000000
vt 0.127168 0.000000
vt 0.236994 0.000000
vt 0.144509 0.000000
vt 0.121387 0.000000
vt 0.231214 0.000000
vt 0.150289 0.000000
vt 0.115607 0.000000
vt 0.005780 0.000000
vt 0.156069 0.000000
vt 0.109827 0.000000
vt 0.225434 0.000000
vt 0.011561 0.000000
vt 0.161850 0.000000
vt 0.104046 0.000000
vt 0.017341 0.000000
vt 0.219653 0.000000
vt 0.167630 0.000000
vt 0.098266 0.000000
vt 0.023121 0.000000
vt 0.173410 0.000000
vt 0.092486 0.000000
vt 0.028902 0.000000
vt 0.213873 0.000000
vt 0.179191 0.000000
vt 0.086705 0.000000
vt 0.034682 0.000000
vt 0.184971 0.000000
vt 0.040462 0.000000
vt 0.080925 0.000000
vt 0.208092 0.000000
vt 0.046243 0.000000
vt 0.190751 0.000000
vt 0.075145 0.000000
vt 0.052023 0.000000
vt 0.196532 0.000000
vt 0.069364 0.000000
vt 0.202312 0.000000
vt 0.057803 0.000000
vt 0.063584 0.000000
vt 0.476190 0.000000
vt 0.733333 0.000000
vt 0.485714 0.000000
vt 0.009524 0.000000
vt 0.019048 0.000000
vt 0.028571 0.000000
vt 0.038095 0.000000
vt 0.047619 0.000000
vt 0.057143 0.000000
vt 0.066667 0.000000
vt 0.723810 0.000000
vt 0.076190 0.000000
vt 0.742857 0.000000
vt 0.714286 0.000000
vt 0.704762 0.000000
vt 0.085714 0.000000
vt 0.695238 0.000000
vt 0.685714 0.000000
vt 0.676190 0.000000
vt 0.095238 0.000000
vt 0.657143 0.000000
vt 0.647619 0.000000
vt 0.104762 0.000000
vt 0.638095 0.000000
vt 0.628571 0.000000
vt 0.114286 0.000000
vt 0.619048 0.000000
vt 0.609524 0.000000
vt 0.123810 0.000000
vt 0.600000 0.000000
vt 0.133333 0.000000
vt 0.590476 0.000000
vt 0.142857 0.000000
vt 0.580952 0.000000
vt 0.152381 0.000000
vt 0.571429 0.000000
vt 0.161905 0.000000
vt 0.561905 0.000000
vt 0.171429 0.000000
vt 0.552381 0.000000
vt 0.180952 0.000000
vt 0.542857 0.000000
vt 0.533333 0.000000
vt 0.190476 0.000000
vt 0.523810 0.000000
vt 0.200000 0.000000
vt 0.514286 0.000000
vt 0.504762 0.000000
vt 0.495238 0.000000
vt 0.990476 0.000000
vt 0.209524 0.000000
vt 0.219048 0.000000
vt 0.228571 0.000000
vt 0.238095 0.000000
vt 0.247619 0.000000
vt 0.257143 0.000000
vt 0.266667 0.000000
vt 0.276190 0.000000
vt 0.285714 0.000000
vt 0.980952 0.000000
vt 0.295238 0.000000
vt 0.971429 0.000000
vt 0.961905 0.000000
vt 0.952381 0.000000
vt 0.304762 0.000000
vt 0.942857 0.000000
vt 0.933333 0.000000
vt 0.314286 0.000000
vt 0.923810 0.000000
vt 0.914286 0.000000
vt 0.323810 0.000000
vt 0.904762 0.000000
vt 0.895238 0.000000
vt 0.885714 0.000000
vt 0.342857 0.000000
vt 0.876190 0.000000
vt 0.866667 0.000000
vt 0.352381 0.000000
vt 0.857143 0.000000
vt 0.847619 0.000000
vt 0.361905 0.000000
vt 0.838095 0.000000
vt 0.371429 0.000000
vt 0.828571 0.000000
vt 0.819048 0.000000
vt 0.380952 0.000000
vt 0.809524 0.000000
vt 0.800000 0.000000
vt 0.390476 0.000000
vt 0.790476 0.000000
vt 0.780952 0.000000
vt 0.771429 0.000000
vt 0.400000 0.000000
vt 0.761905 0.000000
vt 0.752381 0.000000
vt 0.409524 0.000000
vt 0.419048 0.000000
vt 0.428571 0.000000
vt 0.438095 0.000000
vt 0.447619 0.000000
vt 0.457143 0.000000
vt 0.466667 0.000000
vt 0.000000 1.000000
vt 0.019231 1.000000
vt 0.019231 0.000000
vt 0.038462 1.000000
vt 0.038462 0.000000
vt 0.057692 1.000000
vt 0.057692 0.000000
vt 0.076923 1.000000
vt 0.076923 0.000000
vt 0.096154 1.000000
vt 0.096154 0.000000
vt 0.115385 1.000000
vt 0.115385 0.000000
vt 0.134615 1.000000
vt 0.134615 0.000000
vt 0.153846 1.000000
vt 0.153846 0.000000
vt 0.173077 1.000000
vt 0.173077 0.000000
vt 0.192308 1.000000
vt 0.192308 0.000000
vt 0.211538 1.000000
vt 0.211538 0.000000
vt 0.230769 1.000000
vt 0.230769 0.000000
vt 0.250000 1.000000
vt 0.250000 0.000000
vt 0.269231 1.000000
vt 0.269231 0.000000
vt 0.288462 1.000000
vt 0.288462 0.000000
vt 0.307692 1.000000
vt 0.307692 0.000000
vt 0.326923 1.000000
vt 0.326923 0.000000
vt 0.346154 1.000000
vt 0.346154 0.000000
vt 0.365385 1.000000
vt 0.365385 0.000000
vt 0.384615 1.000000
vt 0.384615 0.000000
vt 0.403846 1.000000
vt 0.403846 0.000000
vt 0.423077 1.000000
vt 0.423077 0.000000
vt 0.442308 1.000000
vt 0.442308 0.000000
vt 0.461538 1.000000
vt 0.461538 0.000000
vt 0.480769 1.000000
vt 0.480769 0.000000
vt 0.500000 1.000000
vt 0.500000 0.000000
vt 0.519231 1.000000
vt 0.519231 0.000000
vt 0.538462 1.000000
vt 0.538462 0.000000
vt 0.557692 1.000000
vt 0.557692 0.000000
vt 0.576923 1.000000
vt 0.576923 0.000000
vt 0.596154 1.000000
vt 0.596154 0.000000
vt 0.615385 1.000000
vt 0.615385 0.000000
vt 0.634615 1.000000
vt 0.634615 0.000000
vt 0.653846 1.000000
vt 0.653846 0.000000
vt 0.673077 1.000000
vt 0.673077 0.000000
vt 0.692308 1.000000
vt 0.692308 0.000000
vt 0.711538 1.000000
vt 0.711538 0.000000
vt 0.730769 1.000000
vt 0.730769 0.000000
vt 0.750000 1.000000
vt 0.750000 0.000000
vt 0.769231 1.000000
vt 0.769231 0.000000
vt 0.788462 1.000000
vt 0.788462 0.000000
vt 0.807692 1.000000
vt 0.807692 0.000000
vt 0.826923 1.000000
vt 0.826923 0.000000
vt 0.846154 1.000000
vt 0.846154 0.000000
vt 0.865385 1.000000
vt 0.865385 0.000000
vt 0.884615 1.000000
vt 0.884615 0.000000
vt 0.903846 1.000000
vt 0.903846 0.000000
vt 0.923077 1.000000
vt 0.923077 0.000000
vt 0.942308 1.000000
vt 0.942308 0.000000
vt 0.961538 1.000000
vt 0.961538 0.000000
vt 0.980769 1.000000
vt 0.980769 0.000000
vt 1.000000 1.000000
vt 0.037037 1.000000
vt 0.037037 0.000000
vt 0.074074 1.000000
vt 0.074074 0.000000
vt 0.111111 1.000000
vt 0.148148 1.000000
vt 0.148148 0.000000
vt 0.185185 1.000000
vt 0.185185 0.000000
vt 0.222222 1.000000
vt 0.259259 1.000000
vt 0.259259 0.000000
vt 0.296296 1.000000
vt 0.296296 0.000000
vt 0.333333 1.000000
vt 0.370370 1.000000
vt 0.370370 0.000000
vt 0.407407 1.000000
vt 0.407407 0.000000
vt 0.444444 1.000000
vt 0.481481 1.000000
vt 0.481481 0.000000
vt 0.518519 1.000000
vt 0.518519 0.000000
vt 0.555556 1.000000
vt 0.592593 1.000000
vt 0.592593 0.000000
vt 0.629630 1.000000
vt 0.629630 0.000000
vt 0.666667 1.000000
vt 0.703704 1.000000
vt 0.703704 0.000000
vt 0.740741 1.000000
vt 0.740741 0.000000
vt 0.777778 1.000000
vt 0.814815 1.000000
vt 0.814815 0.000000
vt 0.851852 1.000000
vt 0.851852 0.000000
vt 0.888889 1.000000
vt 0.925926 1.000000
vt 0.925926 0.000000
vt 0.962963 1.000000
vt 0.962963 0.000000
vt 0.007299 1.000000
vt 0.007299 0.000000
vt 0.014599 1.000000
vt 0.014599 0.000000
vt 0.021898 1.000000
vt 0.021898 0.000000
vt 0.029197 1.000000
vt 0.029197 0.000000
vt 0.036496 1.000000
vt 0.036496 0.000000
vt 0.043796 1.000000
vt 0.043796 0.000000
vt 0.051095 1.000000
vt 0.051095 0.000000
vt 0.058394 1.000000
vt 0.058394 0.000000
vt 0.065693 1.000000
vt 0.065693 0.000000
vt 0.072993 1.000000
vt 0.072993 0.000000
vt 0.080292 1.000000
vt 0.080292 0.000000
vt 0.087591 1.000000
vt 0.087591 0.000000
vt 0.094891 1.000000
vt 0.094891 0.000000
vt 0.102190 1.000000
vt 0.102190 0.000000
vt 0.109489 1.000000
vt 0.109489 0.000000
vt 0.116788 1.000000
vt 0.116788 0.000000
vt 0.124088 1.000000
vt 0.124088 0.000000
vt 0.131387 1.000000
vt 0.131387 0.000000
vt 0.138686 1.000000
vt 0.138686 0.000000
vt 0.145985 1.000000
vt 0.145985 0.000000
vt 0.153285 1.000000
vt 0.153285 0.000000
vt 0.160584 1.000000
vt 0.160584 0.000000
vt 0.167883 1.000000
vt 0.167883 0.000000
vt 0.175182 1.000000
vt 0.175182 0.000000
vt 0.182482 1.000000
vt 0.182482 0.000000
vt 0.189781 1.000000
vt 0.189781 0.000000
vt 0.197080 1.000000
vt 0.197080 0.000000
vt 0.204380 1.000000
vt 0.204380 0.000000
vt 0.211679 1.000000
vt 0.211679 0.000000
vt 0.218978 1.000000
vt 0.218978 0.000000
vt 0.226277 1.000000
vt 0.226277 0.000000
vt 0.233577 1.000000
vt 0.233577 0.000000
vt 0.240876 1.000000
vt 0.240876 0.000000
vt 0.248175 1.000000
vt 0.248175 0.000000
vt 0.255474 1.000000
vt 0.255474 0.000000
vt 0.262774 1.000000
vt 0.262774 0.000000
vt 0.270073 1.000000
vt 0.270073 0.000000
vt 0.277372 1.000000
vt 0.277372 0.000000
vt 0.284672 1.000000
vt 0.284672 0.000000
vt 0.291971 1.000000
vt 0.291971 0.000000
vt 0.299270 1.000000
vt 0.299270 0.000000
vt 0.306569 1.000000
vt 0.306569 0.000000
vt 0.313869 1.000000
vt 0.313869 0.000000
vt 0.321168 1.000000
vt 0.321168 0.000000
vt 0.328467 1.000000
vt 0.328467 0.000000
vt 0.335766 1.000000
vt 0.335766 0.000000
vt 0.343066 1.000000
vt 0.343066 0.000000
vt 0.350365 1.000000
vt 0.350365 0.000000
vt 0.357664 1.000000
vt 0.357664 0.000000
vt 0.364964 1.000000
vt 0.364964 0.000000
vt 0.372263 1.000000
vt 0.372263 0.000000
vt 0.379562 1.000000
vt 0.379562 0.000000
vt 0.386861 1.000000
vt 0.386861 0.000000
vt 0.394161 1.000000
vt 0.394161 0.000000
vt 0.401460 1.000000
vt 0.401460 0.000000
vt 0.408759 1.000000
vt 0.408759 0.000000
vt 0.416058 1.000000
vt 0.416058 0.000000
vt 0.423358 1.000000
vt 0.423358 0.000000
vt 0.430657 1.000000
vt 0.430657 0.000000
vt 0.437956 1.000000
vt 0.437956 0.000000
vt 0.445255 1.000000
vt 0.445255 0.000000
vt 0.452555 1.000000
vt 0.452555 0.000000
vt 0.459854 1.000000
vt 0.459854 0.000000
vt 0.467153 1.000000
vt 0.467153 0.000000
vt 0.474453 1.000000
vt 0.474453 0.000000
vt 0.481752 1.000000
vt 0.481752 0.000000
vt 0.489051 1.000000
vt 0.489051 0.000000
vt 0.496350 1.000000
vt 0.496350 0.000000
vt 0.503650 1.000000
vt 0.503650 0.000000
vt 0.510949 1.000000
vt 0.510949 0.000000
vt 0.518248 1.000000
vt 0.518248 0.000000
vt 0.525547 1.000000
vt 0.525547 0.000000
vt 0.532847 1.000000
vt 0.532847 0.000000
vt 0.540146 1.000000
vt 0.540146 0.000000
vt 0.547445 1.000000
vt 0.547445 0.000000
vt 0.554745 1.000000
vt 0.554745 0.000000
vt 0.562044 1.000000
vt 0.562044 0.000000
vt 0.569343 1.000000
vt 0.569343 0.000000
vt 0.576642 1.000000
vt 0.576642 0.000000
vt 0.583942 1.000000
vt 0.583942 0.000000
vt 0.591241 1.000000
vt 0.591241 0.000000
vt 0.598540 1.000000
vt 0.598540 0.000000
vt 0.605839 1.000000
vt 0.605839 0.000000
vt 0.613139 1.000000
vt 0.613139 0.000000
vt 0.620438 1.000000
vt 0.620438 0.000000
vt 0.627737 1.000000
vt 0.627737 0.000000
vt 0.635036 1.000000
vt 0.635036 0.000000
vt 0.642336 1.000000
vt 0.642336 0.000000
vt 0.649635 1.000000
vt 0.649635 0.000000
vt 0.656934 1.000000
vt 0.656934 0.000000
vt 0.664234 1.000000
vt 0.664234 0.000000
vt 0.671533 1.000000
vt 0.671533 0.000000
vt 0.678832 1.000000
vt 0.678832 0.000000
vt 0.686131 1.000000
vt 0.686131 0.000000
vt 0.693431 1.000000
vt 0.693431 0.000000
vt 0.700730 1.000000
vt 0.700730 0.000000
vt 0.708029 1.000000
vt 0.708029 0.000000
vt 0.715328 1.000000
vt 0.715328 0.000000
vt 0.722628 1.000000
vt 0.722628 0.000000
vt 0.729927 1.000000
vt 0.729927 0.000000
vt 0.737226 1.000000
vt 0.737226 0.000000
vt 0.744526 1.000000
vt 0.744526 0.000000
vt 0.751825 1.000000
vt 0.751825 0.000000
vt 0.759124 1.000000
vt 0.759124 0.000000
vt 0.766423 1.000000
vt 0.766423 0.000000
vt 0.773723 1.000000
vt 0.773723 0.000000
vt 0.781022 1.000000
vt 0.781022 0.000000
vt 0.788321 1.000000
vt 0.788321 0.000000
vt 0.795620 1.000000
vt 0.795620 0.000000
vt 0.802920 1.000000
vt 0.802920 0.000000
vt 0.810219 1.000000
vt 0.810219 0.000000
vt 0.817518 1.000000
vt 0.817518 0.000000
vt 0.824818 1.000000
vt 0.824818 0.000000
vt 0.832117 1.000000
vt 0.832117 0.000000
vt 0.839416 1.000000
vt 0.839416 0.000000
vt 0.846715 1.000000
vt 0.846715 0.000000
vt 0.854015 1.000000
vt 0.854015 0.000000
vt 0.861314 1.000000
vt 0.861314 0.000000
vt 0.868613 1.000000
vt 0.868613 0.000000
vt 0.875912 1.000000
vt 0.875912 0.000000
vt 0.883212 1.000000
vt 0.883212 0.000000
vt 0.890511 1.000000
vt 0.890511 0.000000
vt 0.897810 1.000000
vt 0.897810 0.000000
vt 0.905109 1.000000
vt 0.905109 0.000000
vt 0.912409 1.000000
vt 0.912409 0.000000
vt 0.919708 1.000000
vt 0.919708 0.000000
vt 0.927007 1.000000
vt 0.927007 0.000000
vt 0.934307 1.000000
vt 0.934307 0.000000
vt 0.941606 1.000000
vt 0.941606 0.000000
vt 0.948905 1.000000
vt 0.948905 0.000000
vt 0.956204 1.000000
vt 0.956204 0.000000
vt 0.963504 1.000000
vt 0.963504 0.000000
vt 0.970803 1.000000
vt 0.970803 0.000000
vt 0.978102 1.000000
vt 0.978102 0.000000
vt 0.985401 1.000000
vt 0.985401 0.000000
vt 0.992701 1.000000
vt 0.992701 0.000000
vt 0.027027 1.000000
vt 0.027027 0.000000
vt 0.054054 1.000000
vt 0.054054 0.000000
vt 0.081081 1.000000
vt 0.081081 0.000000
vt 0.108108 1.000000
vt 0.108108 0.000000
vt 0.135135 1.000000
vt 0.135135 0.000000
vt 0.162162 1.000000
vt 0.162162 0.000000
vt 0.189189 1.000000
vt 0.189189 0.000000
vt 0.216216 1.000000
vt 0.216216 0.000000
vt 0.243243 1.000000
vt 0.243243 0.000000
vt 0.270270 1.000000
vt 0.270270 0.000000
vt 0.297297 1.000000
vt 0.297297 0.000000
vt 0.324324 1.000000
vt 0.324324 0.000000
vt 0.351351 1.000000
vt 0.351351 0.000000
vt 0.378378 1.000000
vt 0.378378 0.000000
vt 0.405405 1.000000
vt 0.405405 0.000000
vt 0.432432 1.000000
vt 0.432432 0.000000
vt 0.459459 1.000000
vt 0.459459 0.000000
vt 0.486486 1.000000
vt 0.486486 0.000000
vt 0.513514 1.000000
vt 0.513514 0.000000
vt 0.540541 1.000000
vt 0.540541 0.000000
vt 0.567568 1.000000
vt 0.567568 0.000000
vt 0.594595 1.000000
vt 0.594595 0.000000
vt 0.621622 1.000000
vt 0.621622 0.000000
vt 0.648649 1.000000
vt 0.648649 0.000000
vt 0.675676 1.000000
vt 0.675676 0.000000
vt 0.702703 1.000000
vt 0.702703 0.000000
vt 0.729730 1.000000
vt 0.729730 0.000000
vt 0.756757 1.000000
vt 0.756757 0.000000
vt 0.783784 1.000000
vt 0.783784 0.000000
vt 0.810811 1.000000
vt 0.810811 0.000000
vt 0.837838 1.000000
vt 0.837838 0.000000
vt 0.864865 1.000000
vt 0.864865 0.000000
vt 0.891892 1.000000
vt 0.891892 0.000000
vt 0.918919 1.000000
vt 0.918919 0.000000
vt 0.945946 1.000000
vt 0.945946 0.000000
vt 0.972973 1.000000
vt 0.972973 0.000000
vt 0.010204 1.000000
vt 0.010204 0.000000
vt 0.020408 1.000000
vt 0.020408 0.000000
vt 0.030612 1.000000
vt 0.030612 0.000000
vt 0.040816 1.000000
vt 0.040816 0.000000
vt 0.051020 1.000000
vt 0.051020 0.000000
vt 0.061224 1.000000
vt 0.061224 0.000000
vt 0.071429 1.000000
vt 0.071429 0.000000
vt 0.081633 1.000000
vt 0.081633 0.000000
vt 0.091837 1.000000
vt 0.091837 0.000000
vt 0.102041 1.000000
vt 0.102041 0.000000
vt 0.112245 1.000000
vt 0.112245 0.000000
vt 0.122449 1.000000
vt 0.122449 0.000000
vt 0.132653 1.000000
vt 0.132653 0.000000
vt 0.142857 1.000000
vt 0.153061 1.000000
vt 0.153061 0.000000
vt 0.163265 1.000000
vt 0.163265 0.000000
vt 0.173469 1.000000
vt 0.173469 0.000000
vt 0.183673 1.000000
vt 0.183673 0.000000
vt 0.193878 1.000000
vt 0.193878 0.000000
vt 0.204082 1.000000
vt 0.204082 0.000000
vt 0.214286 1.000000
vt 0.214286 0.000000
vt 0.224490 1.000000
vt 0.224490 0.000000
vt 0.234694 1.000000
vt 0.234694 0.000000
vt 0.244898 1.000000
vt 0.244898 0.000000
vt 0.255102 1.000000
vt 0.255102 0.000000
vt 0.265306 1.000000
vt 0.265306 0.000000
vt 0.275510 1.000000
vt 0.275510 0.000000
vt 0.285714 1.000000
vt 0.295918 1.000000
vt 0.295918 0.000000
vt 0.306122 1.000000
vt 0.306122 0.000000
vt 0.316327 1.000000
vt 0.316327 0.000000
vt 0.326531 1.000000
vt 0.326531 0.000000
vt 0.336735 1.000000
vt 0.336735 0.000000
vt 0.346939 1.000000
vt 0.346939 0.000000
vt 0.357143 1.000000
vt 0.357143 0.000000
vt 0.367347 1.000000
vt 0.367347 0.000000
vt 0.377551 1.000000
vt 0.377551 0.000000
vt 0.387755 1.000000
vt 0.387755 0.000000
vt 0.397959 1.000000
vt 0.397959 0.000000
vt 0.408163 1.000000
vt 0.408163 0.000000
vt 0.418367 1.000000
vt 0.418367 0.000000
vt 0.428571 1.000000
vt 0.438776 1.000000
vt 0.438776 0.000000
vt 0.448980 1.000000
vt 0.448980 0.000000
vt 0.459184 1.000000
vt 0.459184 0.000000
vt 0.469388 1.000000
vt 0.469388 0.000000
vt 0.479592 1.000000
vt 0.479592 0.000000
vt 0.489796 1.000000
vt 0.489796 0.000000
vt 0.510204 1.000000
vt 0.510204 0.000000
vt 0.520408 1.000000
vt 0.520408 0.000000
vt 0.530612 1.000000
vt 0.530612 0.000000
vt 0.540816 1.000000
vt 0.540816 0.000000
vt 0.551020 1.000000
vt 0.551020 0.000000
vt 0.561224 1.000000
vt 0.561224 0.000000
vt 0.571429 1.000000
vt 0.581633 1.000000
vt 0.581633 0.000000
vt 0.591837 1.000000
vt 0.591837 0.000000
vt 0.602041 1.000000
vt 0.602041 0.000000
vt 0.612245 1.000000
vt 0.612245 0.000000
vt 0.622449 1.000000
vt 0.622449 0.000000
vt 0.632653 1.000000
vt 0.632653 0.000000
vt 0.642857 1.000000
vt 0.642857 0.000000
vt 0.653061 1.000000
vt 0.653061 0.000000
vt 0.663265 1.000000
vt 0.663265 0.000000
vt 0.673469 1.000000
vt 0.673469 0.000000
vt 0.683673 1.000000
vt 0.683673 0.000000
vt 0.693878 1.000000
vt 0.693878 0.000000
vt 0.704082 1.000000
vt 0.704082 0.000000
vt 0.714286 1.000000
vt 0.724490 1.000000
vt 0.724490 0.000000
vt 0.734694 1.000000
vt 0.734694 0.000000
vt 0.744898 1.000000
vt 0.744898 0.000000
vt 0.755102 1.000000
vt 0.755102 0.000000
vt 0.765306 1.000000
vt 0.765306 0.000000
vt 0.775510 1.000000
vt 0.775510 0.000000
vt 0.785714 1.000000
vt 0.785714 0.000000
vt 0.795918 1.000000
vt 0.795918 0.000000
vt 0.806122 1.000000
vt 0.806122 0.000000
vt 0.816327 1.000000
vt 0.816327 0.000000
vt 0.826531 1.000000
vt 0.826531 0.000000
vt 0.836735 1.000000
vt 0.836735 0.000000
vt 0.846939 1.000000
vt 0.846939 0.000000
vt 0.857143 1.000000
vt 0.867347 1.000000
vt 0.867347 0.000000
vt 0.877551 1.000000
vt 0.877551 0.000000
vt 0.887755 1.000000
vt 0.887755 0.000000
vt 0.897959 1.000000
vt 0.897959 0.000000
vt 0.908163 1.000000
vt 0.908163 0.000000
vt 0.918367 1.000000
vt 0.918367 0.000000
vt 0.928571 1.000000
vt 0.928571 0.000000
vt 0.938776 1.000000
vt 0.938776 0.000000
vt 0.948980 1.000000
vt 0.948980 0.000000
vt 0.959184 1.000000
vt 0.959184 0.000000
vt 0.969388 1.000000
vt 0.969388 0.000000
vt 0.979592 1.000000
vt 0.979592 0.000000
vt 0.989796 1.000000
vt 0.989796 0.000000
vt 0.166667 1.000000
vt 0.166667 0.000000
vt 0.833333 1.000000
vt 0.833333 0.000000
s 1
usemtl Material.004
f 1771/1115/531 1773/1116/531 1772/1117/531
f 1771/1115/531 1774/1118/531 1773/1116/531
f 1770/1119/532 1774/1118/531 1771/1115/531
f 1770/1119/532 1769/1120/532 1774/1118/531
f 1765/1121/531 1767/1122/531 1766/1123/531
f 1765/1121/531 1768/1124/531 1767/1122/531
f 1858/1125/533 1860/1126/531 1859/1127/531
f 1858/1125/533 1861/1128/531 1860/1126/531
f 1858/1125/533 1862/1129/531 1861/1128/531
f 1857/1130/534 1862/1129/531 1858/1125/533
f 1857/1130/534 1863/1131/535 1862/1129/531
f 1857/1130/534 1864/1132/533 1863/1131/535
f 1857/1130/534 1865/1133/536 1864/1132/533
f 1856/1134/534 1865/1133/536 1857/1130/534
f 1856/1134/534 1866/1135/535 1865/1133/536
f 1856/1134/534 1867/1136/537 1866/1135/535
f 1856/1134/534 1868/1137/538 1867/1136/537
f 1855/1138/534 1868/1137/538 1856/1134/534
f 1855/1138/534 1869/1139/539 1868/1137/538
f 1855/1138/534 1870/1140/531 1869/1139/539
f 1855/1138/534 1871/1141/533 1870/1140/531
f 1854/1142/533 1871/1141/533 1855/1138/534
f 1854/1142/533 1782/1143/537 1871/1141/533
f 1782/1143/537 1781/1144/540 1871/1141/533
f 1781/1144/540 1780/1145/535 1871/1141/533
f 1780/1145/535 1779/1146/541 1871/1141/533
f 1779/1146/541 1778/1147/531 1871/1141/533
f 1778/1147/531 1777/1148/537 1871/1141/533
f 1777/1148/537 1776/1149/542 1871/1141/533
f 1776/1149/542 1775/1121/532 1871/1141/533
f 1775/1121/532 1872/1118/531 1871/1141/533
f 1853/1150/533 1784/1151/531 1854/1142/533
f 1784/1151/531 1783/1152/531 1854/1142/533
f 1783/1152/531 1782/1143/537 1854/1142/533
f 1852/1153/532 1786/1154/543 1853/1150/533
f 1786/1154/543 1785/1155/531 1853/1150/533
f 1785/1155/531 1784/1151/531 1853/1150/533
f 1852/1153/532 1787/1156/531 1786/1154/543
f 1852/1153/532 1788/1157/534 1787/1156/531
f 1852/1153/532 1789/1158/531 1788/1157/534
f 1851/1159/531 1789/1158/531 1852/1153/532
f 1851/1159/531 1790/1160/544 1789/1158/531
f 1851/1159/531 1791/1161/532 1790/1160/544
f 1851/1159/531 1792/1162/534 1791/1161/532
f 1850/1163/533 1792/1162/534 1851/1159/531
f 1850/1163/533 1793/1164/531 1792/1162/534
f 1850/1163/533 1794/1165/535 1793/1164/531
f 1849/1166/532 1794/1165/535 1850/1163/533
f 1849/1166/532 1795/1167/537 1794/1165/535
f 1849/1166/532 1796/1168/532 1795/1167/537
f 1848/1169/532 1796/1168/532 1849/1166/532
f 1848/1169/532 1797/1170/532 1796/1168/532
f 1847/1171/533 1797/1170/532 1848/1169/532
f 1847/1171/533 1798/1172/532 1797/1170/532
f 1847/1171/533 1799/1173/531 1798/1172/532
f 1846/1174/531 1799/1173/531 1847/1171/533
f 1846/1174/531 1800/1175/533 1799/1173/531
f 1845/1176/531 1800/1175/533 1846/1174/531
f 1845/1176/531 1801/1177/532 1800/1175/533
f 1845/1176/531 1802/1178/531 1801/1177/532
f 1844/1179/531 1802/1178/531 1845/1176/531
f 1844/1179/531 1803/1180/537 1802/1178/531
f 1844/1179/531 1804/1181/531 1803/1180/537
f 1843/1182/532 1804/1181/531 1844/1179/531
f 1843/1182/532 1805/1183/534 1804/1181/531
f 1821/1184/531 1823/1185/532 1822/1186/545
f 1843/1182/532 1806/1187/531 1805/1183/534
f 1820/1188/546 1823/1185/532 1821/1184/531
f 1842/1189/533 1806/1187/531 1843/1182/532
f 1819/1190/532 1823/1185/532 1820/1188/546
f 1842/1189/533 1807/1191/532 1806/1187/531
f 1818/1192/547 1823/1185/532 1819/1190/532
f 1817/1193/531 1823/1185/532 1818/1192/547
f 1816/1194/531 1823/1185/532 1817/1193/531
f 1842/1189/533 1808/1195/531 1807/1191/532
f 1815/1196/540 1823/1185/532 1816/1194/531
f 1814/1197/548 1823/1185/532 1815/1196/540
f 1842/1189/533 1809/1198/531 1808/1195/531
f 1813/1199/549 1823/1185/532 1814/1197/548
f 1812/1200/537 1823/1185/532 1813/1199/549
f 1842/1189/533 1810/1201/535 1809/1198/531
f 1811/1202/539 1823/1185/532 1812/1200/537
f 1841/1203/531 1810/1201/535 1842/1189/533
f 1810/1201/535 1823/1185/532 1811/1202/539
f 1841/1203/531 1823/1185/532 1810/1201/535
f 1840/1204/531 1823/1185/532 1841/1203/531
f 1839/1205/531 1823/1185/532 1840/1204/531
f 1838/1206/531 1823/1185/532 1839/1205/531
f 1838/1206/531 1824/1207/547 1823/1185/532
f 1838/1206/531 1825/1208/531 1824/1207/547
f 1838/1206/531 1826/1209/533 1825/1208/531
f 1837/1210/532 1826/1209/533 1838/1206/531
f 1837/1210/532 1827/1211/531 1826/1209/533
f 1837/1210/532 1828/1212/531 1827/1211/531
f 1837/1210/532 1829/1213/535 1828/1212/531
f 1837/1210/532 1830/1214/531 1829/1213/535
f 1836/1215/535 1830/1214/531 1837/1210/532
f 1836/1215/535 1831/1216/535 1830/1214/531
f 1836/1215/535 1832/1217/531 1831/1216/535
f 1836/1215/535 1833/1218/550 1832/1217/531
f 1835/1219/533 1833/1218/550 1836/1215/535
f 1835/1219/533 1834/1220/531 1833/1218/550
f 1970/1221/531 1972/1222/535 1971/1223/531
f 1969/1224/551 1972/1222/535 1970/1221/531
f 1969/1224/551 1973/1225/537 1972/1222/535
f 1968/1226/531 1973/1225/537 1969/1224/551
f 1967/1227/531 1973/1225/537 1968/1226/531
f 1967/1227/531 1974/1228/535 1973/1225/537
f 1966/1229/537 1974/1228/535 1967/1227/531
f 1966/1229/537 1975/1230/537 1974/1228/535
f 1965/1231/535 1975/1230/537 1966/1229/537
f 1964/1232/537 1975/1230/537 1965/1231/535
f 1964/1232/537 1976/1233/532 1975/1230/537
f 1963/1234/537 1976/1233/532 1964/1232/537
f 1963/1234/537 1977/1235/533 1976/1233/532
f 1962/1236/534 1977/1235/533 1963/1234/537
f 1961/1237/534 1977/1235/533 1962/1236/534
f 1961/1237/534 1978/1238/537 1977/1235/533
f 1960/1239/537 1978/1238/537 1961/1237/534
f 1960/1239/537 1979/1240/537 1978/1238/537
f 1959/1241/532 1979/1240/537 1960/1239/537
f 1958/1242/532 1957/1243/532 1959/1241/532
f 1957/1243/532 1956/1244/531 1959/1241/532
f 1956/1244/531 1955/1245/532 1959/1241/532
f 1955/1245/532 1954/1246/533 1959/1241/532
f 1954/1246/533 1953/1247/531 1959/1241/532
f 1953/1247/531 1952/1248/539 1959/1241/532
f 1952/1248/539 1951/1249/531 1959/1241/532
f 1951/1249/531 1950/1250/552 1959/1241/532
f 1950/1250/552 1949/1251/553 1959/1241/532
f 1949/1251/553 1948/1252/533 1959/1241/532
f 1948/1252/533 1979/1240/537 1959/1241/532
f 1948/1252/533 1947/1253/531 1979/1240/537
f 1947/1253/531 1946/1254/535 1979/1240/537
f 1946/1254/535 1980/1255/532 1979/1240/537
f 1946/1254/535 1945/1256/531 1980/1255/532
f 1945/1256/531 1981/1257/532 1980/1255/532
f 1944/1258/531 1981/1257/532 1945/1256/531
f 1943/1259/531 1981/1257/532 1944/1258/531
f 1942/1260/531 1981/1257/532 1943/1259/531
f 1941/1261/531 1981/1257/532 1942/1260/531
f 1940/1262/534 1981/1257/532 1941/1261/531
f 1940/1262/534 1982/1263/532 1981/1257/532
f 1939/1264/535 1982/1263/532 1940/1262/534
f 1938/1265/533 1982/1263/532 1939/1264/535
f 1937/1266/535 1982/1263/532 1938/1265/533
f 1937/1266/535 1983/1267/531 1982/1263/532
f 1936/1268/538 1983/1267/531 1937/1266/535
f 1935/1269/551 1983/1267/531 1936/1268/538
f 1935/1269/551 1984/1270/533 1983/1267/531
f 1934/1271/531 1984/1270/533 1935/1269/551
f 1933/1272/546 1984/1270/533 1934/1271/531
f 1932/1273/531 2046/1118/531 1933/1272/546
f 2046/1118/531 1984/1270/533 1933/1272/546
f 1931/1274/533 2046/1118/531 1932/1273/531
f 1930/1275/537 2046/1118/531 1931/1274/533
f 1929/1276/554 2046/1118/531 1930/1275/537
f 1928/1277/555 2046/1118/531 1929/1276/554
f 1928/1277/555 2010/1278/544 2046/1118/531
f 2045/1279/532 1984/1270/533 2046/1118/531
f 1928/1277/555 2011/1280/531 2010/1278/544
f 1927/1281/551 2011/1280/531 1928/1277/555
f 1927/1281/551 2012/1282/549 2011/1280/531
f 1926/1283/537 2012/1282/549 1927/1281/551
f 1926/1283/537 2013/1284/534 2012/1282/549
f 1925/1285/552 2013/1284/534 1926/1283/537
f 1925/1285/552 2014/1286/537 2013/1284/534
f 1925/1285/552 2015/1287/548 2014/1286/537
f 1924/1288/531 2015/1287/548 1925/1285/552
f 1924/1288/531 2016/1289/533 2015/1287/548
f 1923/1290/556 2016/1289/533 1924/1288/531
f 1923/1290/556 2017/1291/531 2016/1289/533
f 1923/1290/556 2018/1292/535 2017/1291/531
f 1922/1293/537 2018/1292/535 1923/1290/556
f 1922/1293/537 2019/1294/532 2018/1292/535
f 1922/1293/537 2020/1295/551 2019/1294/532
f 1921/1296/537 2020/1295/551 1922/1293/537
f 1921/1296/537 2021/1297/533 2020/1295/551
f 1920/1298/531 2021/1297/533 1921/1296/537
f 1920/1298/531 2022/1299/532 2021/1297/533
f 1920/1298/531 2023/1300/531 2022/1299/532
f 1919/1301/535 2023/1300/531 1920/1298/531
f 1919/1301/535 2024/1302/555 2023/1300/531
f 1919/1301/535 2025/1303/537 2024/1302/555
f 2044/1304/534 1984/1270/533 2045/1279/532
f 1918/1305/531 2025/1303/537 1919/1301/535
f 2043/1306/531 1984/1270/533 2044/1304/534
f 1918/1305/531 2026/1307/556 2025/1303/537
f 2042/1308/537 1984/1270/533 2043/1306/531
f 2007/1309/557 2009/1310/532 2008/1311/531
f 2042/1308/537 1985/1312/531 1984/1270/533
f 1918/1305/531 2027/1313/551 2026/1307/556
f 2006/1314/558 2009/1310/532 2007/1309/557
f 2041/1315/531 1985/1312/531 2042/1308/537
f 2041/1315/531 1986/1316/537 1985/1312/531
f 2005/1317/546 2009/1310/532 2006/1314/558
f 1917/1318/537 2027/1313/551 1918/1305/531
f 1917/1318/537 2028/1319/536 2027/1313/551
f 2041/1315/531 1987/1320/548 1986/1316/537
f 2040/1321/552 1987/1320/548 2041/1315/531
f 2004/1322/531 2009/1310/532 2005/1317/546
f 2040/1321/552 1988/1323/559 1987/1320/548
f 2039/1324/534 1988/1323/559 2040/1321/552
f 2003/1325/546 2009/1310/532 2004/1322/531
f 1917/1318/537 2029/1326/560 2028/1319/536
f 2039/1324/534 1989/1327/537 1988/1323/559
f 2002/1328/540 2009/1310/532 2003/1325/546
f 2038/1329/531 1989/1327/537 2039/1324/534
f 2038/1329/531 1990/1330/531 1989/1327/537
f 2001/1331/546 2009/1310/532 2002/1328/540
f 1917/1318/537 2030/1332/531 2029/1326/560
f 2038/1329/531 1991/1333/557 1990/1330/531
f 2037/1334/535 1991/1333/557 2038/1329/531
f 2000/1335/531 2009/1310/532 2001/1331/546
f 2037/1334/535 1992/1336/531 1991/1333/557
f 1916/1337/537 2030/1332/531 1917/1318/537
f 1999/1338/535 2009/1310/532 2000/1335/531
f 1916/1337/537 2031/1339/531 2030/1332/531
f 2036/1340/537 1992/1336/531 2037/1334/535
f 2036/1340/537 1993/1341/531 1992/1336/531
f 1998/1342/536 2009/1310/532 1999/1338/535
f 2036/1340/537 1994/1343/531 1993/1341/531
f 1997/1344/533 2009/1310/532 1998/1342/536
f 2035/1345/537 1994/1343/531 2036/1340/537
f 2035/1345/537 1995/1346/531 1994/1343/531
f 1996/1347/532 2009/1310/532 1997/1344/533
f 2035/1345/537 1996/1347/532 1995/1346/531
f 1916/1337/537 2032/1348/531 2031/1339/531
f 2035/1345/537 2009/1310/532 1996/1347/532
f 2034/1349/532 2009/1310/532 2035/1345/537
f 1916/1337/537 2033/1350/534 2032/1348/531
f 2033/1350/534 2009/1310/532 2034/1349/532
f 1916/1337/537 1896/1351/533 2033/1350/534
f 1896/1351/533 2009/1310/532 2033/1350/534
f 1915/1352/531 1896/1351/533 1916/1337/537
f 1915/1352/531 1897/1353/533 1896/1351/533
f 1895/1354/537 2009/1310/532 1896/1351/533
f 1914/1355/535 1897/1353/533 1915/1352/531
f 1914/1355/535 1898/1356/551 1897/1353/533
f 1894/1357/537 2009/1310/532 1895/1354/537
f 1894/1357/537 1873/1121/533 2009/1310/532
f 1913/1358/537 1898/1356/551 1914/1355/535
f 1913/1358/537 1899/1359/534 1898/1356/551
f 1893/1360/537 1873/1121/533 1894/1357/537
f 1893/1360/537 1874/1361/533 1873/1121/533
f 1913/1358/537 1900/1362/534 1899/1359/534
f 1892/1363/537 1874/1361/533 1893/1360/537
f 1912/1364/532 1900/1362/534 1913/1358/537
f 1892/1363/537 1875/1365/544 1874/1361/533
f 1912/1364/532 1901/1366/533 1900/1362/534
f 1891/1367/533 1875/1365/544 1892/1363/537
f 1891/1367/533 1876/1368/537 1875/1365/544
f 1911/1369/531 1901/1366/533 1912/1364/532
f 1911/1369/531 1902/1370/531 1901/1366/533
f 1890/1371/561 1876/1368/537 1891/1367/533
f 1890/1371/561 1877/1372/539 1876/1368/537
f 1911/1369/531 1903/1373/556 1902/1370/531
f 1889/1374/534 1877/1372/539 1890/1371/561
f 1889/1374/534 1878/1375/551 1877/1372/539
f 1910/1376/532 1903/1373/556 1911/1369/531
f 1910/1376/532 1904/1377/537 1903/1373/556
f 1888/1378/537 1878/1375/551 1889/1374/534
f 1888/1378/537 1879/1379/533 1878/1375/551
f 1910/1376/532 1905/1380/562 1904/1377/537
f 1888/1378/537 1880/1381/538 1879/1379/533
f 1887/1382/550 1880/1381/538 1888/1378/537
f 1909/1383/535 1905/1380/562 1910/1376/532
f 1887/1382/550 1881/1384/531 1880/1381/538
f 1909/1383/535 1906/1385/531 1905/1380/562
f 1886/1386/535 1881/1384/531 1887/1382/550
f 1886/1386/535 1882/1387/531 1881/1384/531
f 1909/1383/535 1907/1388/533 1906/1385/531
f 1885/1389/531 1882/1387/531 1886/1386/535
f 1908/1390/531 1907/1388/533 1909/1383/535
f 1885/1389/531 1883/1391/531 1882/1387/531
f 1884/1392/531 1883/1391/531 1885/1389/531
f 2097/1393/531 2124/1394/532 2098/1395/532
f 2124/1394/532 2047/1121/531 2098/1395/532
f 2124/1394/532 2048/1396/532 2047/1121/531
f 2124/1394/532 2049/1397/531 2048/1396/532
f 2124/1394/532 2050/1398/531 2049/1397/531
f 2124/1394/532 2051/1399/531 2050/1398/531
f 2124/1394/532 2052/1400/531 2051/1399/531
f 2124/1394/532 2053/1401/533 2052/1400/531
f 2124/1394/532 2054/1402/533 2053/1401/533
f 2124/1394/532 2123/1403/537 2054/1402/533
f 2123/1403/537 2055/1404/531 2054/1402/533
f 2097/1393/531 2125/1405/531 2124/1394/532
f 2122/1406/533 2055/1404/531 2123/1403/537
f 2121/1407/537 2055/1404/531 2122/1406/533
f 2121/1407/537 2056/1408/531 2055/1404/531
f 2120/1409/563 2056/1408/531 2121/1407/537
f 2119/1410/553 2056/1408/531 2120/1409/563
f 2118/1411/537 2056/1408/531 2119/1410/553
f 2117/1115/533 2056/1408/531 2118/1411/537
f 2117/1115/533 2057/1412/531 2056/1408/531
f 2116/1413/533 2057/1412/531 2117/1115/533
f 2115/1414/532 2057/1412/531 2116/1413/533
f 2115/1414/532 2058/1415/531 2057/1412/531
f 2114/1416/533 2058/1415/531 2115/1414/532
f 2113/1417/532 2058/1415/531 2114/1416/533
f 2113/1417/532 2059/1418/531 2058/1415/531
f 2112/1419/532 2059/1418/531 2113/1417/532
f 2111/1420/533 2059/1418/531 2112/1419/532
f 2111/1420/533 2060/1421/537 2059/1418/531
f 2110/1422/532 2060/1421/537 2111/1420/533
f 2110/1422/532 2061/1423/531 2060/1421/537
f 2109/1424/531 2061/1423/531 2110/1422/532
f 2109/1424/531 2062/1425/533 2061/1423/531
f 2108/1426/537 2062/1425/533 2109/1424/531
f 2108/1426/537 2063/1427/533 2062/1425/533
f 2107/1428/537 2063/1427/533 2108/1426/537
f 2107/1428/537 2064/1429/533 2063/1427/533
f 2106/1430/532 2064/1429/533 2107/1428/537
f 2106/1430/532 2065/1431/531 2064/1429/533
f 2105/1432/531 2065/1431/531 2106/1430/532
f 2105/1432/531 2066/1433/531 2065/1431/531
f 2104/1434/537 2066/1433/531 2105/1432/531
f 2103/1435/549 2066/1433/531 2104/1434/537
f 2103/1435/549 2067/1436/531 2066/1433/531
f 2102/1437/535 2067/1436/531 2103/1435/549
f 2102/1437/535 2068/1438/534 2067/1436/531
f 2101/1439/531 2068/1438/534 2102/1437/535
f 2100/1440/531 2068/1438/534 2101/1439/531
f 2099/1441/532 2068/1438/534 2100/1440/531
f 2097/1393/531 2151/1442/531 2125/1405/531
f 2151/1442/531 2099/1441/532 2125/1405/531
f 2151/1442/531 2068/1438/534 2099/1441/532
f 2151/1442/531 2069/1443/533 2068/1438/534
f 2151/1442/531 2070/1444/539 2069/1443/533
f 2151/1442/531 2071/1445/537 2070/1444/539
f 2151/1442/531 2072/1446/551 2071/1445/537
f 2151/1442/531 2073/1447/531 2072/1446/551
f 2151/1442/531 2074/1448/533 2073/1447/531
f 2151/1442/531 2075/1449/533 2074/1448/533
f 2151/1442/531 2076/1450/531 2075/1449/533
f 2151/1442/531 2077/1451/535 2076/1450/531
f 2151/1442/531 2150/1452/534 2077/1451/535
f 2150/1452/534 2078/1453/532 2077/1451/535
f 2097/1393/531 2152/1118/532 2151/1442/531
f 2149/1454/531 2078/1453/532 2150/1452/534
f 2148/1455/535 2078/1453/532 2149/1454/531
f 2147/1456/552 2078/1453/532 2148/1455/535
f 2147/1456/552 2079/1457/531 2078/1453/532
f 2146/1458/537 2079/1457/531 2147/1456/552
f 2145/1459/551 2079/1457/531 2146/1458/537
f 2145/1459/551 2080/1460/532 2079/1457/531
f 2144/1461/531 2080/1460/532 2145/1459/551
f 2143/1462/548 2080/1460/532 2144/1461/531
f 2143/1462/548 2081/1463/531 2080/1460/532
f 2142/1464/548 2081/1463/531 2143/1462/548
f 2141/1465/532 2081/1463/531 2142/1464/548
f 2141/1465/532 2082/1124/531 2081/1463/531
f 2140/1466/533 2082/1124/531 2141/1465/532
f 2140/1466/533 2083/1467/531 2082/1124/531
f 2139/1468/551 2083/1467/531 2140/1466/533
f 2138/1469/533 2083/1467/531 2139/1468/551
f 2138/1469/533 2084/1470/531 2083/1467/531
f 2137/1471/531 2084/1470/531 2138/1469/533
f 2136/1472/537 2084/1470/531 2137/1471/531
f 2136/1472/537 2085/1473/531 2084/1470/531
f 2135/1474/532 2085/1473/531 2136/1472/537
f 2135/1474/532 2086/1475/535 2085/1473/531
f 2134/1476/531 2086/1475/535 2135/1474/532
f 2133/1477/537 2086/1475/535 2134/1476/531
f 2133/1477/537 2087/1478/532 2086/1475/535
f 2132/1479/531 2087/1478/532 2133/1477/537
f 2131/1480/532 2087/1478/532 2132/1479/531
f 2131/1480/532 2088/1481/532 2087/1478/532
f 2130/1482/552 2088/1481/532 2131/1480/532
f 2129/1483/537 2088/1481/532 2130/1482/552
f 2128/1484/537 2088/1481/532 2129/1483/537
f 2128/1484/537 2089/1485/531 2088/1481/532
f 2127/1486/531 2089/1485/531 2128/1484/537
f 2126/1487/531 2089/1485/531 2127/1486/531
f 2097/1393/531 2126/1487/531 2152/1118/532
f 2097/1393/531 2089/1485/531 2126/1487/531
f 2097/1393/531 2090/1488/532 2089/1485/531
f 2097/1393/531 2091/1489/533 2090/1488/532
f 2097/1393/531 2092/1490/532 2091/1489/533
f 2097/1393/531 2093/1491/532 2092/1490/532
f 2097/1393/531 2094/1492/532 2093/1491/532
f 2097/1393/531 2095/1493/537 2094/1492/532
f 2097/1393/531 2096/1494/533 2095/1493/537
f 2159/1115/564 2160/1117/565 2161/1116/564
f 2159/1115/564 2161/1116/564 2162/1118/566
f 2158/1119/566 2159/1115/564 2162/1118/566
f 2158/1119/566 2162/1118/566 2157/1120/566
f 2153/1121/566 2154/1123/564 2155/1122/564
f 2153/1121/566 2155/1122/564 2156/1124/566
f 2246/1125/567 2247/1127/566 2248/1126/566
f 2246/1125/567 2248/1126/566 2249/1128/565
f 2246/1125/567 2249/1128/565 2250/1129/565
f 2245/1130/568 2246/1125/567 2250/1129/565
f 2245/1130/568 2250/1129/565 2251/1131/566
f 2245/1130/568 2251/1131/566 2252/1132/566
f 2245/1130/568 2252/1132/566 2253/1133/569
f 2244/1134/564 2245/1130/568 2253/1133/569
f 2244/1134/564 2253/1133/569 2254/1135/564
f 2244/1134/564 2254/1135/564 2255/1136/568
f 2244/1134/564 2255/1136/568 2256/1137/564
f 2243/1138/570 2244/1134/564 2256/1137/564
f 2243/1138/570 2256/1137/564 2257/1139/568
f 2243/1138/570 2257/1139/568 2258/1140/566
f 2243/1138/570 2258/1140/566 2259/1141/566
f 2242/1142/564 2243/1138/570 2259/1141/566
f 2242/1142/564 2259/1141/566 2170/1143/568
f 2170/1143/568 2259/1141/566 2169/1144/568
f 2169/1144/568 2259/1141/566 2168/1145/571
f 2168/1145/571 2259/1141/566 2167/1146/572
f 2167/1146/572 2259/1141/566 2166/1147/565
f 2166/1147/565 2259/1141/566 2165/1148/568
f 2165/1148/568 2259/1141/566 2164/1149/566
f 2164/1149/566 2259/1141/566 2163/1121/566
f 2163/1121/566 2259/1141/566 2260/1118/573
f 2241/1150/574 2242/1142/564 2172/1151/566
f 2172/1151/566 2242/1142/564 2171/1152/566
f 2171/1152/566 2242/1142/564 2170/1143/568
f 2240/1153/565 2241/1150/574 2174/1154/566
f 2174/1154/566 2241/1150/574 2173/1155/566
f 2173/1155/566 2241/1150/574 2172/1151/566
f 2240/1153/565 2174/1154/566 2175/1156/566
f 2240/1153/565 2175/1156/566 2176/1157/575
f 2240/1153/565 2176/1157/575 2177/1158/571
f 2239/1159/565 2240/1153/565 2177/1158/571
f 2239/1159/565 2177/1158/571 2178/1160/569
f 2239/1159/565 2178/1160/569 2179/1161/564
f 2239/1159/565 2179/1161/564 2180/1162/570
f 2238/1163/564 2239/1159/565 2180/1162/570
f 2238/1163/564 2180/1162/570 2181/1164/566
f 2238/1163/564 2181/1164/566 2182/1165/565
f 2237/1166/564 2238/1163/564 2182/1165/565
f 2237/1166/564 2182/1165/565 2183/1167/564
f 2237/1166/564 2183/1167/564 2184/1168/564
f 2236/1169/564 2237/1166/564 2184/1168/564
f 2236/1169/564 2184/1168/564 2185/1170/566
f 2235/1171/566 2236/1169/564 2185/1170/566
f 2235/1171/566 2185/1170/566 2186/1172/564
f 2235/1171/566 2186/1172/564 2187/1173/564
f 2234/1174/566 2235/1171/566 2187/1173/564
f 2234/1174/566 2187/1173/564 2188/1175/564
f 2233/1176/566 2234/1174/566 2188/1175/564
f 2233/1176/566 2188/1175/564 2189/1177/564
f 2233/1176/566 2189/1177/564 2190/1178/566
f 2232/1179/566 2233/1176/566 2190/1178/566
f 2232/1179/566 2190/1178/566 2191/1180/565
f 2232/1179/566 2191/1180/565 2192/1181/568
f 2231/1182/566 2232/1179/566 2192/1181/568
f 2231/1182/566 2192/1181/568 2193/1183/565
f 2209/1184/566 2210/1186/576 2211/1185/570
f 2231/1182/566 2193/1183/565 2194/1187/565
f 2208/1188/577 2209/1184/566 2211/1185/570
f 2230/1189/566 2231/1182/566 2194/1187/565
f 2207/1190/566 2208/1188/577 2211/1185/570
f 2230/1189/566 2194/1187/565 2195/1191/564
f 2206/1192/570 2207/1190/566 2211/1185/570
f 2205/1193/566 2206/1192/570 2211/1185/570
f 2204/1194/578 2205/1193/566 2211/1185/570
f 2230/1189/566 2195/1191/564 2196/1195/569
f 2203/1196/579 2204/1194/578 2211/1185/570
f 2202/1197/580 2203/1196/579 2211/1185/570
f 2230/1189/566 2196/1195/569 2197/1198/565
f 2201/1199/570 2202/1197/580 2211/1185/570
f 2200/1200/566 2201/1199/570 2211/1185/570
f 2230/1189/566 2197/1198/565 2198/1201/566
f 2199/1202/581 2200/1200/566 2211/1185/570
f 2229/1203/565 2230/1189/566 2198/1201/566
f 2198/1201/566 2199/1202/581 2211/1185/570
f 2229/1203/565 2198/1201/566 2211/1185/570
f 2228/1204/567 2229/1203/565 2211/1185/570
f 2227/1205/570 2228/1204/567 2211/1185/570
f 2226/1206/565 2227/1205/570 2211/1185/570
f 2226/1206/565 2211/1185/570 2212/1207/582
f 2226/1206/565 2212/1207/582 2213/1208/583
f 2226/1206/565 2213/1208/583 2214/1209/565
f 2225/1210/566 2226/1206/565 2214/1209/565
f 2225/1210/566 2214/1209/565 2215/1211/566
f 2225/1210/566 2215/1211/566 2216/1212/570
f 2225/1210/566 2216/1212/570 2217/1213/567
f 2225/1210/566 2217/1213/567 2218/1214/566
f 2224/1215/566 2225/1210/566 2218/1214/566
f 2224/1215/566 2218/1214/566 2219/1216/566
f 2224/1215/566 2219/1216/566 2220/1217/566
f 2224/1215/566 2220/1217/566 2221/1218/570
f 2223/1219/566 2224/1215/566 2221/1218/570
f 2223/1219/566 2221/1218/570 2222/1220/566
f 2358/1221/581 2359/1223/566 2360/1222/584
f 2357/1224/585 2358/1221/581 2360/1222/584
f 2357/1224/585 2360/1222/584 2361/1225/565
f 2356/1226/566 2357/1224/585 2361/1225/565
f 2355/1227/586 2356/1226/566 2361/1225/565
f 2355/1227/586 2361/1225/565 2362/1228/587
f 2354/1229/587 2355/1227/586 2362/1228/587
f 2354/1229/587 2362/1228/587 2363/1230/570
f 2353/1231/567 2354/1229/587 2363/1230/570
f 2352/1232/588 2353/1231/567 2363/1230/570
f 2352/1232/588 2363/1230/570 2364/1233/566
f 2351/1234/567 2352/1232/588 2364/1233/566
f 2351/1234/567 2364/1233/566 2365/1235/568
f 2350/1236/569 2351/1234/567 2365/1235/568
f 2349/1237/566 2350/1236/569 2365/1235/568
f 2349/1237/566 2365/1235/568 2366/1238/565
f 2348/1239/570 2349/1237/566 2366/1238/565
f 2348/1239/570 2366/1238/565 2367/1240/566
f 2347/1241/565 2348/1239/570 2367/1240/566
f 2346/1242/564 2347/1241/565 2345/1243/564
f 2345/1243/564 2347/1241/565 2344/1244/579
f 2344/1244/579 2347/1241/565 2343/1245/564
f 2343/1245/564 2347/1241/565 2342/1246/565
f 2342/1246/565 2347/1241/565 2341/1247/566
f 2341/1247/566 2347/1241/565 2340/1248/579
f 2340/1248/579 2347/1241/565 2339/1249/568
f 2339/1249/568 2347/1241/565 2338/1250/564
f 2338/1250/564 2347/1241/565 2337/1251/565
f 2337/1251/565 2347/1241/565 2336/1252/571
f 2336/1252/571 2347/1241/565 2367/1240/566
f 2336/1252/571 2367/1240/566 2335/1253/566
f 2335/1253/566 2367/1240/566 2334/1254/567
f 2334/1254/567 2367/1240/566 2368/1255/566
f 2334/1254/567 2368/1255/566 2333/1256/566
f 2333/1256/566 2368/1255/566 2369/1257/564
f 2332/1258/566 2333/1256/566 2369/1257/564
f 2331/1259/566 2332/1258/566 2369/1257/564
f 2330/1260/566 2331/1259/566 2369/1257/564
f 2329/1261/589 2330/1260/566 2369/1257/564
f 2328/1262/588 2329/1261/589 2369/1257/564
f 2328/1262/588 2369/1257/564 2370/1263/564
f 2327/1264/590 2328/1262/588 2370/1263/564
f 2326/1265/565 2327/1264/590 2370/1263/564
f 2325/1266/564 2326/1265/565 2370/1263/564
f 2325/1266/564 2370/1263/564 2371/1267/564
f 2324/1268/564 2325/1266/564 2371/1267/564
f 2323/1269/564 2324/1268/564 2371/1267/564
f 2323/1269/564 2371/1267/564 2372/1270/585
f 2322/1271/565 2323/1269/564 2372/1270/585
f 2321/1272/572 2322/1271/565 2372/1270/585
f 2320/1273/566 2321/1272/572 2434/1118/566
f 2434/1118/566 2321/1272/572 2372/1270/585
f 2319/1274/564 2320/1273/566 2434/1118/566
f 2318/1275/567 2319/1274/564 2434/1118/566
f 2317/1276/569 2318/1275/567 2434/1118/566
f 2316/1277/568 2317/1276/569 2434/1118/566
f 2316/1277/568 2434/1118/566 2398/1278/570
f 2433/1279/569 2434/1118/566 2372/1270/585
f 2316/1277/568 2398/1278/570 2399/1280/579
f 2315/1281/564 2316/1277/568 2399/1280/579
f 2315/1281/564 2399/1280/579 2400/1282/566
f 2314/1283/570 2315/1281/564 2400/1282/566
f 2314/1283/570 2400/1282/566 2401/1284/570
f 2313/1285/564 2314/1283/570 2401/1284/570
f 2313/1285/564 2401/1284/570 2402/1286/566
f 2313/1285/564 2402/1286/566 2403/1287/565
f 2312/1288/569 2313/1285/564 2403/1287/565
f 2312/1288/569 2403/1287/565 2404/1289/570
f 2311/1290/568 2312/1288/569 2404/1289/570
f 2311/1290/568 2404/1289/570 2405/1291/566
f 2311/1290/568 2405/1291/566 2406/1292/570
f 2310/1293/568 2311/1290/568 2406/1292/570
f 2310/1293/568 2406/1292/570 2407/1294/566
f 2310/1293/568 2407/1294/566 2408/1295/565
f 2309/1296/566 2310/1293/568 2408/1295/565
f 2309/1296/566 2408/1295/565 2409/1297/564
f 2308/1298/566 2309/1296/566 2409/1297/564
f 2308/1298/566 2409/1297/564 2410/1299/570
f 2308/1298/566 2410/1299/570 2411/1300/570
f 2307/1301/565 2308/1298/566 2411/1300/570
f 2307/1301/565 2411/1300/570 2412/1302/575
f 2307/1301/565 2412/1302/575 2413/1303/590
f 2432/1304/566 2433/1279/569 2372/1270/585
f 2306/1305/567 2307/1301/565 2413/1303/590
f 2431/1306/591 2432/1304/566 2372/1270/585
f 2306/1305/567 2413/1303/590 2414/1307/570
f 2430/1308/588 2431/1306/591 2372/1270/585
f 2395/1309/577 2396/1311/566 2397/1310/564
f 2430/1308/588 2372/1270/585 2373/1312/567
f 2306/1305/567 2414/1307/570 2415/1313/570
f 2394/1314/592 2395/1309/577 2397/1310/564
f 2429/1315/579 2430/1308/588 2373/1312/567
f 2429/1315/579 2373/1312/567 2374/1316/567
f 2393/1317/565 2394/1314/592 2397/1310/564
f 2305/1318/565 2306/1305/567 2415/1313/570
f 2305/1318/565 2415/1313/570 2416/1319/570
f 2429/1315/579 2374/1316/567 2375/1320/575
f 2428/1321/567 2429/1315/579 2375/1320/575
f 2392/1322/565 2393/1317/565 2397/1310/564
f 2428/1321/567 2375/1320/575 2376/1323/569
f 2427/1324/583 2428/1321/567 2376/1323/569
f 2391/1325/567 2392/1322/565 2397/1310/564
f 2305/1318/565 2416/1319/570 2417/1326/567
f 2427/1324/583 2376/1323/569 2377/1327/585
f 2390/1328/587 2391/1325/567 2397/1310/564
f 2426/1329/566 2427/1324/583 2377/1327/585
f 2426/1329/566 2377/1327/585 2378/1330/568
f 2389/1331/565 2390/1328/587 2397/1310/564
f 2305/1318/565 2417/1326/567 2418/1332/570
f 2426/1329/566 2378/1330/568 2379/1333/568
f 2425/1334/587 2426/1329/566 2379/1333/568
f 2388/1335/566 2389/1331/565 2397/1310/564
f 2425/1334/587 2379/1333/568 2380/1336/566
f 2304/1337/566 2305/1318/565 2418/1332/570
f 2387/1338/564 2388/1335/566 2397/1310/564
f 2304/1337/566 2418/1332/570 2419/1339/566
f 2424/1340/574 2425/1334/587 2380/1336/566
f 2424/1340/574 2380/1336/566 2381/1341/568
f 2386/1342/566 2387/1338/564 2397/1310/564
f 2424/1340/574 2381/1341/568 2382/1343/566
f 2385/1344/564 2386/1342/566 2397/1310/564
f 2423/1345/570 2424/1340/574 2382/1343/566
f 2423/1345/570 2382/1343/566 2383/1346/566
f 2384/1347/587 2385/1344/564 2397/1310/564
f 2423/1345/570 2383/1346/566 2384/1347/587
f 2304/1337/566 2419/1339/566 2420/1348/566
f 2423/1345/570 2384/1347/587 2397/1310/564
f 2422/1349/593 2423/1345/570 2397/1310/564
f 2304/1337/566 2420/1348/566 2421/1350/568
f 2421/1350/568 2422/1349/593 2397/1310/564
f 2304/1337/566 2421/1350/568 2284/1351/565
f 2284/1351/565 2421/1350/568 2397/1310/564
f 2303/1352/570 2304/1337/566 2284/1351/565
f 2303/1352/570 2284/1351/565 2285/1353/570
f 2283/1354/566 2284/1351/565 2397/1310/564
f 2302/1355/564 2303/1352/570 2285/1353/570
f 2302/1355/564 2285/1353/570 2286/1356/566
f 2282/1357/566 2283/1354/566 2397/1310/564
f 2282/1357/566 2397/1310/564 2261/1121/571
f 2301/1358/565 2302/1355/564 2286/1356/566
f 2301/1358/565 2286/1356/566 2287/1359/569
f 2281/1360/571 2282/1357/566 2261/1121/571
f 2281/1360/571 2261/1121/571 2262/1361/570
f 2301/1358/565 2287/1359/569 2288/1362/565
f 2280/1363/566 2281/1360/571 2262/1361/570
f 2300/1364/570 2301/1358/565 2288/1362/565
f 2280/1363/566 2262/1361/570 2263/1365/566
f 2300/1364/570 2288/1362/565 2289/1366/570
f 2279/1367/588 2280/1363/566 2263/1365/566
f 2279/1367/588 2263/1365/566 2264/1368/567
f 2299/1369/569 2300/1364/570 2289/1366/570
f 2299/1369/569 2289/1366/570 2290/1370/570
f 2278/1371/565 2279/1367/588 2264/1368/567
f 2278/1371/565 2264/1368/567 2265/1372/582
f 2299/1369/569 2290/1370/570 2291/1373/572
f 2277/1374/566 2278/1371/565 2265/1372/582
f 2277/1374/566 2265/1372/582 2266/1375/568
f 2298/1376/566 2299/1369/569 2291/1373/572
f 2298/1376/566 2291/1373/572 2292/1377/570
f 2276/1378/568 2277/1374/566 2266/1375/568
f 2276/1378/568 2266/1375/568 2267/1379/581
f 2298/1376/566 2292/1377/570 2293/1380/594
f 2276/1378/568 2267/1379/581 2268/1381/569
f 2275/1382/566 2276/1378/568 2268/1381/569
f 2297/1383/566 2298/1376/566 2293/1380/594
f 2275/1382/566 2268/1381/569 2269/1384/570
f 2297/1383/566 2293/1380/594 2294/1385/570
f 2274/1386/568 2275/1382/566 2269/1384/570
f 2274/1386/568 2269/1384/570 2270/1387/566
f 2297/1383/566 2294/1385/570 2295/1388/566
f 2273/1389/566 2274/1386/568 2270/1387/566
f 2296/1390/566 2297/1383/566 2295/1388/566
f 2273/1389/566 2270/1387/566 2271/1391/566
f 2272/1392/566 2273/1389/566 2271/1391/566
f 2485/1393/564 2486/1395/564 2512/1394/564
f 2512/1394/564 2486/1395/564 2435/1121/566
f 2512/1394/564 2435/1121/566 2436/1396/564
f 2512/1394/564 2436/1396/564 2437/1397/566
f 2512/1394/564 2437/1397/566 2438/1398/565
f 2512/1394/564 2438/1398/565 2439/1399/564
f 2512/1394/564 2439/1399/564 2440/1400/566
f 2512/1394/564 2440/1400/566 2441/1401/565
f 2512/1394/564 2441/1401/565 2442/1402/564
f 2512/1394/564 2442/1402/564 2511/1403/570
f 2511/1403/570 2442/1402/564 2443/1404/570
f 2485/1393/564 2512/1394/564 2513/1405/566
f 2510/1406/584 2511/1403/570 2443/1404/570
f 2509/1407/595 2510/1406/584 2443/1404/570
f 2509/1407/595 2443/1404/570 2444/1408/566
f 2508/1409/577 2509/1407/595 2444/1408/566
f 2507/1410/566 2508/1409/577 2444/1408/566
f 2506/1411/570 2507/1410/566 2444/1408/566
f 2505/1115/564 2506/1411/570 2444/1408/566
f 2505/1115/564 2444/1408/566 2445/1412/565
f 2504/1413/571 2505/1115/564 2445/1412/565
f 2503/1414/568 2504/1413/571 2445/1412/565
f 2503/1414/568 2445/1412/565 2446/1415/565
f 2502/1416/570 2503/1414/568 2446/1415/565
f 2501/1417/567 2502/1416/570 2446/1415/565
f 2501/1417/567 2446/1415/565 2447/1418/565
f 2500/1419/564 2501/1417/567 2447/1418/565
f 2499/1420/565 2500/1419/564 2447/1418/565
f 2499/1420/565 2447/1418/565 2448/1421/566
f 2498/1422/566 2499/1420/565 2448/1421/566
f 2498/1422/566 2448/1421/566 2449/1423/566
f 2497/1424/568 2498/1422/566 2449/1423/566
f 2497/1424/568 2449/1423/566 2450/1425/566
f 2496/1426/570 2497/1424/568 2450/1425/566
f 2496/1426/570 2450/1425/566 2451/1427/565
f 2495/1428/570 2496/1426/570 2451/1427/565
f 2495/1428/570 2451/1427/565 2452/1429/565
f 2494/1430/566 2495/1428/570 2452/1429/565
f 2494/1430/566 2452/1429/565 2453/1431/570
f 2493/1432/571 2494/1430/566 2453/1431/570
f 2493/1432/571 2453/1431/570 2454/1433/569
f 2492/1434/570 2493/1432/571 2454/1433/569
f 2491/1435/566 2492/1434/570 2454/1433/569
f 2491/1435/566 2454/1433/569 2455/1436/564
f 2490/1437/568 2491/1435/566 2455/1436/564
f 2490/1437/568 2455/1436/564 2456/1438/565
f 2489/1439/570 2490/1437/568 2456/1438/565
f 2488/1440/593 2489/1439/570 2456/1438/565
f 2487/1441/564 2488/1440/593 2456/1438/565
f 2485/1393/564 2513/1405/566 2539/1442/564
f 2539/1442/564 2513/1405/566 2487/1441/564
f 2539/1442/564 2487/1441/564 2456/1438/565
f 2539/1442/564 2456/1438/565 2457/1443/587
f 2539/1442/564 2457/1443/587 2458/1444/596
f 2539/1442/564 2458/1444/596 2459/1445/566
f 2539/1442/564 2459/1445/566 2460/1446/569
f 2539/1442/564 2460/1446/569 2461/1447/565
f 2539/1442/564 2461/1447/565 2462/1448/565
f 2539/1442/564 2462/1448/565 2463/1449/570
f 2539/1442/564 2463/1449/570 2464/1450/566
f 2539/1442/564 2464/1450/566 2465/1451/564
f 2539/1442/564 2465/1451/564 2538/1452/568
f 2538/1452/568 2465/1451/564 2466/1453/570
f 2485/1393/564 2539/1442/564 2540/1118/564
f 2537/1454/566 2538/1452/568 2466/1453/570
f 2536/1455/568 2537/1454/566 2466/1453/570
f 2535/1456/564 2536/1455/568 2466/1453/570
f 2535/1456/564 2466/1453/570 2467/1457/564
f 2534/1458/569 2535/1456/564 2467/1457/564
f 2533/1459/589 2534/1458/569 2467/1457/564
f 2533/1459/589 2467/1457/564 2468/1460/564
f 2532/1461/566 2533/1459/589 2468/1460/564
f 2531/1462/566 2532/1461/566 2468/1460/564
f 2531/1462/566 2468/1460/564 2469/1463/564
f 2530/1464/575 2531/1462/566 2469/1463/564
f 2529/1465/566 2530/1464/575 2469/1463/564
f 2529/1465/566 2469/1463/564 2470/1124/564
f 2528/1466/566 2529/1465/566 2470/1124/564
f 2528/1466/566 2470/1124/564 2471/1467/566
f 2527/1468/566 2528/1466/566 2471/1467/566
f 2526/1469/564 2527/1468/566 2471/1467/566
f 2526/1469/564 2471/1467/566 2472/1470/566
f 2525/1471/566 2526/1469/564 2472/1470/566
f 2524/1472/565 2525/1471/566 2472/1470/566
f 2524/1472/565 2472/1470/566 2473/1473/564
f 2523/1474/565 2524/1472/565 2473/1473/564
f 2523/1474/565 2473/1473/564 2474/1475/564
f 2522/1476/568 2523/1474/565 2474/1475/564
f 2521/1477/570 2522/1476/568 2474/1475/564
f 2521/1477/570 2474/1475/564 2475/1478/564
f 2520/1479/567 2521/1477/570 2475/1478/564
f 2519/1480/564 2520/1479/567 2475/1478/564
f 2519/1480/564 2475/1478/564 2476/1481/566
f 2518/1482/570 2519/1480/564 2476/1481/566
f 2517/1483/567 2518/1482/570 2476/1481/566
f 2516/1484/597 2517/1483/567 2476/1481/566
f 2516/1484/597 2476/1481/566 2477/1485/564
f 2515/1486/570 2516/1484/597 2477/1485/564
f 2514/1487/566 2515/1486/570 2477/1485/564
f 2485/1393/564 2540/1118/564 2514/1487/566
f 2485/1393/564 2514/1487/566 2477/1485/564
f 2485/1393/564 2477/1485/564 2478/1488/564
f 2485/1393/564 2478/1488/564 2479/1489/564
f 2485/1393/564 2479/1489/564 2480/1490/570
f 2485/1393/564 2480/1490/570 2481/1491/570
f 2485/1393/564 2481/1491/570 2482/1492/565
f 2485/1393/564 2482/1492/565 2483/1493/567
f 2485/1393/564 2483/1493/567 2484/1494/570
f 2542/1495/598 2544/1496/599 2543/1497/599 2541/1121/598
f 2544/1496/599 2546/1498/600 2545/1499/600 2543/1497/599
f 2546/1498/600 2548/1500/601 2547/1501/601 2545/1499/600
f 2548/1500/601 2550/1502/602 2549/1503/602 2547/1501/601
f 2550/1502/602 2552/1504/603 2551/1505/603 2549/1503/602
f 2552/1504/603 2554/1506/604 2553/1507/604 2551/1505/603
f 2554/1506/604 2556/1508/605 2555/1509/605 2553/1507/604
f 2556/1508/605 2558/1510/606 2557/1511/606 2555/1509/605
f 2558/1510/606 2560/1512/607 2559/1513/607 2557/1511/606
f 2560/1512/607 2562/1514/608 2561/1515/608 2559/1513/607
f 2562/1514/608 2564/1516/609 2563/1517/609 2561/1515/608
f 2564/1516/609 2566/1518/610 2565/1519/610 2563/1517/609
f 2566/1518/610 2568/1520/611 2567/1521/611 2565/1519/610
f 2568/1520/611 2570/1522/612 2569/1523/612 2567/1521/611
f 2570/1522/612 2572/1524/613 2571/1525/613 2569/1523/612
f 2572/1524/613 2574/1526/614 2573/1527/614 2571/1525/613
f 2574/1526/614 2576/1528/615 2575/1529/615 2573/1527/614
f 2576/1528/615 2578/1530/616 2577/1531/616 2575/1529/615
f 2578/1530/616 2580/1532/617 2579/1533/617 2577/1531/616
f 2580/1532/617 2582/1534/618 2581/1535/618 2579/1533/617
f 2582/1534/618 2584/1536/619 2583/1537/619 2581/1535/618
f 2584/1536/619 2586/1538/620 2585/1539/620 2583/1537/619
f 2586/1538/620 2588/1540/621 2587/1541/621 2585/1539/620
f 2588/1540/621 2590/1542/622 2589/1543/623 2587/1541/621
f 2590/1542/622 2592/1544/624 2591/1545/625 2589/1543/623
f 2592/1544/624 2594/1546/626 2593/1547/626 2591/1545/625
f 2594/1546/626 2596/1548/627 2595/1549/627 2593/1547/626
f 2596/1548/627 2598/1550/628 2597/1551/628 2595/1549/627
f 2598/1550/628 2600/1552/629 2599/1553/629 2597/1551/628
f 2600/1552/629 2602/1554/630 2601/1555/630 2599/1553/629
f 2602/1554/630 2604/1556/631 2603/1557/631 2601/1555/630
f 2604/1556/631 2606/1558/632 2605/1559/632 2603/1557/631
f 2606/1558/632 2608/1560/633 2607/1561/633 2605/1559/632
f 2608/1560/633 2610/1562/634 2609/1563/634 2607/1561/633
f 2610/1562/634 2612/1564/635 2611/1565/635 2609/1563/634
f 2612/1564/635 2614/1566/636 2613/1567/636 2611/1565/635
f 2614/1566/636 2616/1568/637 2615/1569/637 2613/1567/636
f 2616/1568/637 2618/1570/638 2617/1571/638 2615/1569/637
f 2618/1570/638 2620/1572/639 2619/1573/639 2617/1571/638
f 2620/1572/639 2622/1574/640 2621/1575/640 2619/1573/639
f 2622/1574/640 2624/1576/641 2623/1577/641 2621/1575/640
f 2624/1576/641 2626/1578/642 2625/1579/642 2623/1577/641
f 2626/1578/642 2628/1580/643 2627/1581/643 2625/1579/642
f 2628/1580/643 2630/1582/644 2629/1583/644 2627/1581/643
f 2630/1582/644 2632/1584/645 2631/1585/645 2629/1583/644
f 2632/1584/645 2634/1586/646 2633/1587/646 2631/1585/645
f 2634/1586/646 2636/1588/647 2635/1589/647 2633/1587/646
f 2636/1588/647 2638/1590/648 2637/1591/648 2635/1589/647
f 2638/1590/648 2640/1592/649 2639/1593/649 2637/1591/648
f 2640/1592/649 2642/1594/650 2641/1595/650 2639/1593/649
f 2642/1594/650 2644/1596/651 2643/1597/651 2641/1595/650
f 2644/1596/651 2542/1598/598 2541/1118/598 2643/1597/651
f 2646/1495/652 2648/1599/653 2647/1600/653 2645/1121/652
f 2648/1599/653 2650/1601/654 2649/1602/654 2647/1600/653
f 2650/1601/654 2652/1603/655 2651/1123/655 2649/1602/654
f 2652/1603/655 2654/1604/656 2653/1605/656 2651/1123/655
f 2654/1604/656 2656/1606/657 2655/1607/657 2653/1605/656
f 2656/1606/657 2658/1608/658 2657/1122/658 2655/1607/657
f 2658/1608/658 2660/1609/659 2659/1610/659 2657/1122/658
f 2660/1609/659 2662/1611/660 2661/1612/660 2659/1610/659
f 2662/1611/660 2664/1613/661 2663/1124/661 2661/1612/660
f 2664/1613/661 2666/1614/662 2665/1615/662 2663/1124/661
f 2666/1614/662 2668/1616/663 2667/1617/663 2665/1615/662
f 2668/1616/663 2670/1618/664 2669/1120/664 2667/1617/663
f 2670/1618/664 2672/1619/665 2671/1620/665 2669/1120/664
f 2672/1619/665 2674/1621/666 2673/1622/666 2671/1620/665
f 2674/1621/666 2676/1623/667 2675/1119/667 2673/1622/666
f 2676/1623/667 2678/1624/668 2677/1625/668 2675/1119/667
f 2678/1624/668 2680/1626/669 2679/1627/669 2677/1625/668
f 2680/1626/669 2682/1628/670 2681/1115/670 2679/1627/669
f 2682/1628/670 2684/1629/671 2683/1630/671 2681/1115/670
f 2684/1629/671 2686/1631/672 2685/1632/672 2683/1630/671
f 2686/1631/672 2688/1633/673 2687/1117/673 2685/1632/672
f 2688/1633/673 2690/1634/674 2689/1635/674 2687/1117/673
f 2690/1634/674 2692/1636/675 2691/1637/675 2689/1635/674
f 2692/1636/675 2694/1638/676 2693/1116/676 2691/1637/675
f 2694/1638/676 2696/1639/677 2695/1640/677 2693/1116/676
f 2696/1639/677 2698/1641/678 2697/1642/678 2695/1640/677
f 2698/1641/678 2646/1598/652 2645/1118/652 2697/1642/678
f 2700/1495/679 2702/1599/680 2701/1600/680 2699/1121/679
f 2702/1599/680 2704/1601/681 2703/1602/681 2701/1600/680
f 2704/1601/681 2706/1603/682 2705/1123/682 2703/1602/681
f 2706/1603/682 2708/1604/683 2707/1605/683 2705/1123/682
f 2708/1604/683 2710/1606/684 2709/1607/684 2707/1605/683
f 2710/1606/684 2712/1608/685 2711/1122/685 2709/1607/684
f 2712/1608/685 2714/1609/686 2713/1610/686 2711/1122/685
f 2714/1609/686 2716/1611/687 2715/1612/687 2713/1610/686
f 2716/1611/687 2718/1613/688 2717/1124/688 2715/1612/687
f 2718/1613/688 2720/1614/689 2719/1615/689 2717/1124/688
f 2720/1614/689 2722/1616/690 2721/1617/690 2719/1615/689
f 2722/1616/690 2724/1618/691 2723/1120/691 2721/1617/690
f 2724/1618/691 2726/1619/692 2725/1620/692 2723/1120/691
f 2726/1619/692 2728/1621/693 2727/1622/693 2725/1620/692
f 2728/1621/693 2730/1623/694 2729/1119/694 2727/1622/693
f 2730/1623/694 2732/1624/695 2731/1625/695 2729/1119/694
f 2732/1624/695 2734/1626/696 2733/1627/696 2731/1625/695
f 2734/1626/696 2736/1628/697 2735/1115/697 2733/1627/696
f 2736/1628/697 2738/1629/698 2737/1630/698 2735/1115/697
f 2738/1629/698 2740/1631/699 2739/1632/699 2737/1630/698
f 2740/1631/699 2742/1633/700 2741/1117/700 2739/1632/699
f 2742/1633/700 2744/1634/701 2743/1635/701 2741/1117/700
f 2744/1634/701 2746/1636/702 2745/1637/702 2743/1635/701
f 2746/1636/702 2748/1638/703 2747/1116/703 2745/1637/702
f 2748/1638/703 2750/1639/677 2749/1640/677 2747/1116/703
f 2750/1639/677 2752/1641/678 2751/1642/678 2749/1640/677
f 2752/1641/678 2700/1598/679 2699/1118/679 2751/1642/678
f 2754/1495/704 2756/1643/705 2755/1644/705 2753/1121/704
f 2756/1643/705 2758/1645/706 2757/1646/706 2755/1644/705
f 2758/1645/706 2760/1647/707 2759/1648/707 2757/1646/706
f 2760/1647/707 2762/1649/708 2761/1650/708 2759/1648/707
f 2762/1649/708 2764/1651/709 2763/1652/709 2761/1650/708
f 2764/1651/709 2766/1653/710 2765/1654/710 2763/1652/709
f 2766/1653/710 2768/1655/711 2767/1656/711 2765/1654/710
f 2768/1655/711 2770/1657/712 2769/1658/712 2767/1656/711
f 2770/1657/712 2772/1659/713 2771/1660/713 2769/1658/712
f 2772/1659/713 2774/1661/714 2773/1662/714 2771/1660/713
f 2774/1661/714 2776/1663/715 2775/1664/715 2773/1662/714
f 2776/1663/715 2778/1665/716 2777/1666/716 2775/1664/715
f 2778/1665/716 2780/1667/717 2779/1668/717 2777/1666/716
f 2780/1667/717 2782/1669/718 2781/1670/718 2779/1668/717
f 2782/1669/718 2784/1671/719 2783/1672/719 2781/1670/718
f 2784/1671/719 2786/1673/720 2785/1674/720 2783/1672/719
f 2786/1673/720 2788/1675/721 2787/1676/721 2785/1674/720
f 2788/1675/721 2790/1677/722 2789/1678/722 2787/1676/721
f 2790/1677/722 2792/1679/723 2791/1680/723 2789/1678/722
f 2792/1679/723 2794/1681/724 2793/1682/724 2791/1680/723
f 2794/1681/724 2796/1683/725 2795/1684/725 2793/1682/724
f 2796/1683/725 2798/1685/726 2797/1686/726 2795/1684/725
f 2798/1685/726 2800/1687/727 2799/1688/728 2797/1686/726
f 2800/1687/727 2802/1689/729 2801/1690/729 2799/1688/728
f 2802/1689/729 2804/1691/730 2803/1692/730 2801/1690/729
f 2804/1691/730 2806/1693/731 2805/1694/731 2803/1692/730
f 2806/1693/731 2808/1695/732 2807/1696/733 2805/1694/731
f 2808/1695/732 2810/1697/734 2809/1698/734 2807/1696/733
f 2810/1697/734 2812/1699/735 2811/1700/735 2809/1698/734
f 2812/1699/735 2814/1701/736 2813/1702/736 2811/1700/735
f 2814/1701/736 2816/1703/737 2815/1704/737 2813/1702/736
f 2816/1703/737 2818/1705/738 2817/1706/738 2815/1704/737
f 2818/1705/738 2820/1707/739 2819/1708/739 2817/1706/738
f 2820/1707/739 2822/1709/740 2821/1710/740 2819/1708/739
f 2822/1709/740 2824/1711/741 2823/1712/741 2821/1710/740
f 2824/1711/741 2826/1713/742 2825/1714/742 2823/1712/741
f 2826/1713/742 2828/1715/743 2827/1716/743 2825/1714/742
f 2828/1715/743 2830/1717/744 2829/1718/744 2827/1716/743
f 2830/1717/744 2832/1719/745 2831/1720/745 2829/1718/744
f 2832/1719/745 2834/1721/746 2833/1722/746 2831/1720/745
f 2834/1721/746 2836/1723/747 2835/1724/747 2833/1722/746
f 2836/1723/747 2838/1725/748 2837/1726/748 2835/1724/747
f 2838/1725/748 2840/1727/749 2839/1728/749 2837/1726/748
f 2840/1727/749 2842/1729/750 2841/1730/750 2839/1728/749
f 2842/1729/750 2844/1731/751 2843/1732/751 2841/1730/750
f 2844/1731/751 2846/1733/752 2845/1734/752 2843/1732/751
f 2846/1733/752 2848/1735/753 2847/1736/753 2845/1734/752
f 2848/1735/753 2850/1737/754 2849/1738/754 2847/1736/753
f 2850/1737/754 2852/1739/755 2851/1740/755 2849/1738/754
f 2852/1739/755 2854/1741/756 2853/1742/756 2851/1740/755
f 2854/1741/756 2856/1743/757 2855/1744/757 2853/1742/756
f 2856/1743/757 2858/1745/758 2857/1746/758 2855/1744/757
f 2858/1745/758 2860/1747/759 2859/1748/759 2857/1746/758
f 2860/1747/759 2862/1749/760 2861/1750/760 2859/1748/759
f 2862/1749/760 2864/1751/761 2863/1752/761 2861/1750/760
f 2864/1751/761 2866/1753/762 2865/1754/762 2863/1752/761
f 2866/1753/762 2868/1755/763 2867/1756/763 2865/1754/762
f 2868/1755/763 2870/1757/764 2869/1758/764 2867/1756/763
f 2870/1757/764 2872/1759/765 2871/1760/765 2869/1758/764
f 2872/1759/765 2874/1761/766 2873/1762/766 2871/1760/765
f 2874/1761/766 2876/1763/767 2875/1764/767 2873/1762/766
f 2876/1763/767 2878/1765/768 2877/1766/768 2875/1764/767
f 2878/1765/768 2880/1767/769 2879/1768/769 2877/1766/768
f 2880/1767/769 2882/1769/770 2881/1770/770 2879/1768/769
f 2882/1769/770 2884/1771/771 2883/1772/771 2881/1770/770
f 2884/1771/771 2886/1773/772 2885/1774/772 2883/1772/771
f 2886/1773/772 2888/1775/773 2887/1776/773 2885/1774/772
f 2888/1775/773 2890/1777/774 2889/1778/774 2887/1776/773
f 2890/1777/774 2892/1779/775 2891/1780/775 2889/1778/774
f 2892/1779/775 2894/1781/776 2893/1782/776 2891/1780/775
f 2894/1781/776 2896/1783/777 2895/1784/777 2893/1782/776
f 2896/1783/777 2898/1785/778 2897/1786/778 2895/1784/777
f 2898/1785/778 2900/1787/779 2899/1788/779 2897/1786/778
f 2900/1787/779 2902/1789/780 2901/1790/780 2899/1788/779
f 2902/1789/780 2904/1791/781 2903/1792/781 2901/1790/780
f 2904/1791/781 2906/1793/782 2905/1794/783 2903/1792/781
f 2906/1793/782 2908/1795/784 2907/1796/784 2905/1794/783
f 2908/1795/784 2910/1797/785 2909/1798/785 2907/1796/784
f 2910/1797/785 2912/1799/786 2911/1800/786 2909/1798/785
f 2912/1799/786 2914/1801/787 2913/1802/787 2911/1800/786
f 2914/1801/787 2916/1803/788 2915/1804/788 2913/1802/787
f 2916/1803/788 2918/1805/789 2917/1806/789 2915/1804/788
f 2918/1805/789 2920/1807/790 2919/1808/790 2917/1806/789
f 2920/1807/790 2922/1809/791 2921/1810/791 2919/1808/790
f 2922/1809/791 2924/1811/792 2923/1812/792 2921/1810/791
f 2924/1811/792 2926/1813/793 2925/1814/793 2923/1812/792
f 2926/1813/793 2928/1815/794 2927/1816/794 2925/1814/793
f 2928/1815/794 2930/1817/795 2929/1818/795 2927/1816/794
f 2930/1817/795 2932/1819/796 2931/1820/796 2929/1818/795
f 2932/1819/796 2934/1821/797 2933/1822/797 2931/1820/796
f 2934/1821/797 2936/1823/798 2935/1824/799 2933/1822/797
f 2936/1823/798 2938/1825/800 2937/1826/800 2935/1824/799
f 2938/1825/800 2940/1827/801 2939/1828/801 2937/1826/800
f 2940/1827/801 2942/1829/802 2941/1830/802 2939/1828/801
f 2942/1829/802 2944/1831/803 2943/1832/803 2941/1830/802
f 2944/1831/803 2946/1833/804 2945/1834/804 2943/1832/803
f 2946/1833/804 2948/1835/805 2947/1836/805 2945/1834/804
f 2948/1835/805 2950/1837/806 2949/1838/806 2947/1836/805
f 2950/1837/806 2952/1839/807 2951/1840/807 2949/1838/806
f 2952/1839/807 2954/1841/808 2953/1842/808 2951/1840/807
f 2954/1841/808 2956/1843/809 2955/1844/809 2953/1842/808
f 2956/1843/809 2958/1845/810 2957/1846/810 2955/1844/809
f 2958/1845/810 2960/1847/811 2959/1848/811 2957/1846/810
f 2960/1847/811 2962/1849/812 2961/1850/812 2959/1848/811
f 2962/1849/812 2964/1851/813 2963/1852/813 2961/1850/812
f 2964/1851/813 2966/1853/814 2965/1854/814 2963/1852/813
f 2966/1853/814 2968/1855/815 2967/1856/815 2965/1854/814
f 2968/1855/815 2970/1857/816 2969/1858/816 2967/1856/815
f 2970/1857/816 2972/1859/817 2971/1860/817 2969/1858/816
f 2972/1859/817 2974/1861/818 2973/1862/818 2971/1860/817
f 2974/1861/818 2976/1863/819 2975/1864/819 2973/1862/818
f 2976/1863/819 2978/1865/820 2977/1866/820 2975/1864/819
f 2978/1865/820 2980/1867/821 2979/1868/821 2977/1866/820
f 2980/1867/821 2982/1869/822 2981/1870/822 2979/1868/821
f 2982/1869/822 2984/1871/823 2983/1872/823 2981/1870/822
f 2984/1871/823 2986/1873/824 2985/1874/824 2983/1872/823
f 2986/1873/824 2988/1875/825 2987/1876/825 2985/1874/824
f 2988/1875/825 2990/1877/826 2989/1878/827 2987/1876/825
f 2990/1877/826 2992/1879/828 2991/1880/828 2989/1878/827
f 2992/1879/828 2994/1881/829 2993/1882/830 2991/1880/828
f 2994/1881/829 2996/1883/831 2995/1884/831 2993/1882/830
f 2996/1883/831 2998/1885/832 2997/1886/833 2995/1884/831
f 2998/1885/832 3000/1887/834 2999/1888/835 2997/1886/833
f 3000/1887/834 3002/1889/836 3001/1890/836 2999/1888/835
f 3002/1889/836 3004/1891/837 3003/1892/837 3001/1890/836
f 3004/1891/837 3006/1893/838 3005/1894/838 3003/1892/837
f 3006/1893/838 3008/1895/839 3007/1896/839 3005/1894/838
f 3008/1895/839 3010/1897/840 3009/1898/840 3007/1896/839
f 3010/1897/840 3012/1899/841 3011/1900/841 3009/1898/840
f 3012/1899/841 3014/1901/842 3013/1902/842 3011/1900/841
f 3014/1901/842 3016/1903/843 3015/1904/843 3013/1902/842
f 3016/1903/843 3018/1905/844 3017/1906/844 3015/1904/843
f 3018/1905/844 3020/1907/845 3019/1908/845 3017/1906/844
f 3020/1907/845 3022/1909/846 3021/1910/846 3019/1908/845
f 3022/1909/846 3024/1911/847 3023/1912/848 3021/1910/846
f 3024/1911/847 3026/1913/849 3025/1914/849 3023/1912/848
f 3026/1913/849 2754/1598/704 2753/1118/704 3025/1914/849
f 3028/1495/850 3030/1915/851 3029/1916/851 3027/1121/850
f 3030/1915/851 3032/1917/852 3031/1918/852 3029/1916/851
f 3032/1917/852 3034/1919/853 3033/1920/853 3031/1918/852
f 3034/1919/853 3036/1921/854 3035/1922/854 3033/1920/853
f 3036/1921/854 3038/1923/855 3037/1924/855 3035/1922/854
f 3038/1923/855 3040/1925/856 3039/1926/856 3037/1924/855
f 3040/1925/856 3042/1927/857 3041/1928/857 3039/1926/856
f 3042/1927/857 3044/1929/858 3043/1930/858 3041/1928/857
f 3044/1929/858 3046/1931/859 3045/1932/859 3043/1930/858
f 3046/1931/859 3048/1933/860 3047/1934/860 3045/1932/859
f 3048/1933/860 3050/1935/861 3049/1936/861 3047/1934/860
f 3050/1935/861 3052/1937/862 3051/1938/862 3049/1936/861
f 3052/1937/862 3054/1939/863 3053/1940/863 3051/1938/862
f 3054/1939/863 3056/1941/864 3055/1942/864 3053/1940/863
f 3056/1941/864 3058/1943/865 3057/1944/865 3055/1942/864
f 3058/1943/865 3060/1945/866 3059/1946/866 3057/1944/865
f 3060/1945/866 3062/1947/867 3061/1948/867 3059/1946/866
f 3062/1947/867 3064/1949/868 3063/1950/868 3061/1948/867
f 3064/1949/868 3066/1951/869 3065/1952/869 3063/1950/868
f 3066/1951/869 3068/1953/870 3067/1954/870 3065/1952/869
f 3068/1953/870 3070/1955/871 3069/1956/871 3067/1954/870
f 3070/1955/871 3072/1957/872 3071/1958/872 3069/1956/871
f 3072/1957/872 3074/1959/873 3073/1960/873 3071/1958/872
f 3074/1959/873 3076/1961/874 3075/1962/874 3073/1960/873
f 3076/1961/874 3078/1963/875 3077/1964/875 3075/1962/874
f 3078/1963/875 3080/1965/876 3079/1966/876 3077/1964/875
f 3080/1965/876 3082/1967/877 3081/1968/877 3079/1966/876
f 3082/1967/877 3084/1969/878 3083/1970/878 3081/1968/877
f 3084/1969/878 3086/1971/879 3085/1972/879 3083/1970/878
f 3086/1971/879 3088/1973/880 3087/1974/880 3085/1972/879
f 3088/1973/880 3090/1975/881 3089/1976/881 3087/1974/880
f 3090/1975/881 3092/1977/882 3091/1978/882 3089/1976/881
f 3092/1977/882 3094/1979/883 3093/1980/883 3091/1978/882
f 3094/1979/883 3096/1981/884 3095/1982/884 3093/1980/883
f 3096/1981/884 3098/1983/885 3097/1984/885 3095/1982/884
f 3098/1983/885 3100/1985/886 3099/1986/886 3097/1984/885
f 3100/1985/886 3028/1598/850 3027/1118/850 3099/1986/886
f 3102/1495/887 3104/1987/888 3103/1988/888 3101/1121/887
f 3104/1987/888 3106/1989/889 3105/1990/889 3103/1988/888
f 3106/1989/889 3108/1991/890 3107/1992/890 3105/1990/889
f 3108/1991/890 3110/1993/891 3109/1994/891 3107/1992/890
f 3110/1993/891 3112/1995/892 3111/1996/892 3109/1994/891
f 3112/1995/892 3114/1997/893 3113/1998/893 3111/1996/892
f 3114/1997/893 3116/1999/894 3115/2000/894 3113/1998/893
f 3116/1999/894 3118/2001/895 3117/2002/895 3115/2000/894
f 3118/2001/895 3120/2003/896 3119/2004/896 3117/2002/895
f 3120/2003/896 3122/2005/897 3121/2006/897 3119/2004/896
f 3122/2005/897 3124/2007/898 3123/2008/898 3121/2006/897
f 3124/2007/898 3126/2009/899 3125/2010/899 3123/2008/898
f 3126/2009/899 3128/2011/900 3127/2012/900 3125/2010/899
f 3128/2011/900 3130/2013/901 3129/1425/901 3127/2012/900
f 3130/2013/901 3132/2014/902 3131/2015/902 3129/1425/901
f 3132/2014/902 3134/2016/903 3133/2017/903 3131/2015/902
f 3134/2016/903 3136/2018/904 3135/2019/904 3133/2017/903
f 3136/2018/904 3138/2020/905 3137/2021/905 3135/2019/904
f 3138/2020/905 3140/2022/906 3139/2023/906 3137/2021/905
f 3140/2022/906 3142/2024/907 3141/2025/907 3139/2023/906
f 3142/2024/907 3144/2026/908 3143/2027/908 3141/2025/907
f 3144/2026/908 3146/2028/909 3145/2029/909 3143/2027/908
f 3146/2028/909 3148/2030/910 3147/2031/910 3145/2029/909
f 3148/2030/910 3150/2032/911 3149/2033/911 3147/2031/910
f 3150/2032/911 3152/2034/912 3151/2035/912 3149/2033/911
f 3152/2034/912 3154/2036/913 3153/2037/913 3151/2035/912
f 3154/2036/913 3156/2038/914 3155/2039/914 3153/2037/913
f 3156/2038/914 3158/2040/915 3157/1451/915 3155/2039/914
f 3158/2040/915 3160/2041/916 3159/2042/916 3157/1451/915
f 3160/2041/916 3162/2043/917 3161/2044/917 3159/2042/916
f 3162/2043/917 3164/2045/918 3163/2046/918 3161/2044/917
f 3164/2045/918 3166/2047/919 3165/2048/919 3163/2046/918
f 3166/2047/919 3168/2049/920 3167/2050/920 3165/2048/919
f 3168/2049/920 3170/2051/921 3169/2052/921 3167/2050/920
f 3170/2051/921 3172/2053/922 3171/2054/922 3169/2052/921
f 3172/2053/922 3174/2055/923 3173/2056/923 3171/2054/922
f 3174/2055/923 3176/2057/924 3175/2058/924 3173/2056/923
f 3176/2057/924 3178/2059/925 3177/2060/925 3175/2058/924
f 3178/2059/925 3180/2061/926 3179/2062/926 3177/2060/925
f 3180/2061/926 3182/2063/927 3181/2064/927 3179/2062/926
f 3182/2063/927 3184/2065/928 3183/2066/928 3181/2064/927
f 3184/2065/928 3186/2067/929 3185/1490/929 3183/2066/928
f 3186/2067/929 3188/2068/930 3187/2069/930 3185/1490/929
f 3188/2068/930 3190/2070/931 3189/2071/931 3187/2069/930
f 3190/2070/931 3192/2072/932 3191/2073/932 3189/2071/931
f 3192/2072/932 3194/2074/933 3193/2075/933 3191/2073/932
f 3194/2074/933 3196/2076/934 3195/2077/935 3193/2075/933
f 3196/2076/934 3198/2078/936 3197/2079/936 3195/2077/935
f 3198/2078/936 3200/1546/937 3199/1547/937 3197/2079/936
f 3200/1546/937 3202/2080/938 3201/2081/938 3199/1547/937
f 3202/2080/938 3204/2082/939 3203/2083/939 3201/2081/938
f 3204/2082/939 3206/2084/940 3205/2085/940 3203/2083/939
f 3206/2084/940 3208/2086/941 3207/2087/941 3205/2085/940
f 3208/2086/941 3210/2088/942 3209/2089/942 3207/2087/941
f 3210/2088/942 3212/2090/943 3211/2091/943 3209/2089/942
f 3212/2090/943 3214/2092/944 3213/1428/944 3211/2091/943
f 3214/2092/944 3216/2093/945 3215/2094/945 3213/1428/944
f 3216/2093/945 3218/2095/946 3217/2096/946 3215/2094/945
f 3218/2095/946 3220/2097/947 3219/2098/947 3217/2096/946
f 3220/2097/947 3222/2099/948 3221/2100/948 3219/2098/947
f 3222/2099/948 3224/2101/949 3223/2102/949 3221/2100/948
f 3224/2101/949 3226/2103/950 3225/2104/950 3223/2102/949
f 3226/2103/950 3228/2105/951 3227/2106/951 3225/2104/950
f 3228/2105/951 3230/2107/952 3229/2108/952 3227/2106/951
f 3230/2107/952 3232/2109/953 3231/2110/953 3229/2108/952
f 3232/2109/953 3234/2111/954 3233/2112/954 3231/2110/953
f 3234/2111/954 3236/2113/955 3235/2114/955 3233/2112/954
f 3236/2113/955 3238/2115/956 3237/2116/956 3235/2114/955
f 3238/2115/956 3240/2117/957 3239/2118/957 3237/2116/956
f 3240/2117/957 3242/2119/958 3241/1406/958 3239/2118/957
f 3242/2119/958 3244/2120/959 3243/2121/959 3241/1406/958
f 3244/2120/959 3246/2122/960 3245/2123/960 3243/2121/959
f 3246/2122/960 3248/2124/961 3247/2125/961 3245/2123/960
f 3248/2124/961 3250/2126/962 3249/2127/962 3247/2125/961
f 3250/2126/962 3252/2128/963 3251/2129/963 3249/2127/962
f 3252/2128/963 3254/2130/964 3253/2131/964 3251/2129/963
f 3254/2130/964 3256/2132/965 3255/2133/965 3253/2131/964
f 3256/2132/965 3258/2134/966 3257/2135/966 3255/2133/965
f 3258/2134/966 3260/2136/967 3259/2137/967 3257/2135/966
f 3260/2136/967 3262/2138/968 3261/2139/968 3259/2137/967
f 3262/2138/968 3264/2140/969 3263/2141/969 3261/2139/968
f 3264/2140/969 3266/2142/970 3265/2143/970 3263/2141/969
f 3266/2142/970 3268/2144/971 3267/2145/971 3265/2143/970
f 3268/2144/971 3270/2146/972 3269/1471/972 3267/2145/971
f 3270/2146/972 3272/2147/973 3271/2148/973 3269/1471/972
f 3272/2147/973 3274/2149/974 3273/2150/974 3271/2148/973
f 3274/2149/974 3276/2151/975 3275/2152/975 3273/2150/974
f 3276/2151/975 3278/2153/976 3277/2154/976 3275/2152/975
f 3278/2153/976 3280/2155/977 3279/2156/977 3277/2154/976
f 3280/2155/977 3282/2157/978 3281/2158/978 3279/2156/977
f 3282/2157/978 3284/2159/979 3283/2160/979 3281/2158/978
f 3284/2159/979 3286/2161/980 3285/2162/980 3283/2160/979
f 3286/2161/980 3288/2163/981 3287/2164/981 3285/2162/980
f 3288/2163/981 3290/2165/982 3289/2166/982 3287/2164/981
f 3290/2165/982 3292/2167/983 3291/2168/983 3289/2166/982
f 3292/2167/983 3294/2169/984 3293/2170/984 3291/2168/983
f 3294/2169/984 3296/2171/985 3295/2172/985 3293/2170/984
f 3296/2171/985 3102/1598/887 3101/1118/887 3295/2172/985
f 3298/1495/986 3300/2173/987 3299/2174/987 3297/1121/988
f 3300/2173/987 3302/1613/989 3301/1124/989 3299/2174/987
f 3302/1613/989 3304/1546/990 3303/1547/990 3301/1124/989
f 3304/1546/990 3306/1628/991 3305/1115/991 3303/1547/990
f 3306/1628/991 3308/2175/992 3307/2176/992 3305/1115/991
f 3308/2175/992 3298/1598/986 3297/1118/988 3307/2176/992
f 3310/1495/650 3312/1520/651 3311/1521/651 3309/1121/650
f 3312/1520/651 3314/1546/678 3313/1547/678 3311/1521/651
f 3314/1546/678 3316/1572/677 3315/1573/677 3313/1547/678
f 3316/1572/677 3310/1598/650 3309/1118/650 3315/1573/677
