# Blender 4.5.0
# www.blender.org
mtllib credit.mtl
o Text.001
v 11.320818 4.577497 -16.542753
v 11.259386 5.246594 -16.425884
v 11.182416 5.247331 -16.470562
v 11.243848 4.578233 -16.587429
v 10.942021 4.581122 -16.762625
v 11.045801 4.580129 -16.702387
v 11.219761 4.802934 -16.550196
v 11.027843 5.020419 -16.612392
v 10.936171 5.021297 -16.665604
v 11.122035 4.803869 -16.606922
v 11.393459 4.910084 -16.424545
v 11.403009 4.916910 -16.417425
v 11.412159 4.922854 -16.410738
v 11.420971 4.927965 -16.404438
v 11.429508 4.932288 -16.398478
v 11.437831 4.935872 -16.392811
v 11.446001 4.938763 -16.387390
v 11.454081 4.941008 -16.382170
v 11.462132 4.942654 -16.377104
v 11.470215 4.943748 -16.372145
v 11.478392 4.944339 -16.367247
v 11.486726 4.944471 -16.362360
v 11.503885 4.943079 -16.352680
v 11.520270 4.939308 -16.343994
v 11.535778 4.933265 -16.336338
v 11.550305 4.925057 -16.329746
v 11.563749 4.914790 -16.324255
v 11.576008 4.902570 -16.319902
v 11.586977 4.888504 -16.316719
v 11.596556 4.872699 -16.314745
v 11.604640 4.855260 -16.314013
v 11.611127 4.836296 -16.314560
v 11.615914 4.815911 -16.316422
v 11.618899 4.794212 -16.319633
v 11.619856 4.772180 -16.324104
v 11.618589 4.751744 -16.329504
v 11.615179 4.732969 -16.335775
v 11.609702 4.715919 -16.342855
v 11.602237 4.700658 -16.350687
v 11.592860 4.687250 -16.359209
v 11.581653 4.675759 -16.368361
v 11.568690 4.666248 -16.378084
v 11.554053 4.658782 -16.388315
v 11.537817 4.653424 -16.398996
v 11.520062 4.650239 -16.410069
v 11.500866 4.649290 -16.421471
v 11.492661 4.649572 -16.426186
v 11.484459 4.650263 -16.430807
v 11.476225 4.651363 -16.435354
v 11.467926 4.652872 -16.439844
v 11.459530 4.654790 -16.444298
v 11.451003 4.657118 -16.448736
v 11.442312 4.659856 -16.453175
v 11.433425 4.663004 -16.457634
v 11.424308 4.666564 -16.462133
v 11.414928 4.670533 -16.466694
v 11.405252 4.674914 -16.471331
v 11.395248 4.679707 -16.476067
v 11.403175 4.593372 -16.491146
v 11.410440 4.589918 -16.487701
v 11.418557 4.586572 -16.483736
v 11.427410 4.583368 -16.479309
v 11.436886 4.580343 -16.474478
v 11.446871 4.577530 -16.469301
v 11.457250 4.574965 -16.463840
v 11.467909 4.572684 -16.458151
v 11.478733 4.570721 -16.452291
v 11.489609 4.569111 -16.446321
v 11.500422 4.567890 -16.440300
v 11.511060 4.567093 -16.434284
v 11.521405 4.566754 -16.428333
v 11.549458 4.568355 -16.411625
v 11.575574 4.573587 -16.395214
v 11.599609 4.582272 -16.379229
v 11.621419 4.594223 -16.363794
v 11.640858 4.609262 -16.349039
v 11.657779 4.627203 -16.335087
v 11.672038 4.647865 -16.322063
v 11.683490 4.671067 -16.310099
v 11.691989 4.696624 -16.299314
v 11.697391 4.724356 -16.289841
v 11.699549 4.754078 -16.281801
v 11.698319 4.785611 -16.275324
v 11.693559 4.820799 -16.270069
v 11.686022 4.853672 -16.266960
v 11.675831 4.884093 -16.265957
v 11.663104 4.911924 -16.267021
v 11.647964 4.937028 -16.270115
v 11.630531 4.959268 -16.275198
v 11.610926 4.978507 -16.282232
v 11.589268 4.994606 -16.291178
v 11.565679 5.007430 -16.301994
v 11.540278 5.016840 -16.314648
v 11.513188 5.022699 -16.329094
v 11.484529 5.024870 -16.345297
v 11.473601 5.024733 -16.351694
v 11.463256 5.024116 -16.357862
v 11.453414 5.023039 -16.363842
v 11.444000 5.021519 -16.369675
v 11.434938 5.019573 -16.375399
v 11.426149 5.017220 -16.381056
v 11.417560 5.014476 -16.386686
v 11.409090 5.011361 -16.392332
v 11.400665 5.007891 -16.398031
v 11.392209 5.004085 -16.403828
v 11.383643 4.999959 -16.409760
v 11.374892 4.995533 -16.415869
v 11.383450 4.902330 -16.432148
v 11.773752 4.592412 -16.275454
v 11.781947 4.586837 -16.271952
v 11.789423 4.581971 -16.268705
v 11.796288 4.577774 -16.265663
v 11.802651 4.574208 -16.262770
v 11.808621 4.571234 -16.259970
v 11.814306 4.568815 -16.257210
v 11.819815 4.566911 -16.254435
v 11.825256 4.565485 -16.251589
v 11.830738 4.564497 -16.248621
v 11.836369 4.563910 -16.245474
v 11.842257 4.563684 -16.242094
v 11.850342 4.563894 -16.237337
v 11.857738 4.564697 -16.232843
v 11.864460 4.566105 -16.228605
v 11.870523 4.568132 -16.224611
v 11.875940 4.570792 -16.220848
v 11.880725 4.574098 -16.217306
v 11.884891 4.578063 -16.213974
v 11.888452 4.582700 -16.210842
v 11.891421 4.588025 -16.207897
v 11.893814 4.594049 -16.205128
v 11.895643 4.600786 -16.202526
v 11.896923 4.608250 -16.200077
v 11.906057 4.600892 -16.196432
v 11.915199 4.594184 -16.192636
v 11.924341 4.588123 -16.188694
v 11.933479 4.582705 -16.184607
v 11.942605 4.577927 -16.180378
v 11.951715 4.573786 -16.176016
v 11.960803 4.570278 -16.171522
v 11.969863 4.567400 -16.166899
v 11.978889 4.565148 -16.162153
v 11.987877 4.563519 -16.157290
v 11.996819 4.562511 -16.152309
v 12.005711 4.562119 -16.147219
v 12.019478 4.563023 -16.138990
v 12.032206 4.565904 -16.130919
v 12.043841 4.570606 -16.123066
v 12.054335 4.576974 -16.115498
v 12.063634 4.584850 -16.108284
v 12.071686 4.594079 -16.101486
v 12.078441 4.604506 -16.095173
v 12.083845 4.615973 -16.089407
v 12.087849 4.628325 -16.084257
v 12.090399 4.641405 -16.079786
v 12.091445 4.655058 -16.076061
v 12.090934 4.669127 -16.073149
v 12.087628 4.689737 -16.070374
v 12.081888 4.708046 -16.069540
v 12.073964 4.724258 -16.070457
v 12.064108 4.738580 -16.072933
v 12.052569 4.751216 -16.076773
v 12.039601 4.762372 -16.081783
v 12.025454 4.772252 -16.087770
v 12.010379 4.781063 -16.094543
v 11.994627 4.789008 -16.101910
v 11.978450 4.796294 -16.109673
v 11.962098 4.803125 -16.117641
v 11.945824 4.809708 -16.125622
v 11.874980 4.837831 -16.160480
v 11.872818 4.861378 -16.156368
v 11.872105 4.874439 -16.153803
v 11.872485 4.886177 -16.150904
v 11.873957 4.896624 -16.147663
v 11.876514 4.905815 -16.144075
v 11.880157 4.913785 -16.140135
v 11.884881 4.920566 -16.135836
v 11.890683 4.926193 -16.131170
v 11.897560 4.930700 -16.126135
v 11.905508 4.934122 -16.120724
v 11.914526 4.936491 -16.114929
v 11.924608 4.937844 -16.108746
v 11.935754 4.938212 -16.102169
v 11.946405 4.937638 -16.096094
v 11.957157 4.936106 -16.090179
v 11.967985 4.933600 -16.084442
v 11.978869 4.930103 -16.078897
v 11.989786 4.925599 -16.073565
v 12.000712 4.920070 -16.068460
v 12.011626 4.913499 -16.063601
v 12.022506 4.905870 -16.059002
v 12.033328 4.897166 -16.054684
v 12.044070 4.887371 -16.050659
v 12.054710 4.876467 -16.046947
v 12.065226 4.864437 -16.043566
v 12.056488 4.959602 -16.026945
v 12.047784 4.969305 -16.029802
v 12.038647 4.978157 -16.033106
v 12.029073 4.986162 -16.036858
v 12.019053 4.993324 -16.041061
v 12.008583 4.999647 -16.045719
v 11.997655 5.005133 -16.050835
v 11.986264 5.009786 -16.056410
v 11.974402 5.013610 -16.062449
v 11.962066 5.016608 -16.068953
v 11.949245 5.018784 -16.075924
v 11.935937 5.020140 -16.083368
v 11.922133 5.020681 -16.091288
v 11.902914 5.019920 -16.102659
v 11.884714 5.017237 -16.113876
v 11.867697 5.012595 -16.124849
v 11.852023 5.005960 -16.135496
v 11.837855 4.997294 -16.145727
v 11.825357 4.986565 -16.155457
v 11.814690 4.973735 -16.164600
v 11.806015 4.958768 -16.173069
v 11.799497 4.941630 -16.180777
v 11.795296 4.922285 -16.187637
v 11.793575 4.900697 -16.193565
v 11.794497 4.876831 -16.198475
v 11.815305 4.650201 -16.238058
v 11.815559 4.646254 -16.238811
v 11.815561 4.642742 -16.239611
v 11.815315 4.639648 -16.240461
v 11.814825 4.636954 -16.241362
v 11.814095 4.634644 -16.242313
v 11.813131 4.632700 -16.243319
v 11.811936 4.631105 -16.244377
v 11.810517 4.629843 -16.245493
v 11.808876 4.628897 -16.246664
v 11.807019 4.628248 -16.247894
v 11.804951 4.627880 -16.249184
v 11.802674 4.627777 -16.250534
v 11.800552 4.627979 -16.251724
v 11.798096 4.628542 -16.253027
v 11.795324 4.629455 -16.254433
v 11.792260 4.630708 -16.255932
v 11.788926 4.632290 -16.257515
v 11.785343 4.634192 -16.259169
v 11.781535 4.636401 -16.260883
v 11.777522 4.638908 -16.262650
v 11.773327 4.641704 -16.264456
v 11.768970 4.644776 -16.266293
v 11.764476 4.648116 -16.268148
v 11.759865 4.651711 -16.270016
v 11.764729 4.598733 -16.279268
v 11.896204 4.783211 -16.160576
v 11.912495 4.776577 -16.152599
v 11.928105 4.769764 -16.145058
v 11.942877 4.762685 -16.138067
v 11.956648 4.755248 -16.131741
v 11.969261 4.747362 -16.126190
v 11.980556 4.738937 -16.121532
v 11.990372 4.729883 -16.117878
v 11.998549 4.720110 -16.115343
v 12.004930 4.709527 -16.114040
v 12.009353 4.698043 -16.114084
v 12.011658 4.685570 -16.115587
v 12.011992 4.676733 -16.117409
v 12.011357 4.668405 -16.119678
v 12.009802 4.660638 -16.122356
v 12.007371 4.653481 -16.125406
v 12.004112 4.646986 -16.128786
v 12.000070 4.641203 -16.132462
v 11.995292 4.636183 -16.136391
v 11.989824 4.631975 -16.140535
v 11.983713 4.628632 -16.144859
v 11.977005 4.626203 -16.149323
v 11.969747 4.624739 -16.153885
v 11.961984 4.624291 -16.158510
v 11.955939 4.624632 -16.161953
v 11.949917 4.625527 -16.165258
v 11.943916 4.626961 -16.168427
v 11.937941 4.628914 -16.171463
v 11.931991 4.631371 -16.174370
v 11.926068 4.634315 -16.177149
v 11.920175 4.637728 -16.179804
v 11.914310 4.641593 -16.182339
v 11.908480 4.645894 -16.184755
v 11.902682 4.650612 -16.187056
v 11.896919 4.655733 -16.189245
v 11.891193 4.661237 -16.191326
v 11.879394 4.789759 -16.168877
v 12.311887 5.236520 -15.814959
v 12.281768 5.235063 -15.832840
v 12.254914 5.230286 -15.849575
v 12.231236 5.222497 -15.865149
v 12.210641 5.212003 -15.879541
v 12.193039 5.199112 -15.892739
v 12.178337 5.184131 -15.904722
v 12.166446 5.167367 -15.915476
v 12.157273 5.149127 -15.924982
v 12.150728 5.129718 -15.933224
v 12.146719 5.109447 -15.940185
v 12.145155 5.088622 -15.945847
v 12.145946 5.067550 -15.950194
v 12.148094 5.050637 -15.952801
v 12.151357 5.034707 -15.954535
v 12.155749 5.019732 -15.955392
v 12.161290 5.005686 -15.955369
v 12.167995 4.992541 -15.954461
v 12.175884 4.980269 -15.952664
v 12.184974 4.968844 -15.949975
v 12.195281 4.958237 -15.946390
v 12.206823 4.948422 -15.941904
v 12.219619 4.939371 -15.936515
v 12.233685 4.931056 -15.930216
v 12.249039 4.923451 -15.923005
v 12.249219 4.921489 -15.923348
v 12.228415 4.916065 -15.936707
v 12.209290 4.908743 -15.949520
v 12.191905 4.899600 -15.961736
v 12.176318 4.888714 -15.973301
v 12.162588 4.876163 -15.984164
v 12.150774 4.862025 -15.994273
v 12.140935 4.846378 -16.003576
v 12.133129 4.829298 -16.012020
v 12.127416 4.810864 -16.019556
v 12.123854 4.791153 -16.026127
v 12.122502 4.770245 -16.031685
v 12.123420 4.748214 -16.036177
v 12.126490 4.727378 -16.039143
v 12.131982 4.706327 -16.040745
v 12.139997 4.685444 -16.040840
v 12.150636 4.665107 -16.039282
v 12.163998 4.645697 -16.035925
v 12.180182 4.627594 -16.030626
v 12.199290 4.611178 -16.023239
v 12.221422 4.596830 -16.013617
v 12.246677 4.584930 -16.001617
v 12.275156 4.575859 -15.987095
v 12.306958 4.569995 -15.969904
v 12.342184 4.567720 -15.949899
v 12.544556 4.565783 -15.832432
v 12.483124 5.234881 -15.715564
v 12.368458 4.949754 -15.847426
v 12.348317 4.950683 -15.858949
v 12.329834 4.953069 -15.869173
v 12.313000 4.956917 -15.878104
v 12.297803 4.962230 -15.885746
v 12.284236 4.969010 -15.892104
v 12.272288 4.977263 -15.897182
v 12.261952 4.986991 -15.900985
v 12.253217 4.998199 -15.903517
v 12.246074 5.010888 -15.904783
v 12.240514 5.025063 -15.904789
v 12.236526 5.040727 -15.903538
v 12.234104 5.057884 -15.901035
v 12.233509 5.070224 -15.898566
v 12.234093 5.082140 -15.895507
v 12.235964 5.093507 -15.891824
v 12.239228 5.104196 -15.887483
v 12.243996 5.114081 -15.882450
v 12.250372 5.123036 -15.876692
v 12.258466 5.130932 -15.870174
v 12.268384 5.137644 -15.862864
v 12.280235 5.143044 -15.854728
v 12.294127 5.147005 -15.845730
v 12.310166 5.149400 -15.835838
v 12.328462 5.150102 -15.825019
v 12.406297 5.149357 -15.779840
v 12.424672 4.949216 -15.814796
v 12.345501 4.653948 -15.928293
v 12.322020 4.655301 -15.941665
v 12.301213 4.658742 -15.953003
v 12.282940 4.664058 -15.962437
v 12.267061 4.671036 -15.970096
v 12.253438 4.679462 -15.976110
v 12.241931 4.689124 -15.980611
v 12.232399 4.699809 -15.983727
v 12.224705 4.711303 -15.985586
v 12.218708 4.723394 -15.986322
v 12.214269 4.735868 -15.986062
v 12.211248 4.748512 -15.984938
v 12.209507 4.761113 -15.983077
v 12.209014 4.775929 -15.979983
v 12.210348 4.789904 -15.976018
v 12.213537 4.802948 -15.971184
v 12.218611 4.814974 -15.965484
v 12.225598 4.825893 -15.958921
v 12.234529 4.835616 -15.951500
v 12.245432 4.844053 -15.943222
v 12.258336 4.851117 -15.934093
v 12.273271 4.856718 -15.924113
v 12.290265 4.860767 -15.913287
v 12.309348 4.863177 -15.901619
v 12.330548 4.863858 -15.889112
v 12.432599 4.862881 -15.829877
v 12.451875 4.652930 -15.866548
v 11.083738 4.484657 -16.135843
v 11.022307 5.153755 -16.018976
v 10.945337 5.154491 -16.063654
v 11.006769 4.485394 -16.180521
v 10.704943 4.488283 -16.355717
v 10.808722 4.487289 -16.295477
v 10.982682 4.710094 -16.143288
v 10.790764 4.927580 -16.205484
v 10.699091 4.928457 -16.258696
v 10.884956 4.711030 -16.200012
v 11.156381 4.817244 -16.017637
v 11.165930 4.824070 -16.010517
v 11.175079 4.830015 -16.003830
v 11.183892 4.835125 -15.997529
v 11.192429 4.839449 -15.991569
v 11.200751 4.843032 -15.985902
v 11.208922 4.845923 -15.980482
v 11.217002 4.848168 -15.975263
v 11.225052 4.849814 -15.970196
v 11.233135 4.850909 -15.965237
v 11.241313 4.851499 -15.960338
v 11.249646 4.851632 -15.955452
v 11.266806 4.850239 -15.945772
v 11.283192 4.846468 -15.937086
v 11.298698 4.840425 -15.929429
v 11.313226 4.832217 -15.922838
v 11.326671 4.821950 -15.917347
v 11.338928 4.809730 -15.912993
v 11.349898 4.795664 -15.909811
v 11.359477 4.779859 -15.907837
v 11.367560 4.762421 -15.907105
v 11.374048 4.743456 -15.907653
v 11.378836 4.723071 -15.909514
v 11.381820 4.701373 -15.912725
v 11.382776 4.679340 -15.917195
v 11.381511 4.658904 -15.922596
v 11.378100 4.640130 -15.928866
v 11.372622 4.623080 -15.935947
v 11.365157 4.607819 -15.943779
v 11.355782 4.594410 -15.952301
v 11.344574 4.582919 -15.961453
v 11.331612 4.573409 -15.971175
v 11.316974 4.565942 -15.981407
v 11.300738 4.560585 -15.992089
v 11.282984 4.557399 -16.003160
v 11.263786 4.556450 -16.014561
v 11.255583 4.556733 -16.019278
v 11.247380 4.557424 -16.023899
v 11.239145 4.558524 -16.028444
v 11.230847 4.560033 -16.032936
v 11.222451 4.561951 -16.037390
v 11.213924 4.564279 -16.041826
v 11.205234 4.567017 -16.046267
v 11.196346 4.570165 -16.050726
v 11.187229 4.573724 -16.055225
v 11.177849 4.577694 -16.059784
v 11.168174 4.582075 -16.064423
v 11.158170 4.586867 -16.069159
v 11.166096 4.500532 -16.084238
v 11.173361 4.497078 -16.080793
v 11.181478 4.493732 -16.076828
v 11.190331 4.490529 -16.072399
v 11.199807 4.487503 -16.067570
v 11.209791 4.484690 -16.062393
v 11.220171 4.482126 -16.056932
v 11.230829 4.479844 -16.051243
v 11.241653 4.477881 -16.045383
v 11.252530 4.476272 -16.039413
v 11.263344 4.475050 -16.033392
v 11.273980 4.474253 -16.027376
v 11.284326 4.473915 -16.021425
v 11.312378 4.475515 -16.004717
v 11.338494 4.480748 -15.988306
v 11.362531 4.489432 -15.972321
v 11.384340 4.501384 -15.956886
v 11.403778 4.516422 -15.942130
v 11.420699 4.534363 -15.928178
v 11.434958 4.555026 -15.915155
v 11.446411 4.578227 -15.903190
v 11.454910 4.603785 -15.892406
v 11.460312 4.631516 -15.882933
v 11.462470 4.661239 -15.874893
v 11.461241 4.692771 -15.868416
v 11.456480 4.727959 -15.863161
v 11.448943 4.760832 -15.860051
v 11.438751 4.791253 -15.859049
v 11.426025 4.819085 -15.860113
v 11.410885 4.844189 -15.863207
v 11.393452 4.866429 -15.868290
v 11.373846 4.885667 -15.875323
v 11.352188 4.901767 -15.884269
v 11.328599 4.914590 -15.895087
v 11.303199 4.924000 -15.907739
v 11.276109 4.929859 -15.922186
v 11.247449 4.932031 -15.938389
v 11.236523 4.931893 -15.944786
v 11.226176 4.931277 -15.950954
v 11.216335 4.930200 -15.956934
v 11.206922 4.928679 -15.962766
v 11.197859 4.926733 -15.968491
v 11.189071 4.924380 -15.974148
v 11.180480 4.921637 -15.979778
v 11.172011 4.918521 -15.985424
v 11.163587 4.915051 -15.991124
v 11.155129 4.911245 -15.996920
v 11.146564 4.907120 -16.002851
v 11.137814 4.902693 -16.008961
v 11.146371 4.809490 -16.025240
v 11.536673 4.499572 -15.868546
v 11.544868 4.493998 -15.865043
v 11.552343 4.489131 -15.861797
v 11.559209 4.484934 -15.858755
v 11.565573 4.481369 -15.855861
v 11.571543 4.478395 -15.853062
v 11.577228 4.475976 -15.850301
v 11.582736 4.474072 -15.847526
v 11.588177 4.472645 -15.844681
v 11.593658 4.471657 -15.841713
v 11.599290 4.471070 -15.838566
v 11.605179 4.470844 -15.835187
v 11.613262 4.471055 -15.830428
v 11.620659 4.471858 -15.825936
v 11.627381 4.473266 -15.821698
v 11.633444 4.475293 -15.817702
v 11.638861 4.477952 -15.813940
v 11.643645 4.481258 -15.810398
v 11.647811 4.485223 -15.807066
v 11.651372 4.489861 -15.803933
v 11.654343 4.495185 -15.800988
v 11.656734 4.501209 -15.798220
v 11.658564 4.507946 -15.795617
v 11.659843 4.515411 -15.793168
v 11.668979 4.508053 -15.789525
v 11.678121 4.501345 -15.785729
v 11.687263 4.495284 -15.781785
v 11.696400 4.489865 -15.777698
v 11.705526 4.485087 -15.773471
v 11.714636 4.480946 -15.769108
v 11.723723 4.477438 -15.764613
v 11.732784 4.474560 -15.759992
v 11.741810 4.472308 -15.755246
v 11.750797 4.470680 -15.750381
v 11.759740 4.469671 -15.745401
v 11.768632 4.469279 -15.740310
v 11.782399 4.470183 -15.732082
v 11.795126 4.473064 -15.724010
v 11.806763 4.477767 -15.716157
v 11.817256 4.484134 -15.708591
v 11.826554 4.492011 -15.701376
v 11.834607 4.501240 -15.694578
v 11.841361 4.511666 -15.688264
v 11.846766 4.523133 -15.682499
v 11.850769 4.535485 -15.677348
v 11.853320 4.548565 -15.672877
v 11.854365 4.562218 -15.669153
v 11.853855 4.576288 -15.666241
v 11.850550 4.596898 -15.663465
v 11.844809 4.615206 -15.662632
v 11.836885 4.631419 -15.663549
v 11.827028 4.645741 -15.666024
v 11.815491 4.658377 -15.669864
v 11.802523 4.669532 -15.674874
v 11.788375 4.679413 -15.680863
v 11.773300 4.688223 -15.687636
v 11.757548 4.696168 -15.695001
v 11.741371 4.703454 -15.702764
v 11.725019 4.710286 -15.710732
v 11.708745 4.716868 -15.718713
v 11.637901 4.744992 -15.753572
v 11.635739 4.768538 -15.749459
v 11.635026 4.781600 -15.746895
v 11.635406 4.793337 -15.743995
v 11.636877 4.803784 -15.740754
v 11.639436 4.812976 -15.737166
v 11.643079 4.820945 -15.733226
v 11.647802 4.827726 -15.728927
v 11.653605 4.833353 -15.724262
v 11.660480 4.837861 -15.719228
v 11.668429 4.841282 -15.713816
v 11.677446 4.843652 -15.708021
v 11.687530 4.845005 -15.701838
v 11.698674 4.845373 -15.695260
v 11.709326 4.844799 -15.689185
v 11.720078 4.843267 -15.683270
v 11.730906 4.840761 -15.677533
v 11.741791 4.837264 -15.671989
v 11.752707 4.832759 -15.666657
v 11.763634 4.827230 -15.661552
v 11.774548 4.820659 -15.656693
v 11.785427 4.813030 -15.652095
v 11.796248 4.804327 -15.647776
v 11.806991 4.794531 -15.643751
v 11.817631 4.783627 -15.640040
v 11.828146 4.771597 -15.636658
v 11.819408 4.866763 -15.620036
v 11.810704 4.876465 -15.622894
v 11.801568 4.885317 -15.626198
v 11.791993 4.893322 -15.629950
v 11.781974 4.900485 -15.634153
v 11.771503 4.906807 -15.638811
v 11.760576 4.912293 -15.643926
v 11.749185 4.916946 -15.649501
v 11.737324 4.920771 -15.655540
v 11.724986 4.923769 -15.662044
v 11.712167 4.925944 -15.669017
v 11.698858 4.927301 -15.676461
v 11.685054 4.927842 -15.684381
v 11.665834 4.927081 -15.695751
v 11.647635 4.924397 -15.706967
v 11.630617 4.919755 -15.717942
v 11.614944 4.913120 -15.728588
v 11.600777 4.904455 -15.738819
v 11.588278 4.893725 -15.748549
v 11.577611 4.880895 -15.757691
v 11.568936 4.865929 -15.766160
v 11.562418 4.848791 -15.773869
v 11.558217 4.829446 -15.780730
v 11.556496 4.807858 -15.786658
v 11.557418 4.783991 -15.791566
v 11.578225 4.557361 -15.831151
v 11.578480 4.553414 -15.831903
v 11.578482 4.549902 -15.832703
v 11.578236 4.546808 -15.833552
v 11.577745 4.544115 -15.834453
v 11.577016 4.541804 -15.835404
v 11.576052 4.539861 -15.836410
v 11.574858 4.538266 -15.837469
v 11.573438 4.537004 -15.838585
v 11.571797 4.536057 -15.839757
v 11.569941 4.535408 -15.840986
v 11.567871 4.535040 -15.842276
v 11.565595 4.534937 -15.843626
v 11.563474 4.535140 -15.844815
v 11.561016 4.535702 -15.846119
v 11.558245 4.536615 -15.847526
v 11.555182 4.537868 -15.849025
v 11.551847 4.539451 -15.850606
v 11.548265 4.541352 -15.852260
v 11.544456 4.543561 -15.853974
v 11.540442 4.546069 -15.855741
v 11.536247 4.548864 -15.857547
v 11.531892 4.551937 -15.859384
v 11.527397 4.555276 -15.861240
v 11.522786 4.558872 -15.863107
v 11.527650 4.505894 -15.872360
v 11.659125 4.690372 -15.753668
v 11.675415 4.683737 -15.745690
v 11.691027 4.676925 -15.738150
v 11.705797 4.669846 -15.731158
v 11.719569 4.662408 -15.724832
v 11.732183 4.654522 -15.719282
v 11.743477 4.646098 -15.714623
v 11.753293 4.637044 -15.710970
v 11.761471 4.627270 -15.708435
v 11.767851 4.616687 -15.707132
v 11.772273 4.605204 -15.707175
v 11.774579 4.592730 -15.708678
v 11.774913 4.583893 -15.710501
v 11.774279 4.575565 -15.712770
v 11.772723 4.567798 -15.715448
v 11.770292 4.560642 -15.718497
v 11.767033 4.554147 -15.721878
v 11.762991 4.548364 -15.725553
v 11.758213 4.543343 -15.729482
v 11.752745 4.539136 -15.733627
v 11.746634 4.535792 -15.737951
v 11.739926 4.533364 -15.742414
v 11.732667 4.531900 -15.746977
v 11.724904 4.531452 -15.751602
v 11.718861 4.531793 -15.755045
v 11.712837 4.532688 -15.758350
v 11.706838 4.534121 -15.761519
v 11.700862 4.536075 -15.764555
v 11.694912 4.538532 -15.767461
v 11.688989 4.541475 -15.770241
v 11.683095 4.544888 -15.772896
v 11.677232 4.548753 -15.775430
v 11.671400 4.553054 -15.777846
v 11.665603 4.557773 -15.780148
v 11.659841 4.562893 -15.782337
v 11.654115 4.568398 -15.784417
v 11.642315 4.696919 -15.761969
v 12.074807 5.143681 -15.408051
v 12.044688 5.142223 -15.425932
v 12.017836 5.137446 -15.442667
v 11.994157 5.129657 -15.458241
v 11.973562 5.119164 -15.472633
v 11.955959 5.106273 -15.485830
v 11.941258 5.091292 -15.497814
v 11.929367 5.074528 -15.508568
v 11.920194 5.056287 -15.518074
v 11.913649 5.036878 -15.526316
v 11.909639 5.016608 -15.533276
v 11.908076 4.995783 -15.538939
v 11.908866 4.974710 -15.543286
v 11.911016 4.957797 -15.545893
v 11.914278 4.941867 -15.547626
v 11.918671 4.926892 -15.548484
v 11.924211 4.912846 -15.548460
v 11.930917 4.899701 -15.547552
v 11.938806 4.887430 -15.545756
v 11.947895 4.876004 -15.543067
v 11.958201 4.865398 -15.539482
v 11.969745 4.855583 -15.534996
v 11.982540 4.846531 -15.529606
v 11.996606 4.838217 -15.523308
v 12.011960 4.830612 -15.516097
v 12.012140 4.828650 -15.516440
v 11.991335 4.823225 -15.529799
v 11.972211 4.815903 -15.542612
v 11.954825 4.806760 -15.554828
v 11.939239 4.795875 -15.566393
v 11.925508 4.783324 -15.577256
v 11.913694 4.769186 -15.587365
v 11.903855 4.753538 -15.596667
v 11.896049 4.736458 -15.605112
v 11.890337 4.718024 -15.612647
v 11.886775 4.698314 -15.619219
v 11.885424 4.677405 -15.624777
v 11.886341 4.655375 -15.629269
v 11.889411 4.634538 -15.632235
v 11.894903 4.613488 -15.633838
v 11.902919 4.592605 -15.633932
v 11.913557 4.572268 -15.632374
v 11.926918 4.552857 -15.629018
v 11.943103 4.534754 -15.623718
v 11.962212 4.518339 -15.616330
v 11.984343 4.503991 -15.606709
v 12.009598 4.492091 -15.594709
v 12.038076 4.483019 -15.580187
v 12.069880 4.477156 -15.562995
v 12.105105 4.474881 -15.542991
v 12.307476 4.472944 -15.425524
v 12.246044 5.142042 -15.308656
v 12.131379 4.856915 -15.440518
v 12.111238 4.857843 -15.452041
v 12.092755 4.860230 -15.462265
v 12.075920 4.864078 -15.471196
v 12.060723 4.869390 -15.478838
v 12.047156 4.876171 -15.485195
v 12.035210 4.884424 -15.490273
v 12.024873 4.894152 -15.494077
v 12.016138 4.905359 -15.496609
v 12.008995 4.918048 -15.497875
v 12.003434 4.932223 -15.497881
v 11.999448 4.947888 -15.496630
v 11.997025 4.965045 -15.494127
v 11.996429 4.977385 -15.491658
v 11.997014 4.989301 -15.488599
v 11.998884 5.000667 -15.484916
v 12.002150 5.011356 -15.480575
v 12.006916 5.021242 -15.475542
v 12.013293 5.030196 -15.469784
v 12.021387 5.038093 -15.463266
v 12.031305 5.044805 -15.455956
v 12.043157 5.050204 -15.447819
v 12.057048 5.054165 -15.438822
v 12.073088 5.056560 -15.428930
v 12.091383 5.057262 -15.418111
v 12.169217 5.056518 -15.372931
v 12.187593 4.856377 -15.407888
v 12.108421 4.561108 -15.521384
v 12.084941 4.562461 -15.534757
v 12.064134 4.565902 -15.546095
v 12.045860 4.571218 -15.555529
v 12.029983 4.578196 -15.563188
v 12.016359 4.586623 -15.569202
v 12.004851 4.596285 -15.573703
v 11.995320 4.606969 -15.576818
v 11.987626 4.618464 -15.578678
v 11.981629 4.630554 -15.579413
v 11.977190 4.643028 -15.579154
v 11.974170 4.655673 -15.578029
v 11.972427 4.668274 -15.576169
v 11.971935 4.683090 -15.573075
v 11.973269 4.697064 -15.569110
v 11.976458 4.710109 -15.564276
v 11.981532 4.722135 -15.558576
v 11.988520 4.733054 -15.552013
v 11.997450 4.742776 -15.544592
v 12.008353 4.751214 -15.536314
v 12.021257 4.758277 -15.527184
v 12.036192 4.763878 -15.517204
v 12.053185 4.767928 -15.506379
v 12.072268 4.770338 -15.494711
v 12.093470 4.771019 -15.482203
v 12.195519 4.770041 -15.422968
v 12.214796 4.560090 -15.459640
v 12.074807 5.143681 -15.408051
v 12.311887 5.236520 -15.814959
v 12.044688 5.142223 -15.425932
v 12.281768 5.235063 -15.832840
v 12.017836 5.137446 -15.442667
v 12.254914 5.230286 -15.849575
v 11.994157 5.129657 -15.458241
v 12.231236 5.222497 -15.865149
v 11.973562 5.119164 -15.472633
v 12.210641 5.212003 -15.879541
v 11.955959 5.106273 -15.485830
v 12.193039 5.199112 -15.892739
v 11.941258 5.091292 -15.497814
v 12.178337 5.184131 -15.904722
v 11.929367 5.074528 -15.508568
v 12.166446 5.167367 -15.915476
v 11.920194 5.056287 -15.518074
v 12.157273 5.149127 -15.924982
v 11.913649 5.036878 -15.526316
v 12.150728 5.129718 -15.933224
v 11.909639 5.016608 -15.533276
v 12.146719 5.109447 -15.940185
v 11.908076 4.995783 -15.538939
v 12.145155 5.088622 -15.945847
v 11.908866 4.974710 -15.543286
v 12.145946 5.067550 -15.950194
v 11.911016 4.957797 -15.545893
v 12.148094 5.050637 -15.952801
v 11.914278 4.941867 -15.547626
v 12.151357 5.034707 -15.954535
v 11.918671 4.926892 -15.548484
v 12.155749 5.019732 -15.955392
v 11.924211 4.912846 -15.548460
v 12.161290 5.005686 -15.955369
v 11.930917 4.899701 -15.547552
v 12.167995 4.992541 -15.954461
v 11.938806 4.887430 -15.545756
v 12.175884 4.980269 -15.952664
v 11.947895 4.876004 -15.543067
v 12.184974 4.968844 -15.949975
v 11.958201 4.865398 -15.539482
v 12.195281 4.958237 -15.946390
v 11.969745 4.855583 -15.534996
v 12.206823 4.948422 -15.941904
v 11.982540 4.846531 -15.529606
v 12.219619 4.939371 -15.936515
v 11.996606 4.838217 -15.523308
v 12.233685 4.931056 -15.930216
v 12.011960 4.830612 -15.516097
v 12.249039 4.923451 -15.923005
v 12.012140 4.828650 -15.516440
v 12.249219 4.921489 -15.923348
v 11.991335 4.823225 -15.529799
v 12.228415 4.916065 -15.936707
v 11.972211 4.815903 -15.542612
v 12.209290 4.908743 -15.949520
v 11.954825 4.806760 -15.554828
v 12.191905 4.899600 -15.961736
v 11.939239 4.795875 -15.566393
v 12.176318 4.888714 -15.973301
v 11.925508 4.783324 -15.577256
v 12.162588 4.876163 -15.984164
v 11.913694 4.769186 -15.587365
v 12.150774 4.862025 -15.994273
v 11.903855 4.753538 -15.596667
v 12.140935 4.846378 -16.003576
v 11.896049 4.736458 -15.605112
v 12.133129 4.829298 -16.012020
v 11.890337 4.718024 -15.612647
v 12.127416 4.810864 -16.019556
v 11.886775 4.698314 -15.619219
v 12.123854 4.791153 -16.026127
v 11.885424 4.677405 -15.624777
v 12.122502 4.770245 -16.031685
v 11.886341 4.655375 -15.629269
v 12.123420 4.748214 -16.036177
v 11.889411 4.634538 -15.632235
v 12.126490 4.727378 -16.039143
v 11.894903 4.613488 -15.633838
v 12.131982 4.706327 -16.040745
v 11.902919 4.592605 -15.633932
v 12.139997 4.685444 -16.040840
v 11.913557 4.572268 -15.632374
v 12.150636 4.665107 -16.039282
v 11.926918 4.552857 -15.629018
v 12.163998 4.645697 -16.035925
v 11.943103 4.534754 -15.623718
v 12.180182 4.627594 -16.030626
v 11.962212 4.518339 -15.616330
v 12.199290 4.611178 -16.023239
v 11.984343 4.503991 -15.606709
v 12.221422 4.596830 -16.013617
v 12.009598 4.492091 -15.594709
v 12.246677 4.584930 -16.001617
v 12.038076 4.483019 -15.580187
v 12.275156 4.575859 -15.987095
v 12.069880 4.477156 -15.562995
v 12.306958 4.569995 -15.969904
v 12.105105 4.474881 -15.542991
v 12.342184 4.567720 -15.949899
v 12.307476 4.472944 -15.425524
v 12.544556 4.565783 -15.832432
v 12.246044 5.142042 -15.308656
v 12.483124 5.234881 -15.715564
v 12.131379 4.856915 -15.440518
v 12.368458 4.949754 -15.847426
v 12.111238 4.857843 -15.452041
v 12.348317 4.950683 -15.858949
v 12.092755 4.860230 -15.462265
v 12.329834 4.953069 -15.869173
v 12.075920 4.864078 -15.471196
v 12.313000 4.956917 -15.878104
v 12.060723 4.869390 -15.478838
v 12.297803 4.962230 -15.885746
v 12.047156 4.876171 -15.485195
v 12.284236 4.969010 -15.892104
v 12.035210 4.884424 -15.490273
v 12.272288 4.977263 -15.897182
v 12.024873 4.894152 -15.494077
v 12.261952 4.986991 -15.900985
v 12.016138 4.905359 -15.496609
v 12.253217 4.998199 -15.903517
v 12.008995 4.918048 -15.497875
v 12.246074 5.010888 -15.904783
v 12.003434 4.932223 -15.497881
v 12.240514 5.025063 -15.904789
v 11.999448 4.947888 -15.496630
v 12.236526 5.040727 -15.903538
v 11.997025 4.965045 -15.494127
v 12.234104 5.057884 -15.901035
v 11.996429 4.977385 -15.491658
v 12.233509 5.070224 -15.898566
v 11.997014 4.989301 -15.488599
v 12.234093 5.082140 -15.895507
v 11.998884 5.000667 -15.484916
v 12.235964 5.093507 -15.891824
v 12.002150 5.011356 -15.480575
v 12.239228 5.104196 -15.887483
v 12.006916 5.021242 -15.475542
v 12.243996 5.114081 -15.882450
v 12.013293 5.030196 -15.469784
v 12.250372 5.123036 -15.876692
v 12.021387 5.038093 -15.463266
v 12.258466 5.130932 -15.870174
v 12.031305 5.044805 -15.455956
v 12.268384 5.137644 -15.862864
v 12.043157 5.050204 -15.447819
v 12.280235 5.143044 -15.854728
v 12.057048 5.054165 -15.438822
v 12.294127 5.147005 -15.845730
v 12.073088 5.056560 -15.428930
v 12.310166 5.149400 -15.835838
v 12.091383 5.057262 -15.418111
v 12.328462 5.150102 -15.825019
v 12.169217 5.056518 -15.372931
v 12.406297 5.149357 -15.779840
v 12.187593 4.856377 -15.407888
v 12.424672 4.949216 -15.814796
v 12.108421 4.561108 -15.521384
v 12.345501 4.653948 -15.928293
v 12.084941 4.562461 -15.534757
v 12.322020 4.655301 -15.941665
v 12.064134 4.565902 -15.546095
v 12.301213 4.658742 -15.953003
v 12.045860 4.571218 -15.555529
v 12.282940 4.664058 -15.962437
v 12.029983 4.578196 -15.563188
v 12.267061 4.671036 -15.970096
v 12.016359 4.586623 -15.569202
v 12.253438 4.679462 -15.976110
v 12.004851 4.596285 -15.573703
v 12.241931 4.689124 -15.980611
v 11.995320 4.606969 -15.576818
v 12.232399 4.699809 -15.983727
v 11.987626 4.618464 -15.578678
v 12.224705 4.711303 -15.985586
v 11.981629 4.630554 -15.579413
v 12.218708 4.723394 -15.986322
v 11.977190 4.643028 -15.579154
v 12.214269 4.735868 -15.986062
v 11.974170 4.655673 -15.578029
v 12.211248 4.748512 -15.984938
v 11.972427 4.668274 -15.576169
v 12.209507 4.761113 -15.983077
v 11.971935 4.683090 -15.573075
v 12.209014 4.775929 -15.979983
v 11.973269 4.697064 -15.569110
v 12.210348 4.789904 -15.976018
v 11.976458 4.710109 -15.564276
v 12.213537 4.802948 -15.971184
v 11.981532 4.722135 -15.558576
v 12.218611 4.814974 -15.965484
v 11.988520 4.733054 -15.552013
v 12.225598 4.825893 -15.958921
v 11.997450 4.742776 -15.544592
v 12.234529 4.835616 -15.951500
v 12.008353 4.751214 -15.536314
v 12.245432 4.844053 -15.943222
v 12.021257 4.758277 -15.527184
v 12.258336 4.851117 -15.934093
v 12.036192 4.763878 -15.517204
v 12.273271 4.856718 -15.924113
v 12.053185 4.767928 -15.506379
v 12.290265 4.860767 -15.913287
v 12.072268 4.770338 -15.494711
v 12.309348 4.863177 -15.901619
v 12.093470 4.771019 -15.482203
v 12.330548 4.863858 -15.889112
v 12.195519 4.770041 -15.422968
v 12.432599 4.862881 -15.829877
v 12.214796 4.560090 -15.459640
v 12.451875 4.652930 -15.866548
v 11.536673 4.499572 -15.868546
v 11.773752 4.592412 -16.275454
v 11.544868 4.493998 -15.865043
v 11.781947 4.586837 -16.271952
v 11.552343 4.489131 -15.861797
v 11.789423 4.581971 -16.268705
v 11.559209 4.484934 -15.858755
v 11.796288 4.577774 -16.265663
v 11.565573 4.481369 -15.855861
v 11.802651 4.574208 -16.262770
v 11.571543 4.478395 -15.853062
v 11.808621 4.571234 -16.259970
v 11.577228 4.475976 -15.850301
v 11.814306 4.568815 -16.257210
v 11.582736 4.474072 -15.847526
v 11.819815 4.566911 -16.254435
v 11.588177 4.472645 -15.844681
v 11.825256 4.565485 -16.251589
v 11.593658 4.471657 -15.841713
v 11.830738 4.564497 -16.248621
v 11.599290 4.471070 -15.838566
v 11.836369 4.563910 -16.245474
v 11.605179 4.470844 -15.835187
v 11.842257 4.563684 -16.242094
v 11.613262 4.471055 -15.830428
v 11.850342 4.563894 -16.237337
v 11.620659 4.471858 -15.825936
v 11.857738 4.564697 -16.232843
v 11.627381 4.473266 -15.821698
v 11.864460 4.566105 -16.228605
v 11.633444 4.475293 -15.817702
v 11.870523 4.568132 -16.224611
v 11.638861 4.477952 -15.813940
v 11.875940 4.570792 -16.220848
v 11.643645 4.481258 -15.810398
v 11.880725 4.574098 -16.217306
v 11.647811 4.485223 -15.807066
v 11.884891 4.578063 -16.213974
v 11.651372 4.489861 -15.803933
v 11.888452 4.582700 -16.210842
v 11.654343 4.495185 -15.800988
v 11.891421 4.588025 -16.207897
v 11.656734 4.501209 -15.798220
v 11.893814 4.594049 -16.205128
v 11.658564 4.507946 -15.795617
v 11.895643 4.600786 -16.202526
v 11.659843 4.515411 -15.793168
v 11.896923 4.608250 -16.200077
v 11.668979 4.508053 -15.789525
v 11.906057 4.600892 -16.196432
v 11.678121 4.501345 -15.785729
v 11.915199 4.594184 -16.192636
v 11.687263 4.495284 -15.781785
v 11.924341 4.588123 -16.188694
v 11.696400 4.489865 -15.777698
v 11.933479 4.582705 -16.184607
v 11.705526 4.485087 -15.773471
v 11.942605 4.577927 -16.180378
v 11.714636 4.480946 -15.769108
v 11.951715 4.573786 -16.176016
v 11.723723 4.477438 -15.764613
v 11.960803 4.570278 -16.171522
v 11.732784 4.474560 -15.759992
v 11.969863 4.567400 -16.166899
v 11.741810 4.472308 -15.755246
v 11.978889 4.565148 -16.162153
v 11.750797 4.470680 -15.750381
v 11.987877 4.563519 -16.157290
v 11.759740 4.469671 -15.745401
v 11.996819 4.562511 -16.152309
v 11.768632 4.469279 -15.740310
v 12.005711 4.562119 -16.147219
v 11.782399 4.470183 -15.732082
v 12.019478 4.563023 -16.138990
v 11.795126 4.473064 -15.724010
v 12.032206 4.565904 -16.130919
v 11.806763 4.477767 -15.716157
v 12.043841 4.570606 -16.123066
v 11.817256 4.484134 -15.708591
v 12.054335 4.576974 -16.115498
v 11.826554 4.492011 -15.701376
v 12.063634 4.584850 -16.108284
v 11.834607 4.501240 -15.694578
v 12.071686 4.594079 -16.101486
v 11.841361 4.511666 -15.688264
v 12.078441 4.604506 -16.095173
v 11.846766 4.523133 -15.682499
v 12.083845 4.615973 -16.089407
v 11.850769 4.535485 -15.677348
v 12.087849 4.628325 -16.084257
v 11.853320 4.548565 -15.672877
v 12.090399 4.641405 -16.079786
v 11.854365 4.562218 -15.669153
v 12.091445 4.655058 -16.076061
v 11.853855 4.576288 -15.666241
v 12.090934 4.669127 -16.073149
v 11.850550 4.596898 -15.663465
v 12.087628 4.689737 -16.070374
v 11.844809 4.615206 -15.662632
v 12.081888 4.708046 -16.069540
v 11.836885 4.631419 -15.663549
v 12.073964 4.724258 -16.070457
v 11.827028 4.645741 -15.666024
v 12.064108 4.738580 -16.072933
v 11.815491 4.658377 -15.669864
v 12.052569 4.751216 -16.076773
v 11.802523 4.669532 -15.674874
v 12.039601 4.762372 -16.081783
v 11.788375 4.679413 -15.680863
v 12.025454 4.772252 -16.087770
v 11.773300 4.688223 -15.687636
v 12.010379 4.781063 -16.094543
v 11.757548 4.696168 -15.695001
v 11.994627 4.789008 -16.101910
v 11.741371 4.703454 -15.702764
v 11.978450 4.796294 -16.109673
v 11.725019 4.710286 -15.710732
v 11.962098 4.803125 -16.117641
v 11.708745 4.716868 -15.718713
v 11.945824 4.809708 -16.125622
v 11.637901 4.744992 -15.753572
v 11.874980 4.837831 -16.160480
v 11.635739 4.768538 -15.749459
v 11.872818 4.861378 -16.156368
v 11.635026 4.781600 -15.746895
v 11.872105 4.874439 -16.153803
v 11.635406 4.793337 -15.743995
v 11.872485 4.886177 -16.150904
v 11.636877 4.803784 -15.740754
v 11.873957 4.896624 -16.147663
v 11.639436 4.812976 -15.737166
v 11.876514 4.905815 -16.144075
v 11.643079 4.820945 -15.733226
v 11.880157 4.913785 -16.140135
v 11.647802 4.827726 -15.728927
v 11.884881 4.920566 -16.135836
v 11.653605 4.833353 -15.724262
v 11.890683 4.926193 -16.131170
v 11.660480 4.837861 -15.719228
v 11.897560 4.930700 -16.126135
v 11.668429 4.841282 -15.713816
v 11.905508 4.934122 -16.120724
v 11.677446 4.843652 -15.708021
v 11.914526 4.936491 -16.114929
v 11.687530 4.845005 -15.701838
v 11.924608 4.937844 -16.108746
v 11.698674 4.845373 -15.695260
v 11.935754 4.938212 -16.102169
v 11.709326 4.844799 -15.689185
v 11.946405 4.937638 -16.096094
v 11.720078 4.843267 -15.683270
v 11.957157 4.936106 -16.090179
v 11.730906 4.840761 -15.677533
v 11.967985 4.933600 -16.084442
v 11.741791 4.837264 -15.671989
v 11.978869 4.930103 -16.078897
v 11.752707 4.832759 -15.666657
v 11.989786 4.925599 -16.073565
v 11.763634 4.827230 -15.661552
v 12.000712 4.920070 -16.068460
v 11.774548 4.820659 -15.656693
v 12.011626 4.913499 -16.063601
v 11.785427 4.813030 -15.652095
v 12.022506 4.905870 -16.059002
v 11.796248 4.804327 -15.647776
v 12.033328 4.897166 -16.054684
v 11.806991 4.794531 -15.643751
v 12.044070 4.887371 -16.050659
v 11.817631 4.783627 -15.640040
v 12.054710 4.876467 -16.046947
v 11.828146 4.771597 -15.636658
v 12.065226 4.864437 -16.043566
v 11.819408 4.866763 -15.620036
v 12.056488 4.959602 -16.026945
v 11.810704 4.876465 -15.622894
v 12.047784 4.969305 -16.029802
v 11.801568 4.885317 -15.626198
v 12.038647 4.978157 -16.033106
v 11.791993 4.893322 -15.629950
v 12.029073 4.986162 -16.036858
v 11.781974 4.900485 -15.634153
v 12.019053 4.993324 -16.041061
v 11.771503 4.906807 -15.638811
v 12.008583 4.999647 -16.045719
v 11.760576 4.912293 -15.643926
v 11.997655 5.005133 -16.050835
v 11.749185 4.916946 -15.649501
v 11.986264 5.009786 -16.056410
v 11.737324 4.920771 -15.655540
v 11.974402 5.013610 -16.062449
v 11.724986 4.923769 -15.662044
v 11.962066 5.016608 -16.068953
v 11.712167 4.925944 -15.669017
v 11.949245 5.018784 -16.075924
v 11.698858 4.927301 -15.676461
v 11.935937 5.020140 -16.083368
v 11.685054 4.927842 -15.684381
v 11.922133 5.020681 -16.091288
v 11.665834 4.927081 -15.695751
v 11.902914 5.019920 -16.102659
v 11.647635 4.924397 -15.706967
v 11.884714 5.017237 -16.113876
v 11.630617 4.919755 -15.717942
v 11.867697 5.012595 -16.124849
v 11.614944 4.913120 -15.728588
v 11.852023 5.005960 -16.135496
v 11.600777 4.904455 -15.738819
v 11.837855 4.997294 -16.145727
v 11.588278 4.893725 -15.748549
v 11.825357 4.986565 -16.155457
v 11.577611 4.880895 -15.757691
v 11.814690 4.973735 -16.164600
v 11.568936 4.865929 -15.766160
v 11.806015 4.958768 -16.173069
v 11.562418 4.848791 -15.773869
v 11.799497 4.941630 -16.180777
v 11.558217 4.829446 -15.780730
v 11.795296 4.922285 -16.187637
v 11.556496 4.807858 -15.786658
v 11.793575 4.900697 -16.193565
v 11.557418 4.783991 -15.791566
v 11.794497 4.876831 -16.198475
v 11.578225 4.557361 -15.831151
v 11.815305 4.650201 -16.238058
v 11.578480 4.553414 -15.831903
v 11.815559 4.646254 -16.238811
v 11.578482 4.549902 -15.832703
v 11.815561 4.642742 -16.239611
v 11.578236 4.546808 -15.833552
v 11.815315 4.639648 -16.240461
v 11.577745 4.544115 -15.834453
v 11.814825 4.636954 -16.241362
v 11.577016 4.541804 -15.835404
v 11.814095 4.634644 -16.242313
v 11.576052 4.539861 -15.836410
v 11.813131 4.632700 -16.243319
v 11.574858 4.538266 -15.837469
v 11.811936 4.631105 -16.244377
v 11.573438 4.537004 -15.838585
v 11.810517 4.629843 -16.245493
v 11.571797 4.536057 -15.839757
v 11.808876 4.628897 -16.246664
v 11.569941 4.535408 -15.840986
v 11.807019 4.628248 -16.247894
v 11.567871 4.535040 -15.842276
v 11.804951 4.627880 -16.249184
v 11.565595 4.534937 -15.843626
v 11.802674 4.627777 -16.250534
v 11.563474 4.535140 -15.844815
v 11.800552 4.627979 -16.251724
v 11.561016 4.535702 -15.846119
v 11.798096 4.628542 -16.253027
v 11.558245 4.536615 -15.847526
v 11.795324 4.629455 -16.254433
v 11.555182 4.537868 -15.849025
v 11.792260 4.630708 -16.255932
v 11.551847 4.539451 -15.850606
v 11.788926 4.632290 -16.257515
v 11.548265 4.541352 -15.852260
v 11.785343 4.634192 -16.259169
v 11.544456 4.543561 -15.853974
v 11.781535 4.636401 -16.260883
v 11.540442 4.546069 -15.855741
v 11.777522 4.638908 -16.262650
v 11.536247 4.548864 -15.857547
v 11.773327 4.641704 -16.264456
v 11.531892 4.551937 -15.859384
v 11.768970 4.644776 -16.266293
v 11.527397 4.555276 -15.861240
v 11.764476 4.648116 -16.268148
v 11.522786 4.558872 -15.863107
v 11.759865 4.651711 -16.270016
v 11.527650 4.505894 -15.872360
v 11.764729 4.598733 -16.279268
v 11.659125 4.690372 -15.753668
v 11.896204 4.783211 -16.160576
v 11.675415 4.683737 -15.745690
v 11.912495 4.776577 -16.152599
v 11.691027 4.676925 -15.738150
v 11.928105 4.769764 -16.145058
v 11.705797 4.669846 -15.731158
v 11.942877 4.762685 -16.138067
v 11.719569 4.662408 -15.724832
v 11.956648 4.755248 -16.131741
v 11.732183 4.654522 -15.719282
v 11.969261 4.747362 -16.126190
v 11.743477 4.646098 -15.714623
v 11.980556 4.738937 -16.121532
v 11.753293 4.637044 -15.710970
v 11.990372 4.729883 -16.117878
v 11.761471 4.627270 -15.708435
v 11.998549 4.720110 -16.115343
v 11.767851 4.616687 -15.707132
v 12.004930 4.709527 -16.114040
v 11.772273 4.605204 -15.707175
v 12.009353 4.698043 -16.114084
v 11.774579 4.592730 -15.708678
v 12.011658 4.685570 -16.115587
v 11.774913 4.583893 -15.710501
v 12.011992 4.676733 -16.117409
v 11.774279 4.575565 -15.712770
v 12.011357 4.668405 -16.119678
v 11.772723 4.567798 -15.715448
v 12.009802 4.660638 -16.122356
v 11.770292 4.560642 -15.718497
v 12.007371 4.653481 -16.125406
v 11.767033 4.554147 -15.721878
v 12.004112 4.646986 -16.128786
v 11.762991 4.548364 -15.725553
v 12.000070 4.641203 -16.132462
v 11.758213 4.543343 -15.729482
v 11.995292 4.636183 -16.136391
v 11.752745 4.539136 -15.733627
v 11.989824 4.631975 -16.140535
v 11.746634 4.535792 -15.737951
v 11.983713 4.628632 -16.144859
v 11.739926 4.533364 -15.742414
v 11.977005 4.626203 -16.149323
v 11.732667 4.531900 -15.746977
v 11.969747 4.624739 -16.153885
v 11.724904 4.531452 -15.751602
v 11.961984 4.624291 -16.158510
v 11.718861 4.531793 -15.755045
v 11.955939 4.624632 -16.161953
v 11.712837 4.532688 -15.758350
v 11.949917 4.625527 -16.165258
v 11.706838 4.534121 -15.761519
v 11.943916 4.626961 -16.168427
v 11.700862 4.536075 -15.764555
v 11.937941 4.628914 -16.171463
v 11.694912 4.538532 -15.767461
v 11.931991 4.631371 -16.174370
v 11.688989 4.541475 -15.770241
v 11.926068 4.634315 -16.177149
v 11.683095 4.544888 -15.772896
v 11.920175 4.637728 -16.179804
v 11.677232 4.548753 -15.775430
v 11.914310 4.641593 -16.182339
v 11.671400 4.553054 -15.777846
v 11.908480 4.645894 -16.184755
v 11.665603 4.557773 -15.780148
v 11.902682 4.650612 -16.187056
v 11.659841 4.562893 -15.782337
v 11.896919 4.655733 -16.189245
v 11.654115 4.568398 -15.784417
v 11.891193 4.661237 -16.191326
v 11.642315 4.696919 -15.761969
v 11.879394 4.789759 -16.168877
v 11.156381 4.817244 -16.017637
v 11.393459 4.910084 -16.424545
v 11.165930 4.824070 -16.010517
v 11.403009 4.916910 -16.417425
v 11.175079 4.830015 -16.003830
v 11.412159 4.922854 -16.410738
v 11.183892 4.835125 -15.997529
v 11.420971 4.927965 -16.404438
v 11.192429 4.839449 -15.991569
v 11.429508 4.932288 -16.398478
v 11.200751 4.843032 -15.985902
v 11.437831 4.935872 -16.392811
v 11.208922 4.845923 -15.980482
v 11.446001 4.938763 -16.387390
v 11.217002 4.848168 -15.975263
v 11.454081 4.941008 -16.382170
v 11.225052 4.849814 -15.970196
v 11.462132 4.942654 -16.377104
v 11.233135 4.850909 -15.965237
v 11.470215 4.943748 -16.372145
v 11.241313 4.851499 -15.960338
v 11.478392 4.944339 -16.367247
v 11.249646 4.851632 -15.955452
v 11.486726 4.944471 -16.362360
v 11.266806 4.850239 -15.945772
v 11.503885 4.943079 -16.352680
v 11.283192 4.846468 -15.937086
v 11.520270 4.939308 -16.343994
v 11.298698 4.840425 -15.929429
v 11.535778 4.933265 -16.336338
v 11.313226 4.832217 -15.922838
v 11.550305 4.925057 -16.329746
v 11.326671 4.821950 -15.917347
v 11.563749 4.914790 -16.324255
v 11.338928 4.809730 -15.912993
v 11.576008 4.902570 -16.319902
v 11.349898 4.795664 -15.909811
v 11.586977 4.888504 -16.316719
v 11.359477 4.779859 -15.907837
v 11.596556 4.872699 -16.314745
v 11.367560 4.762421 -15.907105
v 11.604640 4.855260 -16.314013
v 11.374048 4.743456 -15.907653
v 11.611127 4.836296 -16.314560
v 11.378836 4.723071 -15.909514
v 11.615914 4.815911 -16.316422
v 11.381820 4.701373 -15.912725
v 11.618899 4.794212 -16.319633
v 11.382776 4.679340 -15.917195
v 11.619856 4.772180 -16.324104
v 11.381511 4.658904 -15.922596
v 11.618589 4.751744 -16.329504
v 11.378100 4.640130 -15.928866
v 11.615179 4.732969 -16.335775
v 11.372622 4.623080 -15.935947
v 11.609702 4.715919 -16.342855
v 11.365157 4.607819 -15.943779
v 11.602237 4.700658 -16.350687
v 11.355782 4.594410 -15.952301
v 11.592860 4.687250 -16.359209
v 11.344574 4.582919 -15.961453
v 11.581653 4.675759 -16.368361
v 11.331612 4.573409 -15.971175
v 11.568690 4.666248 -16.378084
v 11.316974 4.565942 -15.981407
v 11.554053 4.658782 -16.388315
v 11.300738 4.560585 -15.992089
v 11.537817 4.653424 -16.398996
v 11.282984 4.557399 -16.003160
v 11.520062 4.650239 -16.410069
v 11.263786 4.556450 -16.014561
v 11.500866 4.649290 -16.421471
v 11.255583 4.556733 -16.019278
v 11.492661 4.649572 -16.426186
v 11.247380 4.557424 -16.023899
v 11.484459 4.650263 -16.430807
v 11.239145 4.558524 -16.028444
v 11.476225 4.651363 -16.435354
v 11.230847 4.560033 -16.032936
v 11.467926 4.652872 -16.439844
v 11.222451 4.561951 -16.037390
v 11.459530 4.654790 -16.444298
v 11.213924 4.564279 -16.041826
v 11.451003 4.657118 -16.448736
v 11.205234 4.567017 -16.046267
v 11.442312 4.659856 -16.453175
v 11.196346 4.570165 -16.050726
v 11.433425 4.663004 -16.457634
v 11.187229 4.573724 -16.055225
v 11.424308 4.666564 -16.462133
v 11.177849 4.577694 -16.059784
v 11.414928 4.670533 -16.466694
v 11.168174 4.582075 -16.064423
v 11.405252 4.674914 -16.471331
v 11.158170 4.586867 -16.069159
v 11.395248 4.679707 -16.476067
v 11.166096 4.500532 -16.084238
v 11.403175 4.593372 -16.491146
v 11.173361 4.497078 -16.080793
v 11.410440 4.589918 -16.487701
v 11.181478 4.493732 -16.076828
v 11.418557 4.586572 -16.483736
v 11.190331 4.490529 -16.072399
v 11.427410 4.583368 -16.479309
v 11.199807 4.487503 -16.067570
v 11.436886 4.580343 -16.474478
v 11.209791 4.484690 -16.062393
v 11.446871 4.577530 -16.469301
v 11.220171 4.482126 -16.056932
v 11.457250 4.574965 -16.463840
v 11.230829 4.479844 -16.051243
v 11.467909 4.572684 -16.458151
v 11.241653 4.477881 -16.045383
v 11.478733 4.570721 -16.452291
v 11.252530 4.476272 -16.039413
v 11.489609 4.569111 -16.446321
v 11.263344 4.475050 -16.033392
v 11.500422 4.567890 -16.440300
v 11.273980 4.474253 -16.027376
v 11.511060 4.567093 -16.434284
v 11.284326 4.473915 -16.021425
v 11.521405 4.566754 -16.428333
v 11.312378 4.475515 -16.004717
v 11.549458 4.568355 -16.411625
v 11.338494 4.480748 -15.988306
v 11.575574 4.573587 -16.395214
v 11.362531 4.489432 -15.972321
v 11.599609 4.582272 -16.379229
v 11.384340 4.501384 -15.956886
v 11.621419 4.594223 -16.363794
v 11.403778 4.516422 -15.942130
v 11.640858 4.609262 -16.349039
v 11.420699 4.534363 -15.928178
v 11.657779 4.627203 -16.335087
v 11.434958 4.555026 -15.915155
v 11.672038 4.647865 -16.322063
v 11.446411 4.578227 -15.903190
v 11.683490 4.671067 -16.310099
v 11.454910 4.603785 -15.892406
v 11.691989 4.696624 -16.299314
v 11.460312 4.631516 -15.882933
v 11.697391 4.724356 -16.289841
v 11.462470 4.661239 -15.874893
v 11.699549 4.754078 -16.281801
v 11.461241 4.692771 -15.868416
v 11.698319 4.785611 -16.275324
v 11.456480 4.727959 -15.863161
v 11.693559 4.820799 -16.270069
v 11.448943 4.760832 -15.860051
v 11.686022 4.853672 -16.266960
v 11.438751 4.791253 -15.859049
v 11.675831 4.884093 -16.265957
v 11.426025 4.819085 -15.860113
v 11.663104 4.911924 -16.267021
v 11.410885 4.844189 -15.863207
v 11.647964 4.937028 -16.270115
v 11.393452 4.866429 -15.868290
v 11.630531 4.959268 -16.275198
v 11.373846 4.885667 -15.875323
v 11.610926 4.978507 -16.282232
v 11.352188 4.901767 -15.884269
v 11.589268 4.994606 -16.291178
v 11.328599 4.914590 -15.895087
v 11.565679 5.007430 -16.301994
v 11.303199 4.924000 -15.907739
v 11.540278 5.016840 -16.314648
v 11.276109 4.929859 -15.922186
v 11.513188 5.022699 -16.329094
v 11.247449 4.932031 -15.938389
v 11.484529 5.024870 -16.345297
v 11.236523 4.931893 -15.944786
v 11.473601 5.024733 -16.351694
v 11.226176 4.931277 -15.950954
v 11.463256 5.024116 -16.357862
v 11.216335 4.930200 -15.956934
v 11.453414 5.023039 -16.363842
v 11.206922 4.928679 -15.962766
v 11.444000 5.021519 -16.369675
v 11.197859 4.926733 -15.968491
v 11.434938 5.019573 -16.375399
v 11.189071 4.924380 -15.974148
v 11.426149 5.017220 -16.381056
v 11.180480 4.921637 -15.979778
v 11.417560 5.014476 -16.386686
v 11.172011 4.918521 -15.985424
v 11.409090 5.011361 -16.392332
v 11.163587 4.915051 -15.991124
v 11.400665 5.007891 -16.398031
v 11.155129 4.911245 -15.996920
v 11.392209 5.004085 -16.403828
v 11.146564 4.907120 -16.002851
v 11.383643 4.999959 -16.409760
v 11.137814 4.902693 -16.008961
v 11.374892 4.995533 -16.415869
v 11.146371 4.809490 -16.025240
v 11.383450 4.902330 -16.432148
v 10.704943 4.488283 -16.355717
v 10.942021 4.581122 -16.762625
v 10.808722 4.487289 -16.295477
v 11.045801 4.580129 -16.702387
v 10.982682 4.710094 -16.143288
v 11.219761 4.802934 -16.550196
v 10.790764 4.927580 -16.205484
v 11.027843 5.020419 -16.612392
v 10.699091 4.928457 -16.258696
v 10.936171 5.021297 -16.665604
v 10.884956 4.711030 -16.200012
v 11.122035 4.803869 -16.606922
v 11.083738 4.484657 -16.135843
v 11.320818 4.577497 -16.542753
v 11.022307 5.153755 -16.018976
v 11.259386 5.246594 -16.425884
v 10.945337 5.154491 -16.063654
v 11.182416 5.247331 -16.470562
v 11.006769 4.485394 -16.180521
v 11.243848 4.578233 -16.587429
vn 0.4939 0.1934 -0.8477
vn -0.4939 -0.1934 0.8477
vn -0.1120 0.9810 0.1585
vn -0.1811 0.9765 0.1173
vn -0.2779 0.9589 0.0569
vn -0.3788 0.9254 -0.0096
vn -0.4799 0.8736 -0.0803
vn -0.5765 0.8027 -0.1527
vn -0.6636 0.7139 -0.2237
vn -0.7372 0.6102 -0.2903
vn -0.7948 0.4959 -0.3499
vn -0.8355 0.3755 -0.4011
vn -0.8600 0.2526 -0.4434
vn -0.8693 0.1298 -0.4769
vn -0.8658 0.0188 -0.5001
vn -0.8542 -0.0739 -0.5146
vn -0.8356 -0.1641 -0.5243
vn -0.8067 -0.2619 -0.5298
vn -0.7663 -0.3639 -0.5295
vn -0.7142 -0.4659 -0.5224
vn -0.6519 -0.5629 -0.5082
vn -0.5822 -0.6505 -0.4877
vn -0.5092 -0.7260 -0.4623
vn -0.4363 -0.7882 -0.4341
vn -0.3668 -0.8376 -0.4048
vn -0.3026 -0.8758 -0.3761
vn -0.6770 -0.5262 -0.5145
vn -0.7333 0.6166 -0.2866
vn -0.3220 0.9463 0.0283
vn -0.3989 0.9167 -0.0233
vn -0.4769 0.8755 -0.0781
vn -0.5542 0.8213 -0.1355
vn -0.6285 0.7531 -0.1944
vn -0.6970 0.6709 -0.2530
vn -0.7568 0.5757 -0.3096
vn -0.8052 0.4696 -0.3620
vn -0.8405 0.3560 -0.4085
vn -0.8618 0.2388 -0.4476
vn -0.8694 0.1220 -0.4787
vn -0.8646 0.0053 -0.5025
vn -0.8466 -0.1156 -0.5196
vn -0.8140 -0.2399 -0.5290
vn -0.7661 -0.3644 -0.5295
vn -0.7019 -0.4867 -0.5200
vn -0.6217 -0.6030 -0.4998
vn -0.5273 -0.7086 -0.4689
vn -0.4224 -0.7988 -0.4284
vn -0.3120 -0.8706 -0.3804
vn -0.2017 -0.9229 -0.3281
vn -0.0961 -0.9568 -0.2743
vn 0.0015 -0.9751 -0.2216
vn 0.0690 -0.9806 -0.1835
vn 0.6752 -0.6996 0.2338
vn 0.5478 0.6879 0.4761
vn -0.0761 0.9808 0.1795
vn -0.0300 0.9782 0.2057
vn 0.0406 0.9688 0.2447
vn 0.1245 0.9492 0.2891
vn 0.2227 0.9143 0.3384
vn 0.3337 0.8581 0.3902
vn 0.4525 0.7753 0.4406
vn 0.5698 0.6644 0.4836
vn 0.6743 0.5304 0.5139
vn 0.7567 0.3847 0.5286
vn 0.8137 0.2407 0.5290
vn 0.8479 0.1088 0.5188
vn 0.8645 -0.0050 0.5026
vn 0.8695 -0.1100 0.4815
vn 0.8636 -0.2226 0.4524
vn 0.8428 -0.3464 0.4120
vn 0.8026 -0.4765 0.3589
vn 0.7405 -0.6046 0.2935
vn 0.6576 -0.7209 0.2187
vn 0.5596 -0.8169 0.1396
vn 0.4546 -0.8885 0.0621
vn 0.3508 -0.9364 -0.0093
vn 0.2540 -0.9645 -0.0721
vn 0.1672 -0.9779 -0.1257
vn 0.1083 -0.9810 -0.1608
vn -0.5478 -0.6879 -0.4761
vn -0.6752 0.6996 -0.2338
vn -0.0717 0.9807 0.1820
vn -0.0115 0.9763 0.2161
vn 0.0784 0.9611 0.2649
vn 0.1804 0.9309 0.3175
vn 0.2924 0.8812 0.3714
vn 0.4093 0.8085 0.4229
vn 0.5235 0.7123 0.4675
vn 0.6267 0.5967 0.5013
vn 0.7121 0.4694 0.5220
vn 0.7769 0.3396 0.5301
vn 0.8219 0.2145 0.5278
vn 0.8499 0.0987 0.5177
vn 0.8654 -0.0150 0.5008
vn 0.8690 -0.1429 0.4737
vn 0.8551 -0.2851 0.4331
vn 0.8194 -0.4296 0.3794
vn 0.7613 -0.5671 0.3142
vn 0.6839 -0.6885 0.2413
vn 0.5933 -0.7877 0.1660
vn 0.4972 -0.8626 0.0929
vn 0.4021 -0.9152 0.0255
vn 0.3124 -0.9493 -0.0346
vn 0.2303 -0.9692 -0.0870
vn 0.1565 -0.9788 -0.1321
vn 0.1059 -0.9811 -0.1621
vn -0.3907 -0.8216 -0.4151
vn -0.3768 -0.8310 -0.4092
vn -0.3569 -0.8440 -0.4005
vn -0.3296 -0.8605 -0.3884
vn -0.2938 -0.8805 -0.3721
vn -0.2490 -0.9027 -0.3510
vn -0.1956 -0.9252 -0.3251
vn -0.1358 -0.9458 -0.2949
vn -0.0732 -0.9622 -0.2622
vn -0.0123 -0.9733 -0.2293
vn 0.0426 -0.9792 -0.1986
vn 0.0926 -0.9811 -0.1699
vn 0.1478 -0.9794 -0.1374
vn 0.2141 -0.9720 -0.0970
vn 0.2903 -0.9557 -0.0489
vn 0.3755 -0.9268 0.0073
vn 0.4667 -0.8816 0.0708
vn 0.5587 -0.8176 0.1390
vn 0.6449 -0.7354 0.2080
vn 0.7191 -0.6390 0.2732
vn 0.7772 -0.5353 0.3307
vn 0.8187 -0.4319 0.3784
vn 0.8454 -0.3349 0.4162
vn 0.3547 -0.9350 -0.0067
vn -0.4324 -0.7912 -0.4325
vn -0.3949 -0.8187 -0.4169
vn -0.3548 -0.8452 -0.3996
vn -0.3123 -0.8704 -0.3806
vn -0.2674 -0.8939 -0.3598
vn -0.2203 -0.9153 -0.3372
vn -0.1713 -0.9342 -0.3129
vn -0.1206 -0.9503 -0.2871
vn -0.0687 -0.9632 -0.2598
vn -0.0160 -0.9728 -0.2313
vn 0.0371 -0.9787 -0.2017
vn 0.1053 -0.9811 -0.1625
vn 0.2043 -0.9735 -0.1031
vn 0.3171 -0.9479 -0.0315
vn 0.4249 -0.9043 0.0412
vn 0.5241 -0.8441 0.1128
vn 0.6126 -0.7693 0.1814
vn 0.6886 -0.6823 0.2455
vn 0.7515 -0.5853 0.3043
vn 0.8011 -0.4802 0.3572
vn 0.8373 -0.3687 0.4037
vn 0.8601 -0.2520 0.4436
vn 0.8693 -0.1313 0.4765
vn 0.8641 -0.0010 0.5032
vn 0.8389 0.1505 0.5231
vn 0.7868 0.3157 0.5304
vn 0.7101 0.4729 0.5216
vn 0.6182 0.6075 0.4988
vn 0.4363 0.7882 0.4340
vn 0.3623 0.8405 0.4029
vn 0.3035 0.8753 0.3765
vn 0.2597 0.8976 0.3561
vn 0.2301 0.9111 0.3419
vn 0.2140 0.9179 0.3341
vn 0.2067 0.9209 0.3305
vn 0.6544 0.5594 0.5089
vn 0.8665 -0.0290 0.4983
vn 0.8694 -0.0975 0.4843
vn 0.8656 -0.2019 0.4583
vn 0.8479 -0.3231 0.4203
vn 0.8100 -0.4567 0.3677
vn 0.7472 -0.5931 0.3000
vn 0.6596 -0.7186 0.2204
vn 0.5545 -0.8211 0.1357
vn 0.4432 -0.8948 0.0541
vn 0.3366 -0.9415 -0.0187
vn 0.2413 -0.9671 -0.0801
vn 0.1597 -0.9785 -0.1302
vn 0.0893 -0.9811 -0.1718
vn 0.0218 -0.9774 -0.2103
vn -0.0468 -0.9676 -0.2481
vn -0.1151 -0.9518 -0.2842
vn -0.1822 -0.9303 -0.3184
vn -0.2472 -0.9035 -0.3502
vn -0.3094 -0.8720 -0.3793
vn -0.3684 -0.8366 -0.4055
vn -0.4235 -0.7979 -0.4288
vn -0.4747 -0.7569 -0.4492
vn -0.5216 -0.7142 -0.4668
vn -0.5643 -0.6704 -0.4818
vn 0.3929 -0.9194 0.0191
vn 0.7728 0.3492 0.5299
vn 0.5491 0.6866 0.4766
vn 0.4941 0.7398 0.4567
vn 0.4349 0.7893 0.4335
vn 0.3727 0.8338 0.4074
vn 0.3087 0.8724 0.3789
vn 0.2444 0.9048 0.3488
vn 0.1811 0.9307 0.3179
vn 0.1199 0.9505 0.2867
vn 0.0618 0.9647 0.2561
vn 0.0073 0.9740 0.2265
vn -0.0432 0.9792 0.1983
vn -0.0974 0.9811 0.1671
vn -0.1670 0.9779 0.1258
vn -0.2493 0.9655 0.0751
vn -0.3377 0.9411 0.0179
vn -0.4313 0.9011 -0.0457
vn -0.5272 0.8419 -0.1151
vn -0.6209 0.7609 -0.1882
vn -0.7063 0.6578 -0.2615
vn -0.7770 0.5358 -0.3305
vn -0.8282 0.4017 -0.3909
vn -0.8583 0.2642 -0.4398
vn -0.8693 0.1317 -0.4764
vn -0.8672 0.0378 -0.4966
vn -0.8661 0.0234 -0.4993
vn -0.8689 0.0740 -0.4894
vn -0.8687 0.1524 -0.4713
vn -0.8607 0.2472 -0.4451
vn -0.8397 0.3591 -0.4073
vn -0.7991 0.4852 -0.3549
vn -0.7328 0.6173 -0.2861
vn -0.6394 0.7415 -0.2033
vn -0.5249 0.8436 -0.1134
vn -0.4021 0.9152 -0.0255
vn -0.2842 0.9573 0.0528
vn -0.1799 0.9766 0.1180
vn -0.0780 0.9809 0.1783
vn 0.0277 0.9709 0.2377
vn 0.1173 0.9512 0.2854
vn 0.1838 0.9297 0.3192
vn 0.2353 0.9088 0.3444
vn 0.2765 0.8894 0.3640
vn 0.3106 0.8714 0.3798
vn 0.3398 0.8545 0.3929
vn 0.3653 0.8386 0.4042
vn 0.3881 0.8234 0.4140
vn 0.4090 0.8087 0.4228
vn 0.4284 0.7942 0.4308
vn -0.4717 0.8786 -0.0744
vn -0.7173 -0.4604 -0.5230
vn -0.2050 -0.9216 -0.3297
vn -0.2215 -0.9148 -0.3378
vn -0.2464 -0.9038 -0.3498
vn -0.2811 -0.8871 -0.3662
vn -0.3274 -0.8618 -0.3874
vn -0.3873 -0.8239 -0.4137
vn -0.4627 -0.7670 -0.4446
vn -0.5531 -0.6824 -0.4779
vn -0.6534 -0.5607 -0.5086
vn -0.7507 -0.3971 -0.5280
vn -0.8260 -0.2001 -0.5269
vn -0.8626 -0.0133 -0.5056
vn -0.8693 0.1302 -0.4768
vn -0.8597 0.2543 -0.4429
vn -0.8350 0.3776 -0.4003
vn -0.7945 0.4965 -0.3496
vn -0.7388 0.6074 -0.2919
vn -0.6692 0.7071 -0.2286
vn -0.5875 0.7930 -0.1614
vn -0.4963 0.8632 -0.0922
vn -0.3983 0.9170 -0.0229
vn -0.2963 0.9540 0.0450
vn -0.1929 0.9750 0.1101
vn -0.0976 0.9811 0.1670
vn -0.0184 0.9771 0.2122
vn 0.0521 0.9666 0.2509
vn 0.1200 0.9504 0.2868
vn 0.1843 0.9295 0.3195
vn 0.2442 0.9048 0.3488
vn 0.2994 0.8775 0.3746
vn 0.3495 0.8485 0.3973
vn 0.3948 0.8187 0.4168
vn 0.4355 0.7888 0.4337
vn 0.4718 0.7593 0.4481
vn 0.5042 0.7306 0.4605
vn 0.7558 0.3866 0.5285
vn 0.5747 -0.8043 0.1513
vn 0.5333 -0.8374 0.1196
vn 0.5084 -0.8552 0.1011
vn 0.4792 -0.8740 0.0798
vn 0.4455 -0.8935 0.0557
vn 0.4072 -0.9129 0.0290
vn 0.3647 -0.9311 -0.0000
vn 0.3187 -0.9474 -0.0304
vn 0.2706 -0.9607 -0.0615
vn 0.2220 -0.9707 -0.0921
vn 0.1747 -0.9771 -0.1212
vn 0.1305 -0.9804 -0.1476
vn 0.0723 -0.9807 -0.1816
vn -0.0226 -0.9718 -0.2349
vn -0.1398 -0.9446 -0.2970
vn -0.2584 -0.8982 -0.3555
vn -0.3742 -0.8328 -0.4080
vn -0.4827 -0.7499 -0.4523
vn -0.5801 -0.6530 -0.4870
vn -0.6638 -0.5459 -0.5113
vn -0.7323 -0.4331 -0.5255
vn -0.7856 -0.3185 -0.5304
vn -0.8245 -0.2054 -0.5273
vn -0.8503 -0.0961 -0.5174
vn -0.8650 0.0097 -0.5017
vn -0.8695 0.1196 -0.4793
vn -0.8619 0.2379 -0.4479
vn -0.8392 0.3613 -0.4065
vn -0.7992 0.4852 -0.3549
vn -0.7410 0.6037 -0.2940
vn -0.6661 0.7109 -0.2259
vn -0.5776 0.8017 -0.1536
vn -0.4804 0.8734 -0.0806
vn -0.3793 0.9252 -0.0099
vn -0.2788 0.9587 0.0563
vn -0.1820 0.9763 0.1167
vn -0.1029 0.9811 0.1639
vn -0.0518 0.9798 0.1933
vn -0.0135 0.9765 0.2149
vn 0.0243 0.9715 0.2358
vn 0.0609 0.9649 0.2556
vn 0.0958 0.9569 0.2742
vn 0.1286 0.9480 0.2912
vn 0.1588 0.9385 0.3066
vn 0.1863 0.9288 0.3204
vn 0.2109 0.9192 0.3326
vn 0.2328 0.9099 0.3433
vn 0.2520 0.9013 0.3525
vn -0.5501 0.8246 -0.1323
vn -0.6726 -0.5329 -0.5135
vn -0.2367 -0.9082 -0.3451
vn -0.1968 -0.9248 -0.3257
vn -0.1631 -0.9370 -0.3088
vn -0.1334 -0.9465 -0.2937
vn -0.1062 -0.9542 -0.2796
vn -0.0805 -0.9606 -0.2660
vn -0.0552 -0.9660 -0.2526
vn -0.0297 -0.9706 -0.2388
vn -0.0032 -0.9745 -0.2242
vn 0.0251 -0.9777 -0.2084
vn 0.0561 -0.9800 -0.1909
vn 0.1064 -0.9811 -0.1618
vn 0.1922 -0.9751 -0.1105
vn 0.2956 -0.9542 -0.0455
vn 0.3983 -0.9170 0.0229
vn 0.4973 -0.8626 0.0930
vn 0.5895 -0.7911 0.1630
vn 0.6718 -0.7038 0.2308
vn 0.7415 -0.6028 0.2945
vn 0.7968 -0.4911 0.3522
vn 0.8364 -0.3721 0.4024
vn 0.8604 -0.2498 0.4443
vn 0.8694 -0.1277 0.4774
vn 0.8653 -0.0134 0.5011
vn 0.8511 0.0918 0.5169
vn 0.8264 0.1988 0.5268
vn 0.7881 0.3122 0.5304
vn 0.7343 0.4293 0.5258
vn 0.6637 0.5460 0.5113
vn 0.5763 0.6572 0.4857
vn 0.4745 0.7570 0.4492
vn 0.3622 0.8406 0.4028
vn 0.2447 0.9046 0.3490
vn 0.1275 0.9483 0.2907
vn 0.0152 0.9729 0.2308
vn -0.0731 0.9807 0.1812
vn -0.1246 0.9806 0.1511
vn -0.1606 0.9785 0.1297
vn -0.1976 0.9744 0.1072
vn -0.2347 0.9684 0.0842
vn -0.2708 0.9607 0.0614
vn -0.3048 0.9516 0.0395
vn -0.3360 0.9417 0.0191
vn -0.3635 0.9316 0.0007
vn -0.3870 0.9220 -0.0151
vn -0.4060 0.9134 -0.0282
vn -0.4208 0.9064 -0.0384
vn -0.7725 0.5451 -0.3257
vn -0.3346 -0.8576 -0.3906
vn -0.7659 -0.3648 -0.5295
vn 0.4175 -0.9079 0.0361
vn 0.8665 -0.0285 0.4984
vn 0.2685 0.8934 0.3603
vn -0.8246 0.4135 -0.3861
vn -0.8676 0.0447 -0.4953
vt 0.666667 0.000000
vt 0.888889 0.000000
vt 0.777778 0.000000
vt 1.000000 0.000000
vt 0.555556 0.000000
vt 0.444444 0.000000
vt 0.000000 0.000000
vt 0.222222 0.000000
vt 0.111111 0.000000
vt 0.333333 0.000000
vt 0.855670 0.000000
vt 0.876289 0.000000
vt 0.865979 0.000000
vt 0.886598 0.000000
vt 0.896907 0.000000
vt 0.845361 0.000000
vt 0.907216 0.000000
vt 0.917526 0.000000
vt 0.927835 0.000000
vt 0.835052 0.000000
vt 0.938144 0.000000
vt 0.948454 0.000000
vt 0.958763 0.000000
vt 0.824742 0.000000
vt 0.969072 0.000000
vt 0.979381 0.000000
vt 0.989691 0.000000
vt 0.814433 0.000000
vt 0.072165 0.000000
vt 0.061856 0.000000
vt 0.051546 0.000000
vt 0.041237 0.000000
vt 0.030928 0.000000
vt 0.020619 0.000000
vt 0.010309 0.000000
vt 0.804124 0.000000
vt 0.092784 0.000000
vt 0.082474 0.000000
vt 0.793814 0.000000
vt 0.113402 0.000000
vt 0.103093 0.000000
vt 0.123711 0.000000
vt 0.134021 0.000000
vt 0.144330 0.000000
vt 0.783505 0.000000
vt 0.154639 0.000000
vt 0.164948 0.000000
vt 0.175258 0.000000
vt 0.773196 0.000000
vt 0.185567 0.000000
vt 0.195876 0.000000
vt 0.762887 0.000000
vt 0.206186 0.000000
vt 0.216495 0.000000
vt 0.752577 0.000000
vt 0.226804 0.000000
vt 0.742268 0.000000
vt 0.237113 0.000000
vt 0.247423 0.000000
vt 0.731959 0.000000
vt 0.257732 0.000000
vt 0.721649 0.000000
vt 0.268041 0.000000
vt 0.278351 0.000000
vt 0.711340 0.000000
vt 0.288660 0.000000
vt 0.298969 0.000000
vt 0.701031 0.000000
vt 0.309278 0.000000
vt 0.474227 0.000000
vt 0.494845 0.000000
vt 0.484536 0.000000
vt 0.319588 0.000000
vt 0.463918 0.000000
vt 0.690722 0.000000
vt 0.453608 0.000000
vt 0.329897 0.000000
vt 0.443299 0.000000
vt 0.432990 0.000000
vt 0.422680 0.000000
vt 0.340206 0.000000
vt 0.412371 0.000000
vt 0.402062 0.000000
vt 0.350515 0.000000
vt 0.391753 0.000000
vt 0.381443 0.000000
vt 0.360825 0.000000
vt 0.371134 0.000000
vt 0.680412 0.000000
vt 0.670103 0.000000
vt 0.659794 0.000000
vt 0.649485 0.000000
vt 0.505155 0.000000
vt 0.515464 0.000000
vt 0.525773 0.000000
vt 0.639175 0.000000
vt 0.536082 0.000000
vt 0.546392 0.000000
vt 0.556701 0.000000
vt 0.567010 0.000000
vt 0.628866 0.000000
vt 0.577320 0.000000
vt 0.587629 0.000000
vt 0.597938 0.000000
vt 0.618557 0.000000
vt 0.608247 0.000000
vt 0.560694 0.000000
vt 0.572254 0.000000
vt 0.566474 0.000000
vt 0.554913 0.000000
vt 0.578035 0.000000
vt 0.549133 0.000000
vt 0.543353 0.000000
vt 0.583815 0.000000
vt 0.537572 0.000000
vt 0.589595 0.000000
vt 0.531792 0.000000
vt 0.526012 0.000000
vt 0.595376 0.000000
vt 0.520231 0.000000
vt 0.601156 0.000000
vt 0.514451 0.000000
vt 0.508671 0.000000
vt 0.606936 0.000000
vt 0.502890 0.000000
vt 0.612717 0.000000
vt 0.497110 0.000000
vt 0.491329 0.000000
vt 0.485549 0.000000
vt 0.479769 0.000000
vt 0.473988 0.000000
vt 0.468208 0.000000
vt 0.462428 0.000000
vt 0.456647 0.000000
vt 0.450867 0.000000
vt 0.445087 0.000000
vt 0.439306 0.000000
vt 0.433526 0.000000
vt 0.427746 0.000000
vt 0.421965 0.000000
vt 0.618497 0.000000
vt 0.416185 0.000000
vt 0.624277 0.000000
vt 0.410405 0.000000
vt 0.404624 0.000000
vt 0.398844 0.000000
vt 0.393064 0.000000
vt 0.387283 0.000000
vt 0.630058 0.000000
vt 0.381503 0.000000
vt 0.375723 0.000000
vt 0.369942 0.000000
vt 0.635838 0.000000
vt 0.364162 0.000000
vt 0.358382 0.000000
vt 0.641618 0.000000
vt 0.352601 0.000000
vt 0.346821 0.000000
vt 0.341040 0.000000
vt 0.335260 0.000000
vt 0.329480 0.000000
vt 0.323699 0.000000
vt 0.317919 0.000000
vt 0.791907 0.000000
vt 0.994220 0.000000
vt 0.797688 0.000000
vt 0.312139 0.000000
vt 0.803468 0.000000
vt 0.306358 0.000000
vt 0.809249 0.000000
vt 0.300578 0.000000
vt 0.815029 0.000000
vt 0.820809 0.000000
vt 0.294798 0.000000
vt 0.826590 0.000000
vt 0.289017 0.000000
vt 0.832370 0.000000
vt 0.838150 0.000000
vt 0.283237 0.000000
vt 0.843931 0.000000
vt 0.849711 0.000000
vt 0.277457 0.000000
vt 0.855491 0.000000
vt 0.271676 0.000000
vt 0.861272 0.000000
vt 0.867052 0.000000
vt 0.265896 0.000000
vt 0.872832 0.000000
vt 0.878613 0.000000
vt 0.988439 0.000000
vt 0.260116 0.000000
vt 0.982659 0.000000
vt 0.884393 0.000000
vt 0.976879 0.000000
vt 0.774566 0.000000
vt 0.786127 0.000000
vt 0.780347 0.000000
vt 0.647399 0.000000
vt 0.890173 0.000000
vt 0.768786 0.000000
vt 0.971098 0.000000
vt 0.653179 0.000000
vt 0.763006 0.000000
vt 0.254335 0.000000
vt 0.895954 0.000000
vt 0.658960 0.000000
vt 0.965318 0.000000
vt 0.757225 0.000000
vt 0.664740 0.000000
vt 0.959538 0.000000
vt 0.751445 0.000000
vt 0.901734 0.000000
vt 0.670520 0.000000
vt 0.745665 0.000000
vt 0.953757 0.000000
vt 0.676301 0.000000
vt 0.739884 0.000000
vt 0.907514 0.000000
vt 0.682081 0.000000
vt 0.947977 0.000000
vt 0.734104 0.000000
vt 0.687861 0.000000
vt 0.248555 0.000000
vt 0.728324 0.000000
vt 0.913295 0.000000
vt 0.942197 0.000000
vt 0.693642 0.000000
vt 0.722543 0.000000
vt 0.699422 0.000000
vt 0.716763 0.000000
vt 0.936416 0.000000
vt 0.705202 0.000000
vt 0.710983 0.000000
vt 0.919075 0.000000
vt 0.930636 0.000000
vt 0.924855 0.000000
vt 0.132948 0.000000
vt 0.242775 0.000000
vt 0.138728 0.000000
vt 0.127168 0.000000
vt 0.236994 0.000000
vt 0.144509 0.000000
vt 0.121387 0.000000
vt 0.231214 0.000000
vt 0.150289 0.000000
vt 0.115607 0.000000
vt 0.005780 0.000000
vt 0.156069 0.000000
vt 0.109827 0.000000
vt 0.225434 0.000000
vt 0.011561 0.000000
vt 0.161850 0.000000
vt 0.104046 0.000000
vt 0.017341 0.000000
vt 0.219653 0.000000
vt 0.167630 0.000000
vt 0.098266 0.000000
vt 0.023121 0.000000
vt 0.173410 0.000000
vt 0.092486 0.000000
vt 0.028902 0.000000
vt 0.213873 0.000000
vt 0.179191 0.000000
vt 0.086705 0.000000
vt 0.034682 0.000000
vt 0.184971 0.000000
vt 0.040462 0.000000
vt 0.080925 0.000000
vt 0.208092 0.000000
vt 0.046243 0.000000
vt 0.190751 0.000000
vt 0.075145 0.000000
vt 0.052023 0.000000
vt 0.196532 0.000000
vt 0.069364 0.000000
vt 0.202312 0.000000
vt 0.057803 0.000000
vt 0.063584 0.000000
vt 0.476190 0.000000
vt 0.733333 0.000000
vt 0.485714 0.000000
vt 0.009524 0.000000
vt 0.019048 0.000000
vt 0.028571 0.000000
vt 0.038095 0.000000
vt 0.047619 0.000000
vt 0.057143 0.000000
vt 0.066667 0.000000
vt 0.723810 0.000000
vt 0.076190 0.000000
vt 0.742857 0.000000
vt 0.714286 0.000000
vt 0.704762 0.000000
vt 0.085714 0.000000
vt 0.695238 0.000000
vt 0.685714 0.000000
vt 0.676190 0.000000
vt 0.095238 0.000000
vt 0.657143 0.000000
vt 0.647619 0.000000
vt 0.104762 0.000000
vt 0.638095 0.000000
vt 0.628571 0.000000
vt 0.114286 0.000000
vt 0.619048 0.000000
vt 0.609524 0.000000
vt 0.123810 0.000000
vt 0.600000 0.000000
vt 0.133333 0.000000
vt 0.590476 0.000000
vt 0.142857 0.000000
vt 0.580952 0.000000
vt 0.152381 0.000000
vt 0.571429 0.000000
vt 0.161905 0.000000
vt 0.561905 0.000000
vt 0.171429 0.000000
vt 0.552381 0.000000
vt 0.180952 0.000000
vt 0.542857 0.000000
vt 0.533333 0.000000
vt 0.190476 0.000000
vt 0.523810 0.000000
vt 0.200000 0.000000
vt 0.514286 0.000000
vt 0.504762 0.000000
vt 0.495238 0.000000
vt 0.990476 0.000000
vt 0.209524 0.000000
vt 0.219048 0.000000
vt 0.228571 0.000000
vt 0.238095 0.000000
vt 0.247619 0.000000
vt 0.257143 0.000000
vt 0.266667 0.000000
vt 0.276190 0.000000
vt 0.285714 0.000000
vt 0.980952 0.000000
vt 0.295238 0.000000
vt 0.971429 0.000000
vt 0.961905 0.000000
vt 0.952381 0.000000
vt 0.304762 0.000000
vt 0.942857 0.000000
vt 0.933333 0.000000
vt 0.314286 0.000000
vt 0.923810 0.000000
vt 0.914286 0.000000
vt 0.323810 0.000000
vt 0.904762 0.000000
vt 0.895238 0.000000
vt 0.885714 0.000000
vt 0.342857 0.000000
vt 0.876190 0.000000
vt 0.866667 0.000000
vt 0.352381 0.000000
vt 0.857143 0.000000
vt 0.847619 0.000000
vt 0.361905 0.000000
vt 0.838095 0.000000
vt 0.371429 0.000000
vt 0.828571 0.000000
vt 0.819048 0.000000
vt 0.380952 0.000000
vt 0.809524 0.000000
vt 0.800000 0.000000
vt 0.390476 0.000000
vt 0.790476 0.000000
vt 0.780952 0.000000
vt 0.771429 0.000000
vt 0.400000 0.000000
vt 0.761905 0.000000
vt 0.752381 0.000000
vt 0.409524 0.000000
vt 0.419048 0.000000
vt 0.428571 0.000000
vt 0.438095 0.000000
vt 0.447619 0.000000
vt 0.457143 0.000000
vt 0.466667 0.000000
vt 0.000000 1.000000
vt 0.019231 1.000000
vt 0.019231 0.000000
vt 0.038462 1.000000
vt 0.038462 0.000000
vt 0.057692 1.000000
vt 0.057692 0.000000
vt 0.076923 1.000000
vt 0.076923 0.000000
vt 0.096154 1.000000
vt 0.096154 0.000000
vt 0.115385 1.000000
vt 0.115385 0.000000
vt 0.134615 1.000000
vt 0.134615 0.000000
vt 0.153846 1.000000
vt 0.153846 0.000000
vt 0.173077 1.000000
vt 0.173077 0.000000
vt 0.192308 1.000000
vt 0.192308 0.000000
vt 0.211538 1.000000
vt 0.211538 0.000000
vt 0.230769 1.000000
vt 0.230769 0.000000
vt 0.250000 1.000000
vt 0.250000 0.000000
vt 0.269231 1.000000
vt 0.269231 0.000000
vt 0.288462 1.000000
vt 0.288462 0.000000
vt 0.307692 1.000000
vt 0.307692 0.000000
vt 0.326923 1.000000
vt 0.326923 0.000000
vt 0.346154 1.000000
vt 0.346154 0.000000
vt 0.365385 1.000000
vt 0.365385 0.000000
vt 0.384615 1.000000
vt 0.384615 0.000000
vt 0.403846 1.000000
vt 0.403846 0.000000
vt 0.423077 1.000000
vt 0.423077 0.000000
vt 0.442308 1.000000
vt 0.442308 0.000000
vt 0.461538 1.000000
vt 0.461538 0.000000
vt 0.480769 1.000000
vt 0.480769 0.000000
vt 0.500000 1.000000
vt 0.500000 0.000000
vt 0.519231 1.000000
vt 0.519231 0.000000
vt 0.538462 1.000000
vt 0.538462 0.000000
vt 0.557692 1.000000
vt 0.557692 0.000000
vt 0.576923 1.000000
vt 0.576923 0.000000
vt 0.596154 1.000000
vt 0.596154 0.000000
vt 0.615385 1.000000
vt 0.615385 0.000000
vt 0.634615 1.000000
vt 0.634615 0.000000
vt 0.653846 1.000000
vt 0.653846 0.000000
vt 0.673077 1.000000
vt 0.673077 0.000000
vt 0.692308 1.000000
vt 0.692308 0.000000
vt 0.711538 1.000000
vt 0.711538 0.000000
vt 0.730769 1.000000
vt 0.730769 0.000000
vt 0.750000 1.000000
vt 0.750000 0.000000
vt 0.769231 1.000000
vt 0.769231 0.000000
vt 0.788462 1.000000
vt 0.788462 0.000000
vt 0.807692 1.000000
vt 0.807692 0.000000
vt 0.826923 1.000000
vt 0.826923 0.000000
vt 0.846154 1.000000
vt 0.846154 0.000000
vt 0.865385 1.000000
vt 0.865385 0.000000
vt 0.884615 1.000000
vt 0.884615 0.000000
vt 0.903846 1.000000
vt 0.903846 0.000000
vt 0.923077 1.000000
vt 0.923077 0.000000
vt 0.942308 1.000000
vt 0.942308 0.000000
vt 0.961538 1.000000
vt 0.961538 0.000000
vt 0.980769 1.000000
vt 0.980769 0.000000
vt 1.000000 1.000000
vt 0.037037 1.000000
vt 0.037037 0.000000
vt 0.074074 1.000000
vt 0.074074 0.000000
vt 0.111111 1.000000
vt 0.148148 1.000000
vt 0.148148 0.000000
vt 0.185185 1.000000
vt 0.185185 0.000000
vt 0.222222 1.000000
vt 0.259259 1.000000
vt 0.259259 0.000000
vt 0.296296 1.000000
vt 0.296296 0.000000
vt 0.333333 1.000000
vt 0.370370 1.000000
vt 0.370370 0.000000
vt 0.407407 1.000000
vt 0.407407 0.000000
vt 0.444444 1.000000
vt 0.481481 1.000000
vt 0.481481 0.000000
vt 0.518519 1.000000
vt 0.518519 0.000000
vt 0.555556 1.000000
vt 0.592593 1.000000
vt 0.592593 0.000000
vt 0.629630 1.000000
vt 0.629630 0.000000
vt 0.666667 1.000000
vt 0.703704 1.000000
vt 0.703704 0.000000
vt 0.740741 1.000000
vt 0.740741 0.000000
vt 0.777778 1.000000
vt 0.814815 1.000000
vt 0.814815 0.000000
vt 0.851852 1.000000
vt 0.851852 0.000000
vt 0.888889 1.000000
vt 0.925926 1.000000
vt 0.925926 0.000000
vt 0.962963 1.000000
vt 0.962963 0.000000
vt 0.007299 1.000000
vt 0.007299 0.000000
vt 0.014599 1.000000
vt 0.014599 0.000000
vt 0.021898 1.000000
vt 0.021898 0.000000
vt 0.029197 1.000000
vt 0.029197 0.000000
vt 0.036496 1.000000
vt 0.036496 0.000000
vt 0.043796 1.000000
vt 0.043796 0.000000
vt 0.051095 1.000000
vt 0.051095 0.000000
vt 0.058394 1.000000
vt 0.058394 0.000000
vt 0.065693 1.000000
vt 0.065693 0.000000
vt 0.072993 1.000000
vt 0.072993 0.000000
vt 0.080292 1.000000
vt 0.080292 0.000000
vt 0.087591 1.000000
vt 0.087591 0.000000
vt 0.094891 1.000000
vt 0.094891 0.000000
vt 0.102190 1.000000
vt 0.102190 0.000000
vt 0.109489 1.000000
vt 0.109489 0.000000
vt 0.116788 1.000000
vt 0.116788 0.000000
vt 0.124088 1.000000
vt 0.124088 0.000000
vt 0.131387 1.000000
vt 0.131387 0.000000
vt 0.138686 1.000000
vt 0.138686 0.000000
vt 0.145985 1.000000
vt 0.145985 0.000000
vt 0.153285 1.000000
vt 0.153285 0.000000
vt 0.160584 1.000000
vt 0.160584 0.000000
vt 0.167883 1.000000
vt 0.167883 0.000000
vt 0.175182 1.000000
vt 0.175182 0.000000
vt 0.182482 1.000000
vt 0.182482 0.000000
vt 0.189781 1.000000
vt 0.189781 0.000000
vt 0.197080 1.000000
vt 0.197080 0.000000
vt 0.204380 1.000000
vt 0.204380 0.000000
vt 0.211679 1.000000
vt 0.211679 0.000000
vt 0.218978 1.000000
vt 0.218978 0.000000
vt 0.226277 1.000000
vt 0.226277 0.000000
vt 0.233577 1.000000
vt 0.233577 0.000000
vt 0.240876 1.000000
vt 0.240876 0.000000
vt 0.248175 1.000000
vt 0.248175 0.000000
vt 0.255474 1.000000
vt 0.255474 0.000000
vt 0.262774 1.000000
vt 0.262774 0.000000
vt 0.270073 1.000000
vt 0.270073 0.000000
vt 0.277372 1.000000
vt 0.277372 0.000000
vt 0.284672 1.000000
vt 0.284672 0.000000
vt 0.291971 1.000000
vt 0.291971 0.000000
vt 0.299270 1.000000
vt 0.299270 0.000000
vt 0.306569 1.000000
vt 0.306569 0.000000
vt 0.313869 1.000000
vt 0.313869 0.000000
vt 0.321168 1.000000
vt 0.321168 0.000000
vt 0.328467 1.000000
vt 0.328467 0.000000
vt 0.335766 1.000000
vt 0.335766 0.000000
vt 0.343066 1.000000
vt 0.343066 0.000000
vt 0.350365 1.000000
vt 0.350365 0.000000
vt 0.357664 1.000000
vt 0.357664 0.000000
vt 0.364964 1.000000
vt 0.364964 0.000000
vt 0.372263 1.000000
vt 0.372263 0.000000
vt 0.379562 1.000000
vt 0.379562 0.000000
vt 0.386861 1.000000
vt 0.386861 0.000000
vt 0.394161 1.000000
vt 0.394161 0.000000
vt 0.401460 1.000000
vt 0.401460 0.000000
vt 0.408759 1.000000
vt 0.408759 0.000000
vt 0.416058 1.000000
vt 0.416058 0.000000
vt 0.423358 1.000000
vt 0.423358 0.000000
vt 0.430657 1.000000
vt 0.430657 0.000000
vt 0.437956 1.000000
vt 0.437956 0.000000
vt 0.445255 1.000000
vt 0.445255 0.000000
vt 0.452555 1.000000
vt 0.452555 0.000000
vt 0.459854 1.000000
vt 0.459854 0.000000
vt 0.467153 1.000000
vt 0.467153 0.000000
vt 0.474453 1.000000
vt 0.474453 0.000000
vt 0.481752 1.000000
vt 0.481752 0.000000
vt 0.489051 1.000000
vt 0.489051 0.000000
vt 0.496350 1.000000
vt 0.496350 0.000000
vt 0.503650 1.000000
vt 0.503650 0.000000
vt 0.510949 1.000000
vt 0.510949 0.000000
vt 0.518248 1.000000
vt 0.518248 0.000000
vt 0.525547 1.000000
vt 0.525547 0.000000
vt 0.532847 1.000000
vt 0.532847 0.000000
vt 0.540146 1.000000
vt 0.540146 0.000000
vt 0.547445 1.000000
vt 0.547445 0.000000
vt 0.554745 1.000000
vt 0.554745 0.000000
vt 0.562044 1.000000
vt 0.562044 0.000000
vt 0.569343 1.000000
vt 0.569343 0.000000
vt 0.576642 1.000000
vt 0.576642 0.000000
vt 0.583942 1.000000
vt 0.583942 0.000000
vt 0.591241 1.000000
vt 0.591241 0.000000
vt 0.598540 1.000000
vt 0.598540 0.000000
vt 0.605839 1.000000
vt 0.605839 0.000000
vt 0.613139 1.000000
vt 0.613139 0.000000
vt 0.620438 1.000000
vt 0.620438 0.000000
vt 0.627737 1.000000
vt 0.627737 0.000000
vt 0.635036 1.000000
vt 0.635036 0.000000
vt 0.642336 1.000000
vt 0.642336 0.000000
vt 0.649635 1.000000
vt 0.649635 0.000000
vt 0.656934 1.000000
vt 0.656934 0.000000
vt 0.664234 1.000000
vt 0.664234 0.000000
vt 0.671533 1.000000
vt 0.671533 0.000000
vt 0.678832 1.000000
vt 0.678832 0.000000
vt 0.686131 1.000000
vt 0.686131 0.000000
vt 0.693431 1.000000
vt 0.693431 0.000000
vt 0.700730 1.000000
vt 0.700730 0.000000
vt 0.708029 1.000000
vt 0.708029 0.000000
vt 0.715328 1.000000
vt 0.715328 0.000000
vt 0.722628 1.000000
vt 0.722628 0.000000
vt 0.729927 1.000000
vt 0.729927 0.000000
vt 0.737226 1.000000
vt 0.737226 0.000000
vt 0.744526 1.000000
vt 0.744526 0.000000
vt 0.751825 1.000000
vt 0.751825 0.000000
vt 0.759124 1.000000
vt 0.759124 0.000000
vt 0.766423 1.000000
vt 0.766423 0.000000
vt 0.773723 1.000000
vt 0.773723 0.000000
vt 0.781022 1.000000
vt 0.781022 0.000000
vt 0.788321 1.000000
vt 0.788321 0.000000
vt 0.795620 1.000000
vt 0.795620 0.000000
vt 0.802920 1.000000
vt 0.802920 0.000000
vt 0.810219 1.000000
vt 0.810219 0.000000
vt 0.817518 1.000000
vt 0.817518 0.000000
vt 0.824818 1.000000
vt 0.824818 0.000000
vt 0.832117 1.000000
vt 0.832117 0.000000
vt 0.839416 1.000000
vt 0.839416 0.000000
vt 0.846715 1.000000
vt 0.846715 0.000000
vt 0.854015 1.000000
vt 0.854015 0.000000
vt 0.861314 1.000000
vt 0.861314 0.000000
vt 0.868613 1.000000
vt 0.868613 0.000000
vt 0.875912 1.000000
vt 0.875912 0.000000
vt 0.883212 1.000000
vt 0.883212 0.000000
vt 0.890511 1.000000
vt 0.890511 0.000000
vt 0.897810 1.000000
vt 0.897810 0.000000
vt 0.905109 1.000000
vt 0.905109 0.000000
vt 0.912409 1.000000
vt 0.912409 0.000000
vt 0.919708 1.000000
vt 0.919708 0.000000
vt 0.927007 1.000000
vt 0.927007 0.000000
vt 0.934307 1.000000
vt 0.934307 0.000000
vt 0.941606 1.000000
vt 0.941606 0.000000
vt 0.948905 1.000000
vt 0.948905 0.000000
vt 0.956204 1.000000
vt 0.956204 0.000000
vt 0.963504 1.000000
vt 0.963504 0.000000
vt 0.970803 1.000000
vt 0.970803 0.000000
vt 0.978102 1.000000
vt 0.978102 0.000000
vt 0.985401 1.000000
vt 0.985401 0.000000
vt 0.992701 1.000000
vt 0.992701 0.000000
vt 0.027027 1.000000
vt 0.027027 0.000000
vt 0.054054 1.000000
vt 0.054054 0.000000
vt 0.081081 1.000000
vt 0.081081 0.000000
vt 0.108108 1.000000
vt 0.108108 0.000000
vt 0.135135 1.000000
vt 0.135135 0.000000
vt 0.162162 1.000000
vt 0.162162 0.000000
vt 0.189189 1.000000
vt 0.189189 0.000000
vt 0.216216 1.000000
vt 0.216216 0.000000
vt 0.243243 1.000000
vt 0.243243 0.000000
vt 0.270270 1.000000
vt 0.270270 0.000000
vt 0.297297 1.000000
vt 0.297297 0.000000
vt 0.324324 1.000000
vt 0.324324 0.000000
vt 0.351351 1.000000
vt 0.351351 0.000000
vt 0.378378 1.000000
vt 0.378378 0.000000
vt 0.405405 1.000000
vt 0.405405 0.000000
vt 0.432432 1.000000
vt 0.432432 0.000000
vt 0.459459 1.000000
vt 0.459459 0.000000
vt 0.486486 1.000000
vt 0.486486 0.000000
vt 0.513514 1.000000
vt 0.513514 0.000000
vt 0.540541 1.000000
vt 0.540541 0.000000
vt 0.567568 1.000000
vt 0.567568 0.000000
vt 0.594595 1.000000
vt 0.594595 0.000000
vt 0.621622 1.000000
vt 0.621622 0.000000
vt 0.648649 1.000000
vt 0.648649 0.000000
vt 0.675676 1.000000
vt 0.675676 0.000000
vt 0.702703 1.000000
vt 0.702703 0.000000
vt 0.729730 1.000000
vt 0.729730 0.000000
vt 0.756757 1.000000
vt 0.756757 0.000000
vt 0.783784 1.000000
vt 0.783784 0.000000
vt 0.810811 1.000000
vt 0.810811 0.000000
vt 0.837838 1.000000
vt 0.837838 0.000000
vt 0.864865 1.000000
vt 0.864865 0.000000
vt 0.891892 1.000000
vt 0.891892 0.000000
vt 0.918919 1.000000
vt 0.918919 0.000000
vt 0.945946 1.000000
vt 0.945946 0.000000
vt 0.972973 1.000000
vt 0.972973 0.000000
vt 0.010204 1.000000
vt 0.010204 0.000000
vt 0.020408 1.000000
vt 0.020408 0.000000
vt 0.030612 1.000000
vt 0.030612 0.000000
vt 0.040816 1.000000
vt 0.040816 0.000000
vt 0.051020 1.000000
vt 0.051020 0.000000
vt 0.061224 1.000000
vt 0.061224 0.000000
vt 0.071429 1.000000
vt 0.071429 0.000000
vt 0.081633 1.000000
vt 0.081633 0.000000
vt 0.091837 1.000000
vt 0.091837 0.000000
vt 0.102041 1.000000
vt 0.102041 0.000000
vt 0.112245 1.000000
vt 0.112245 0.000000
vt 0.122449 1.000000
vt 0.122449 0.000000
vt 0.132653 1.000000
vt 0.132653 0.000000
vt 0.142857 1.000000
vt 0.153061 1.000000
vt 0.153061 0.000000
vt 0.163265 1.000000
vt 0.163265 0.000000
vt 0.173469 1.000000
vt 0.173469 0.000000
vt 0.183673 1.000000
vt 0.183673 0.000000
vt 0.193878 1.000000
vt 0.193878 0.000000
vt 0.204082 1.000000
vt 0.204082 0.000000
vt 0.214286 1.000000
vt 0.214286 0.000000
vt 0.224490 1.000000
vt 0.224490 0.000000
vt 0.234694 1.000000
vt 0.234694 0.000000
vt 0.244898 1.000000
vt 0.244898 0.000000
vt 0.255102 1.000000
vt 0.255102 0.000000
vt 0.265306 1.000000
vt 0.265306 0.000000
vt 0.275510 1.000000
vt 0.275510 0.000000
vt 0.285714 1.000000
vt 0.295918 1.000000
vt 0.295918 0.000000
vt 0.306122 1.000000
vt 0.306122 0.000000
vt 0.316327 1.000000
vt 0.316327 0.000000
vt 0.326531 1.000000
vt 0.326531 0.000000
vt 0.336735 1.000000
vt 0.336735 0.000000
vt 0.346939 1.000000
vt 0.346939 0.000000
vt 0.357143 1.000000
vt 0.357143 0.000000
vt 0.367347 1.000000
vt 0.367347 0.000000
vt 0.377551 1.000000
vt 0.377551 0.000000
vt 0.387755 1.000000
vt 0.387755 0.000000
vt 0.397959 1.000000
vt 0.397959 0.000000
vt 0.408163 1.000000
vt 0.408163 0.000000
vt 0.418367 1.000000
vt 0.418367 0.000000
vt 0.428571 1.000000
vt 0.438776 1.000000
vt 0.438776 0.000000
vt 0.448980 1.000000
vt 0.448980 0.000000
vt 0.459184 1.000000
vt 0.459184 0.000000
vt 0.469388 1.000000
vt 0.469388 0.000000
vt 0.479592 1.000000
vt 0.479592 0.000000
vt 0.489796 1.000000
vt 0.489796 0.000000
vt 0.510204 1.000000
vt 0.510204 0.000000
vt 0.520408 1.000000
vt 0.520408 0.000000
vt 0.530612 1.000000
vt 0.530612 0.000000
vt 0.540816 1.000000
vt 0.540816 0.000000
vt 0.551020 1.000000
vt 0.551020 0.000000
vt 0.561224 1.000000
vt 0.561224 0.000000
vt 0.571429 1.000000
vt 0.581633 1.000000
vt 0.581633 0.000000
vt 0.591837 1.000000
vt 0.591837 0.000000
vt 0.602041 1.000000
vt 0.602041 0.000000
vt 0.612245 1.000000
vt 0.612245 0.000000
vt 0.622449 1.000000
vt 0.622449 0.000000
vt 0.632653 1.000000
vt 0.632653 0.000000
vt 0.642857 1.000000
vt 0.642857 0.000000
vt 0.653061 1.000000
vt 0.653061 0.000000
vt 0.663265 1.000000
vt 0.663265 0.000000
vt 0.673469 1.000000
vt 0.673469 0.000000
vt 0.683673 1.000000
vt 0.683673 0.000000
vt 0.693878 1.000000
vt 0.693878 0.000000
vt 0.704082 1.000000
vt 0.704082 0.000000
vt 0.714286 1.000000
vt 0.724490 1.000000
vt 0.724490 0.000000
vt 0.734694 1.000000
vt 0.734694 0.000000
vt 0.744898 1.000000
vt 0.744898 0.000000
vt 0.755102 1.000000
vt 0.755102 0.000000
vt 0.765306 1.000000
vt 0.765306 0.000000
vt 0.775510 1.000000
vt 0.775510 0.000000
vt 0.785714 1.000000
vt 0.785714 0.000000
vt 0.795918 1.000000
vt 0.795918 0.000000
vt 0.806122 1.000000
vt 0.806122 0.000000
vt 0.816327 1.000000
vt 0.816327 0.000000
vt 0.826531 1.000000
vt 0.826531 0.000000
vt 0.836735 1.000000
vt 0.836735 0.000000
vt 0.846939 1.000000
vt 0.846939 0.000000
vt 0.857143 1.000000
vt 0.867347 1.000000
vt 0.867347 0.000000
vt 0.877551 1.000000
vt 0.877551 0.000000
vt 0.887755 1.000000
vt 0.887755 0.000000
vt 0.897959 1.000000
vt 0.897959 0.000000
vt 0.908163 1.000000
vt 0.908163 0.000000
vt 0.918367 1.000000
vt 0.918367 0.000000
vt 0.928571 1.000000
vt 0.928571 0.000000
vt 0.938776 1.000000
vt 0.938776 0.000000
vt 0.948980 1.000000
vt 0.948980 0.000000
vt 0.959184 1.000000
vt 0.959184 0.000000
vt 0.969388 1.000000
vt 0.969388 0.000000
vt 0.979592 1.000000
vt 0.979592 0.000000
vt 0.989796 1.000000
vt 0.989796 0.000000
vt 0.166667 1.000000
vt 0.166667 0.000000
vt 0.833333 1.000000
vt 0.833333 0.000000
s 0
usemtl Material.001
f 7/1/1 9/2/1 8/3/1
f 7/1/1 10/4/1 9/2/1
f 6/5/1 10/4/1 7/1/1
f 6/5/1 5/6/1 10/4/1
f 1/7/1 3/8/1 2/9/1
f 1/7/1 4/10/1 3/8/1
f 94/11/1 96/12/1 95/13/1
f 94/11/1 97/14/1 96/12/1
f 94/11/1 98/15/1 97/14/1
f 93/16/1 98/15/1 94/11/1
f 93/16/1 99/17/1 98/15/1
f 93/16/1 100/18/1 99/17/1
f 93/16/1 101/19/1 100/18/1
f 92/20/1 101/19/1 93/16/1
f 92/20/1 102/21/1 101/19/1
f 92/20/1 103/22/1 102/21/1
f 92/20/1 104/23/1 103/22/1
f 91/24/1 104/23/1 92/20/1
f 91/24/1 105/25/1 104/23/1
f 91/24/1 106/26/1 105/25/1
f 91/24/1 107/27/1 106/26/1
f 90/28/1 107/27/1 91/24/1
f 90/28/1 18/29/1 107/27/1
f 18/29/1 17/30/1 107/27/1
f 17/30/1 16/31/1 107/27/1
f 16/31/1 15/32/1 107/27/1
f 15/32/1 14/33/1 107/27/1
f 14/33/1 13/34/1 107/27/1
f 13/34/1 12/35/1 107/27/1
f 12/35/1 11/7/1 107/27/1
f 11/7/1 108/4/1 107/27/1
f 89/36/1 20/37/1 90/28/1
f 20/37/1 19/38/1 90/28/1
f 19/38/1 18/29/1 90/28/1
f 88/39/1 22/40/1 89/36/1
f 22/40/1 21/41/1 89/36/1
f 21/41/1 20/37/1 89/36/1
f 88/39/1 23/42/1 22/40/1
f 88/39/1 24/43/1 23/42/1
f 88/39/1 25/44/1 24/43/1
f 87/45/1 25/44/1 88/39/1
f 87/45/1 26/46/1 25/44/1
f 87/45/1 27/47/1 26/46/1
f 87/45/1 28/48/1 27/47/1
f 86/49/1 28/48/1 87/45/1
f 86/49/1 29/50/1 28/48/1
f 86/49/1 30/51/1 29/50/1
f 85/52/1 30/51/1 86/49/1
f 85/52/1 31/53/1 30/51/1
f 85/52/1 32/54/1 31/53/1
f 84/55/1 32/54/1 85/52/1
f 84/55/1 33/56/1 32/54/1
f 83/57/1 33/56/1 84/55/1
f 83/57/1 34/58/1 33/56/1
f 83/57/1 35/59/1 34/58/1
f 82/60/1 35/59/1 83/57/1
f 82/60/1 36/61/1 35/59/1
f 81/62/1 36/61/1 82/60/1
f 81/62/1 37/63/1 36/61/1
f 81/62/1 38/64/1 37/63/1
f 80/65/1 38/64/1 81/62/1
f 80/65/1 39/66/1 38/64/1
f 80/65/1 40/67/1 39/66/1
f 79/68/1 40/67/1 80/65/1
f 79/68/1 41/69/1 40/67/1
f 57/70/1 59/71/1 58/72/1
f 79/68/1 42/73/1 41/69/1
f 56/74/1 59/71/1 57/70/1
f 78/75/1 42/73/1 79/68/1
f 55/76/1 59/71/1 56/74/1
f 78/75/1 43/77/1 42/73/1
f 54/78/1 59/71/1 55/76/1
f 53/79/1 59/71/1 54/78/1
f 52/80/1 59/71/1 53/79/1
f 78/75/1 44/81/1 43/77/1
f 51/82/1 59/71/1 52/80/1
f 50/83/1 59/71/1 51/82/1
f 78/75/1 45/84/1 44/81/1
f 49/85/1 59/71/1 50/83/1
f 48/86/1 59/71/1 49/85/1
f 78/75/1 46/87/1 45/84/1
f 47/88/1 59/71/1 48/86/1
f 77/89/1 46/87/1 78/75/1
f 46/87/1 59/71/1 47/88/1
f 77/89/1 59/71/1 46/87/1
f 76/90/1 59/71/1 77/89/1
f 75/91/1 59/71/1 76/90/1
f 74/92/1 59/71/1 75/91/1
f 74/92/1 60/93/1 59/71/1
f 74/92/1 61/94/1 60/93/1
f 74/92/1 62/95/1 61/94/1
f 73/96/1 62/95/1 74/92/1
f 73/96/1 63/97/1 62/95/1
f 73/96/1 64/98/1 63/97/1
f 73/96/1 65/99/1 64/98/1
f 73/96/1 66/100/1 65/99/1
f 72/101/1 66/100/1 73/96/1
f 72/101/1 67/102/1 66/100/1
f 72/101/1 68/103/1 67/102/1
f 72/101/1 69/104/1 68/103/1
f 71/105/1 69/104/1 72/101/1
f 71/105/1 70/106/1 69/104/1
f 206/107/1 208/108/1 207/109/1
f 205/110/1 208/108/1 206/107/1
f 205/110/1 209/111/1 208/108/1
f 204/112/1 209/111/1 205/110/1
f 203/113/1 209/111/1 204/112/1
f 203/113/1 210/114/1 209/111/1
f 202/115/1 210/114/1 203/113/1
f 202/115/1 211/116/1 210/114/1
f 201/117/1 211/116/1 202/115/1
f 200/118/1 211/116/1 201/117/1
f 200/118/1 212/119/1 211/116/1
f 199/120/1 212/119/1 200/118/1
f 199/120/1 213/121/1 212/119/1
f 198/122/1 213/121/1 199/120/1
f 197/123/1 213/121/1 198/122/1
f 197/123/1 214/124/1 213/121/1
f 196/125/1 214/124/1 197/123/1
f 196/125/1 215/126/1 214/124/1
f 195/127/1 215/126/1 196/125/1
f 194/128/1 193/129/1 195/127/1
f 193/129/1 192/130/1 195/127/1
f 192/130/1 191/131/1 195/127/1
f 191/131/1 190/132/1 195/127/1
f 190/132/1 189/133/1 195/127/1
f 189/133/1 188/134/1 195/127/1
f 188/134/1 187/135/1 195/127/1
f 187/135/1 186/136/1 195/127/1
f 186/136/1 185/137/1 195/127/1
f 185/137/1 184/138/1 195/127/1
f 184/138/1 215/126/1 195/127/1
f 184/138/1 183/139/1 215/126/1
f 183/139/1 182/140/1 215/126/1
f 182/140/1 216/141/1 215/126/1
f 182/140/1 181/142/1 216/141/1
f 181/142/1 217/143/1 216/141/1
f 180/144/1 217/143/1 181/142/1
f 179/145/1 217/143/1 180/144/1
f 178/146/1 217/143/1 179/145/1
f 177/147/1 217/143/1 178/146/1
f 176/148/1 217/143/1 177/147/1
f 176/148/1 218/149/1 217/143/1
f 175/150/1 218/149/1 176/148/1
f 174/151/1 218/149/1 175/150/1
f 173/152/1 218/149/1 174/151/1
f 173/152/1 219/153/1 218/149/1
f 172/154/1 219/153/1 173/152/1
f 171/155/1 219/153/1 172/154/1
f 171/155/1 220/156/1 219/153/1
f 170/157/1 220/156/1 171/155/1
f 169/158/1 220/156/1 170/157/1
f 168/159/1 282/4/1 169/158/1
f 282/4/1 220/156/1 169/158/1
f 167/160/1 282/4/1 168/159/1
f 166/161/1 282/4/1 167/160/1
f 165/162/1 282/4/1 166/161/1
f 164/163/1 282/4/1 165/162/1
f 164/163/1 246/164/1 282/4/1
f 281/165/1 220/156/1 282/4/1
f 164/163/1 247/166/1 246/164/1
f 163/167/1 247/166/1 164/163/1
f 163/167/1 248/168/1 247/166/1
f 162/169/1 248/168/1 163/167/1
f 162/169/1 249/170/1 248/168/1
f 161/171/1 249/170/1 162/169/1
f 161/171/1 250/172/1 249/170/1
f 161/171/1 251/173/1 250/172/1
f 160/174/1 251/173/1 161/171/1
f 160/174/1 252/175/1 251/173/1
f 159/176/1 252/175/1 160/174/1
f 159/176/1 253/177/1 252/175/1
f 159/176/1 254/178/1 253/177/1
f 158/179/1 254/178/1 159/176/1
f 158/179/1 255/180/1 254/178/1
f 158/179/1 256/181/1 255/180/1
f 157/182/1 256/181/1 158/179/1
f 157/182/1 257/183/1 256/181/1
f 156/184/1 257/183/1 157/182/1
f 156/184/1 258/185/1 257/183/1
f 156/184/1 259/186/1 258/185/1
f 155/187/1 259/186/1 156/184/1
f 155/187/1 260/188/1 259/186/1
f 155/187/1 261/189/1 260/188/1
f 280/190/1 220/156/1 281/165/1
f 154/191/1 261/189/1 155/187/1
f 279/192/1 220/156/1 280/190/1
f 154/191/1 262/193/1 261/189/1
f 278/194/1 220/156/1 279/192/1
f 243/195/1 245/196/1 244/197/1
f 278/194/1 221/198/1 220/156/1
f 154/191/1 263/199/1 262/193/1
f 242/200/1 245/196/1 243/195/1
f 277/201/1 221/198/1 278/194/1
f 277/201/1 222/202/1 221/198/1
f 241/203/1 245/196/1 242/200/1
f 153/204/1 263/199/1 154/191/1
f 153/204/1 264/205/1 263/199/1
f 277/201/1 223/206/1 222/202/1
f 276/207/1 223/206/1 277/201/1
f 240/208/1 245/196/1 241/203/1
f 276/207/1 224/209/1 223/206/1
f 275/210/1 224/209/1 276/207/1
f 239/211/1 245/196/1 240/208/1
f 153/204/1 265/212/1 264/205/1
f 275/210/1 225/213/1 224/209/1
f 238/214/1 245/196/1 239/211/1
f 274/215/1 225/213/1 275/210/1
f 274/215/1 226/216/1 225/213/1
f 237/217/1 245/196/1 238/214/1
f 153/204/1 266/218/1 265/212/1
f 274/215/1 227/219/1 226/216/1
f 273/220/1 227/219/1 274/215/1
f 236/221/1 245/196/1 237/217/1
f 273/220/1 228/222/1 227/219/1
f 152/223/1 266/218/1 153/204/1
f 235/224/1 245/196/1 236/221/1
f 152/223/1 267/225/1 266/218/1
f 272/226/1 228/222/1 273/220/1
f 272/226/1 229/227/1 228/222/1
f 234/228/1 245/196/1 235/224/1
f 272/226/1 230/229/1 229/227/1
f 233/230/1 245/196/1 234/228/1
f 271/231/1 230/229/1 272/226/1
f 271/231/1 231/232/1 230/229/1
f 232/233/1 245/196/1 233/230/1
f 271/231/1 232/233/1 231/232/1
f 152/223/1 268/234/1 267/225/1
f 271/231/1 245/196/1 232/233/1
f 270/235/1 245/196/1 271/231/1
f 152/223/1 269/236/1 268/234/1
f 269/236/1 245/196/1 270/235/1
f 152/223/1 132/237/1 269/236/1
f 132/237/1 245/196/1 269/236/1
f 151/238/1 132/237/1 152/223/1
f 151/238/1 133/239/1 132/237/1
f 131/240/1 245/196/1 132/237/1
f 150/241/1 133/239/1 151/238/1
f 150/241/1 134/242/1 133/239/1
f 130/243/1 245/196/1 131/240/1
f 130/243/1 109/7/1 245/196/1
f 149/244/1 134/242/1 150/241/1
f 149/244/1 135/245/1 134/242/1
f 129/246/1 109/7/1 130/243/1
f 129/246/1 110/247/1 109/7/1
f 149/244/1 136/248/1 135/245/1
f 128/249/1 110/247/1 129/246/1
f 148/250/1 136/248/1 149/244/1
f 128/249/1 111/251/1 110/247/1
f 148/250/1 137/252/1 136/248/1
f 127/253/1 111/251/1 128/249/1
f 127/253/1 112/254/1 111/251/1
f 147/255/1 137/252/1 148/250/1
f 147/255/1 138/256/1 137/252/1
f 126/257/1 112/254/1 127/253/1
f 126/257/1 113/258/1 112/254/1
f 147/255/1 139/259/1 138/256/1
f 125/260/1 113/258/1 126/257/1
f 125/260/1 114/261/1 113/258/1
f 146/262/1 139/259/1 147/255/1
f 146/262/1 140/263/1 139/259/1
f 124/264/1 114/261/1 125/260/1
f 124/264/1 115/265/1 114/261/1
f 146/262/1 141/266/1 140/263/1
f 124/264/1 116/267/1 115/265/1
f 123/268/1 116/267/1 124/264/1
f 145/269/1 141/266/1 146/262/1
f 123/268/1 117/270/1 116/267/1
f 145/269/1 142/271/1 141/266/1
f 122/272/1 117/270/1 123/268/1
f 122/272/1 118/273/1 117/270/1
f 145/269/1 143/274/1 142/271/1
f 121/275/1 118/273/1 122/272/1
f 144/276/1 143/274/1 145/269/1
f 121/275/1 119/277/1 118/273/1
f 120/278/1 119/277/1 121/275/1
f 333/279/1 360/280/1 334/281/1
f 360/280/1 283/7/1 334/281/1
f 360/280/1 284/282/1 283/7/1
f 360/280/1 285/283/1 284/282/1
f 360/280/1 286/284/1 285/283/1
f 360/280/1 287/285/1 286/284/1
f 360/280/1 288/286/1 287/285/1
f 360/280/1 289/287/1 288/286/1
f 360/280/1 290/288/1 289/287/1
f 360/280/1 359/289/1 290/288/1
f 359/289/1 291/290/1 290/288/1
f 333/279/1 361/291/1 360/280/1
f 358/292/1 291/290/1 359/289/1
f 357/293/1 291/290/1 358/292/1
f 357/293/1 292/294/1 291/290/1
f 356/295/1 292/294/1 357/293/1
f 355/296/1 292/294/1 356/295/1
f 354/297/1 292/294/1 355/296/1
f 353/1/1 292/294/1 354/297/1
f 353/1/1 293/298/1 292/294/1
f 352/299/1 293/298/1 353/1/1
f 351/300/1 293/298/1 352/299/1
f 351/300/1 294/301/1 293/298/1
f 350/302/1 294/301/1 351/300/1
f 349/303/1 294/301/1 350/302/1
f 349/303/1 295/304/1 294/301/1
f 348/305/1 295/304/1 349/303/1
f 347/306/1 295/304/1 348/305/1
f 347/306/1 296/307/1 295/304/1
f 346/308/1 296/307/1 347/306/1
f 346/308/1 297/309/1 296/307/1
f 345/310/1 297/309/1 346/308/1
f 345/310/1 298/311/1 297/309/1
f 344/312/1 298/311/1 345/310/1
f 344/312/1 299/313/1 298/311/1
f 343/314/1 299/313/1 344/312/1
f 343/314/1 300/315/1 299/313/1
f 342/316/1 300/315/1 343/314/1
f 342/316/1 301/317/1 300/315/1
f 341/318/1 301/317/1 342/316/1
f 341/318/1 302/319/1 301/317/1
f 340/320/1 302/319/1 341/318/1
f 339/321/1 302/319/1 340/320/1
f 339/321/1 303/322/1 302/319/1
f 338/323/1 303/322/1 339/321/1
f 338/323/1 304/324/1 303/322/1
f 337/325/1 304/324/1 338/323/1
f 336/326/1 304/324/1 337/325/1
f 335/327/1 304/324/1 336/326/1
f 333/279/1 387/328/1 361/291/1
f 387/328/1 335/327/1 361/291/1
f 387/328/1 304/324/1 335/327/1
f 387/328/1 305/329/1 304/324/1
f 387/328/1 306/330/1 305/329/1
f 387/328/1 307/331/1 306/330/1
f 387/328/1 308/332/1 307/331/1
f 387/328/1 309/333/1 308/332/1
f 387/328/1 310/334/1 309/333/1
f 387/328/1 311/335/1 310/334/1
f 387/328/1 312/336/1 311/335/1
f 387/328/1 313/337/1 312/336/1
f 387/328/1 386/338/1 313/337/1
f 386/338/1 314/339/1 313/337/1
f 333/279/1 388/4/1 387/328/1
f 385/340/1 314/339/1 386/338/1
f 384/341/1 314/339/1 385/340/1
f 383/342/1 314/339/1 384/341/1
f 383/342/1 315/343/1 314/339/1
f 382/344/1 315/343/1 383/342/1
f 381/345/1 315/343/1 382/344/1
f 381/345/1 316/346/1 315/343/1
f 380/347/1 316/346/1 381/345/1
f 379/348/1 316/346/1 380/347/1
f 379/348/1 317/349/1 316/346/1
f 378/350/1 317/349/1 379/348/1
f 377/351/1 317/349/1 378/350/1
f 377/351/1 318/10/1 317/349/1
f 376/352/1 318/10/1 377/351/1
f 376/352/1 319/353/1 318/10/1
f 375/354/1 319/353/1 376/352/1
f 374/355/1 319/353/1 375/354/1
f 374/355/1 320/356/1 319/353/1
f 373/357/1 320/356/1 374/355/1
f 372/358/1 320/356/1 373/357/1
f 372/358/1 321/359/1 320/356/1
f 371/360/1 321/359/1 372/358/1
f 371/360/1 322/361/1 321/359/1
f 370/362/1 322/361/1 371/360/1
f 369/363/1 322/361/1 370/362/1
f 369/363/1 323/364/1 322/361/1
f 368/365/1 323/364/1 369/363/1
f 367/366/1 323/364/1 368/365/1
f 367/366/1 324/367/1 323/364/1
f 366/368/1 324/367/1 367/366/1
f 365/369/1 324/367/1 366/368/1
f 364/370/1 324/367/1 365/369/1
f 364/370/1 325/371/1 324/367/1
f 363/372/1 325/371/1 364/370/1
f 362/373/1 325/371/1 363/372/1
f 333/279/1 362/373/1 388/4/1
f 333/279/1 325/371/1 362/373/1
f 333/279/1 326/374/1 325/371/1
f 333/279/1 327/375/1 326/374/1
f 333/279/1 328/376/1 327/375/1
f 333/279/1 329/377/1 328/376/1
f 333/279/1 330/378/1 329/377/1
f 333/279/1 331/379/1 330/378/1
f 333/279/1 332/380/1 331/379/1
f 395/1/2 396/3/2 397/2/2
f 395/1/2 397/2/2 398/4/2
f 394/5/2 395/1/2 398/4/2
f 394/5/2 398/4/2 393/6/2
f 389/7/2 390/9/2 391/8/2
f 389/7/2 391/8/2 392/10/2
f 482/11/2 483/13/2 484/12/2
f 482/11/2 484/12/2 485/14/2
f 482/11/2 485/14/2 486/15/2
f 481/16/2 482/11/2 486/15/2
f 481/16/2 486/15/2 487/17/2
f 481/16/2 487/17/2 488/18/2
f 481/16/2 488/18/2 489/19/2
f 480/20/2 481/16/2 489/19/2
f 480/20/2 489/19/2 490/21/2
f 480/20/2 490/21/2 491/22/2
f 480/20/2 491/22/2 492/23/2
f 479/24/2 480/20/2 492/23/2
f 479/24/2 492/23/2 493/25/2
f 479/24/2 493/25/2 494/26/2
f 479/24/2 494/26/2 495/27/2
f 478/28/2 479/24/2 495/27/2
f 478/28/2 495/27/2 406/29/2
f 406/29/2 495/27/2 405/30/2
f 405/30/2 495/27/2 404/31/2
f 404/31/2 495/27/2 403/32/2
f 403/32/2 495/27/2 402/33/2
f 402/33/2 495/27/2 401/34/2
f 401/34/2 495/27/2 400/35/2
f 400/35/2 495/27/2 399/7/2
f 399/7/2 495/27/2 496/4/2
f 477/36/2 478/28/2 408/37/2
f 408/37/2 478/28/2 407/38/2
f 407/38/2 478/28/2 406/29/2
f 476/39/2 477/36/2 410/40/2
f 410/40/2 477/36/2 409/41/2
f 409/41/2 477/36/2 408/37/2
f 476/39/2 410/40/2 411/42/2
f 476/39/2 411/42/2 412/43/2
f 476/39/2 412/43/2 413/44/2
f 475/45/2 476/39/2 413/44/2
f 475/45/2 413/44/2 414/46/2
f 475/45/2 414/46/2 415/47/2
f 475/45/2 415/47/2 416/48/2
f 474/49/2 475/45/2 416/48/2
f 474/49/2 416/48/2 417/50/2
f 474/49/2 417/50/2 418/51/2
f 473/52/2 474/49/2 418/51/2
f 473/52/2 418/51/2 419/53/2
f 473/52/2 419/53/2 420/54/2
f 472/55/2 473/52/2 420/54/2
f 472/55/2 420/54/2 421/56/2
f 471/57/2 472/55/2 421/56/2
f 471/57/2 421/56/2 422/58/2
f 471/57/2 422/58/2 423/59/2
f 470/60/2 471/57/2 423/59/2
f 470/60/2 423/59/2 424/61/2
f 469/62/2 470/60/2 424/61/2
f 469/62/2 424/61/2 425/63/2
f 469/62/2 425/63/2 426/64/2
f 468/65/2 469/62/2 426/64/2
f 468/65/2 426/64/2 427/66/2
f 468/65/2 427/66/2 428/67/2
f 467/68/2 468/65/2 428/67/2
f 467/68/2 428/67/2 429/69/2
f 445/70/2 446/72/2 447/71/2
f 467/68/2 429/69/2 430/73/2
f 444/74/2 445/70/2 447/71/2
f 466/75/2 467/68/2 430/73/2
f 443/76/2 444/74/2 447/71/2
f 466/75/2 430/73/2 431/77/2
f 442/78/2 443/76/2 447/71/2
f 441/79/2 442/78/2 447/71/2
f 440/80/2 441/79/2 447/71/2
f 466/75/2 431/77/2 432/81/2
f 439/82/2 440/80/2 447/71/2
f 438/83/2 439/82/2 447/71/2
f 466/75/2 432/81/2 433/84/2
f 437/85/2 438/83/2 447/71/2
f 436/86/2 437/85/2 447/71/2
f 466/75/2 433/84/2 434/87/2
f 435/88/2 436/86/2 447/71/2
f 465/89/2 466/75/2 434/87/2
f 434/87/2 435/88/2 447/71/2
f 465/89/2 434/87/2 447/71/2
f 464/90/2 465/89/2 447/71/2
f 463/91/2 464/90/2 447/71/2
f 462/92/2 463/91/2 447/71/2
f 462/92/2 447/71/2 448/93/2
f 462/92/2 448/93/2 449/94/2
f 462/92/2 449/94/2 450/95/2
f 461/96/2 462/92/2 450/95/2
f 461/96/2 450/95/2 451/97/2
f 461/96/2 451/97/2 452/98/2
f 461/96/2 452/98/2 453/99/2
f 461/96/2 453/99/2 454/100/2
f 460/101/2 461/96/2 454/100/2
f 460/101/2 454/100/2 455/102/2
f 460/101/2 455/102/2 456/103/2
f 460/101/2 456/103/2 457/104/2
f 459/105/2 460/101/2 457/104/2
f 459/105/2 457/104/2 458/106/2
f 594/107/2 595/109/2 596/108/2
f 593/110/2 594/107/2 596/108/2
f 593/110/2 596/108/2 597/111/2
f 592/112/2 593/110/2 597/111/2
f 591/113/2 592/112/2 597/111/2
f 591/113/2 597/111/2 598/114/2
f 590/115/2 591/113/2 598/114/2
f 590/115/2 598/114/2 599/116/2
f 589/117/2 590/115/2 599/116/2
f 588/118/2 589/117/2 599/116/2
f 588/118/2 599/116/2 600/119/2
f 587/120/2 588/118/2 600/119/2
f 587/120/2 600/119/2 601/121/2
f 586/122/2 587/120/2 601/121/2
f 585/123/2 586/122/2 601/121/2
f 585/123/2 601/121/2 602/124/2
f 584/125/2 585/123/2 602/124/2
f 584/125/2 602/124/2 603/126/2
f 583/127/2 584/125/2 603/126/2
f 582/128/2 583/127/2 581/129/2
f 581/129/2 583/127/2 580/130/2
f 580/130/2 583/127/2 579/131/2
f 579/131/2 583/127/2 578/132/2
f 578/132/2 583/127/2 577/133/2
f 577/133/2 583/127/2 576/134/2
f 576/134/2 583/127/2 575/135/2
f 575/135/2 583/127/2 574/136/2
f 574/136/2 583/127/2 573/137/2
f 573/137/2 583/127/2 572/138/2
f 572/138/2 583/127/2 603/126/2
f 572/138/2 603/126/2 571/139/2
f 571/139/2 603/126/2 570/140/2
f 570/140/2 603/126/2 604/141/2
f 570/140/2 604/141/2 569/142/2
f 569/142/2 604/141/2 605/143/2
f 568/144/2 569/142/2 605/143/2
f 567/145/2 568/144/2 605/143/2
f 566/146/2 567/145/2 605/143/2
f 565/147/2 566/146/2 605/143/2
f 564/148/2 565/147/2 605/143/2
f 564/148/2 605/143/2 606/149/2
f 563/150/2 564/148/2 606/149/2
f 562/151/2 563/150/2 606/149/2
f 561/152/2 562/151/2 606/149/2
f 561/152/2 606/149/2 607/153/2
f 560/154/2 561/152/2 607/153/2
f 559/155/2 560/154/2 607/153/2
f 559/155/2 607/153/2 608/156/2
f 558/157/2 559/155/2 608/156/2
f 557/158/2 558/157/2 608/156/2
f 556/159/2 557/158/2 670/4/2
f 670/4/2 557/158/2 608/156/2
f 555/160/2 556/159/2 670/4/2
f 554/161/2 555/160/2 670/4/2
f 553/162/2 554/161/2 670/4/2
f 552/163/2 553/162/2 670/4/2
f 552/163/2 670/4/2 634/164/2
f 669/165/2 670/4/2 608/156/2
f 552/163/2 634/164/2 635/166/2
f 551/167/2 552/163/2 635/166/2
f 551/167/2 635/166/2 636/168/2
f 550/169/2 551/167/2 636/168/2
f 550/169/2 636/168/2 637/170/2
f 549/171/2 550/169/2 637/170/2
f 549/171/2 637/170/2 638/172/2
f 549/171/2 638/172/2 639/173/2
f 548/174/2 549/171/2 639/173/2
f 548/174/2 639/173/2 640/175/2
f 547/176/2 548/174/2 640/175/2
f 547/176/2 640/175/2 641/177/2
f 547/176/2 641/177/2 642/178/2
f 546/179/2 547/176/2 642/178/2
f 546/179/2 642/178/2 643/180/2
f 546/179/2 643/180/2 644/181/2
f 545/182/2 546/179/2 644/181/2
f 545/182/2 644/181/2 645/183/2
f 544/184/2 545/182/2 645/183/2
f 544/184/2 645/183/2 646/185/2
f 544/184/2 646/185/2 647/186/2
f 543/187/2 544/184/2 647/186/2
f 543/187/2 647/186/2 648/188/2
f 543/187/2 648/188/2 649/189/2
f 668/190/2 669/165/2 608/156/2
f 542/191/2 543/187/2 649/189/2
f 667/192/2 668/190/2 608/156/2
f 542/191/2 649/189/2 650/193/2
f 666/194/2 667/192/2 608/156/2
f 631/195/2 632/197/2 633/196/2
f 666/194/2 608/156/2 609/198/2
f 542/191/2 650/193/2 651/199/2
f 630/200/2 631/195/2 633/196/2
f 665/201/2 666/194/2 609/198/2
f 665/201/2 609/198/2 610/202/2
f 629/203/2 630/200/2 633/196/2
f 541/204/2 542/191/2 651/199/2
f 541/204/2 651/199/2 652/205/2
f 665/201/2 610/202/2 611/206/2
f 664/207/2 665/201/2 611/206/2
f 628/208/2 629/203/2 633/196/2
f 664/207/2 611/206/2 612/209/2
f 663/210/2 664/207/2 612/209/2
f 627/211/2 628/208/2 633/196/2
f 541/204/2 652/205/2 653/212/2
f 663/210/2 612/209/2 613/213/2
f 626/214/2 627/211/2 633/196/2
f 662/215/2 663/210/2 613/213/2
f 662/215/2 613/213/2 614/216/2
f 625/217/2 626/214/2 633/196/2
f 541/204/2 653/212/2 654/218/2
f 662/215/2 614/216/2 615/219/2
f 661/220/2 662/215/2 615/219/2
f 624/221/2 625/217/2 633/196/2
f 661/220/2 615/219/2 616/222/2
f 540/223/2 541/204/2 654/218/2
f 623/224/2 624/221/2 633/196/2
f 540/223/2 654/218/2 655/225/2
f 660/226/2 661/220/2 616/222/2
f 660/226/2 616/222/2 617/227/2
f 622/228/2 623/224/2 633/196/2
f 660/226/2 617/227/2 618/229/2
f 621/230/2 622/228/2 633/196/2
f 659/231/2 660/226/2 618/229/2
f 659/231/2 618/229/2 619/232/2
f 620/233/2 621/230/2 633/196/2
f 659/231/2 619/232/2 620/233/2
f 540/223/2 655/225/2 656/234/2
f 659/231/2 620/233/2 633/196/2
f 658/235/2 659/231/2 633/196/2
f 540/223/2 656/234/2 657/236/2
f 657/236/2 658/235/2 633/196/2
f 540/223/2 657/236/2 520/237/2
f 520/237/2 657/236/2 633/196/2
f 539/238/2 540/223/2 520/237/2
f 539/238/2 520/237/2 521/239/2
f 519/240/2 520/237/2 633/196/2
f 538/241/2 539/238/2 521/239/2
f 538/241/2 521/239/2 522/242/2
f 518/243/2 519/240/2 633/196/2
f 518/243/2 633/196/2 497/7/2
f 537/244/2 538/241/2 522/242/2
f 537/244/2 522/242/2 523/245/2
f 517/246/2 518/243/2 497/7/2
f 517/246/2 497/7/2 498/247/2
f 537/244/2 523/245/2 524/248/2
f 516/249/2 517/246/2 498/247/2
f 536/250/2 537/244/2 524/248/2
f 516/249/2 498/247/2 499/251/2
f 536/250/2 524/248/2 525/252/2
f 515/253/2 516/249/2 499/251/2
f 515/253/2 499/251/2 500/254/2
f 535/255/2 536/250/2 525/252/2
f 535/255/2 525/252/2 526/256/2
f 514/257/2 515/253/2 500/254/2
f 514/257/2 500/254/2 501/258/2
f 535/255/2 526/256/2 527/259/2
f 513/260/2 514/257/2 501/258/2
f 513/260/2 501/258/2 502/261/2
f 534/262/2 535/255/2 527/259/2
f 534/262/2 527/259/2 528/263/2
f 512/264/2 513/260/2 502/261/2
f 512/264/2 502/261/2 503/265/2
f 534/262/2 528/263/2 529/266/2
f 512/264/2 503/265/2 504/267/2
f 511/268/2 512/264/2 504/267/2
f 533/269/2 534/262/2 529/266/2
f 511/268/2 504/267/2 505/270/2
f 533/269/2 529/266/2 530/271/2
f 510/272/2 511/268/2 505/270/2
f 510/272/2 505/270/2 506/273/2
f 533/269/2 530/271/2 531/274/2
f 509/275/2 510/272/2 506/273/2
f 532/276/2 533/269/2 531/274/2
f 509/275/2 506/273/2 507/277/2
f 508/278/2 509/275/2 507/277/2
f 721/279/2 722/281/2 748/280/2
f 748/280/2 722/281/2 671/7/2
f 748/280/2 671/7/2 672/282/2
f 748/280/2 672/282/2 673/283/2
f 748/280/2 673/283/2 674/284/2
f 748/280/2 674/284/2 675/285/2
f 748/280/2 675/285/2 676/286/2
f 748/280/2 676/286/2 677/287/2
f 748/280/2 677/287/2 678/288/2
f 748/280/2 678/288/2 747/289/2
f 747/289/2 678/288/2 679/290/2
f 721/279/2 748/280/2 749/291/2
f 746/292/2 747/289/2 679/290/2
f 745/293/2 746/292/2 679/290/2
f 745/293/2 679/290/2 680/294/2
f 744/295/2 745/293/2 680/294/2
f 743/296/2 744/295/2 680/294/2
f 742/297/2 743/296/2 680/294/2
f 741/1/2 742/297/2 680/294/2
f 741/1/2 680/294/2 681/298/2
f 740/299/2 741/1/2 681/298/2
f 739/300/2 740/299/2 681/298/2
f 739/300/2 681/298/2 682/301/2
f 738/302/2 739/300/2 682/301/2
f 737/303/2 738/302/2 682/301/2
f 737/303/2 682/301/2 683/304/2
f 736/305/2 737/303/2 683/304/2
f 735/306/2 736/305/2 683/304/2
f 735/306/2 683/304/2 684/307/2
f 734/308/2 735/306/2 684/307/2
f 734/308/2 684/307/2 685/309/2
f 733/310/2 734/308/2 685/309/2
f 733/310/2 685/309/2 686/311/2
f 732/312/2 733/310/2 686/311/2
f 732/312/2 686/311/2 687/313/2
f 731/314/2 732/312/2 687/313/2
f 731/314/2 687/313/2 688/315/2
f 730/316/2 731/314/2 688/315/2
f 730/316/2 688/315/2 689/317/2
f 729/318/2 730/316/2 689/317/2
f 729/318/2 689/317/2 690/319/2
f 728/320/2 729/318/2 690/319/2
f 727/321/2 728/320/2 690/319/2
f 727/321/2 690/319/2 691/322/2
f 726/323/2 727/321/2 691/322/2
f 726/323/2 691/322/2 692/324/2
f 725/325/2 726/323/2 692/324/2
f 724/326/2 725/325/2 692/324/2
f 723/327/2 724/326/2 692/324/2
f 721/279/2 749/291/2 775/328/2
f 775/328/2 749/291/2 723/327/2
f 775/328/2 723/327/2 692/324/2
f 775/328/2 692/324/2 693/329/2
f 775/328/2 693/329/2 694/330/2
f 775/328/2 694/330/2 695/331/2
f 775/328/2 695/331/2 696/332/2
f 775/328/2 696/332/2 697/333/2
f 775/328/2 697/333/2 698/334/2
f 775/328/2 698/334/2 699/335/2
f 775/328/2 699/335/2 700/336/2
f 775/328/2 700/336/2 701/337/2
f 775/328/2 701/337/2 774/338/2
f 774/338/2 701/337/2 702/339/2
f 721/279/2 775/328/2 776/4/2
f 773/340/2 774/338/2 702/339/2
f 772/341/2 773/340/2 702/339/2
f 771/342/2 772/341/2 702/339/2
f 771/342/2 702/339/2 703/343/2
f 770/344/2 771/342/2 703/343/2
f 769/345/2 770/344/2 703/343/2
f 769/345/2 703/343/2 704/346/2
f 768/347/2 769/345/2 704/346/2
f 767/348/2 768/347/2 704/346/2
f 767/348/2 704/346/2 705/349/2
f 766/350/2 767/348/2 705/349/2
f 765/351/2 766/350/2 705/349/2
f 765/351/2 705/349/2 706/10/2
f 764/352/2 765/351/2 706/10/2
f 764/352/2 706/10/2 707/353/2
f 763/354/2 764/352/2 707/353/2
f 762/355/2 763/354/2 707/353/2
f 762/355/2 707/353/2 708/356/2
f 761/357/2 762/355/2 708/356/2
f 760/358/2 761/357/2 708/356/2
f 760/358/2 708/356/2 709/359/2
f 759/360/2 760/358/2 709/359/2
f 759/360/2 709/359/2 710/361/2
f 758/362/2 759/360/2 710/361/2
f 757/363/2 758/362/2 710/361/2
f 757/363/2 710/361/2 711/364/2
f 756/365/2 757/363/2 711/364/2
f 755/366/2 756/365/2 711/364/2
f 755/366/2 711/364/2 712/367/2
f 754/368/2 755/366/2 712/367/2
f 753/369/2 754/368/2 712/367/2
f 752/370/2 753/369/2 712/367/2
f 752/370/2 712/367/2 713/371/2
f 751/372/2 752/370/2 713/371/2
f 750/373/2 751/372/2 713/371/2
f 721/279/2 776/4/2 750/373/2
f 721/279/2 750/373/2 713/371/2
f 721/279/2 713/371/2 714/374/2
f 721/279/2 714/374/2 715/375/2
f 721/279/2 715/375/2 716/376/2
f 721/279/2 716/376/2 717/377/2
f 721/279/2 717/377/2 718/378/2
f 721/279/2 718/378/2 719/379/2
f 721/279/2 719/379/2 720/380/2
s 1
f 778/381/3 780/382/4 779/383/4 777/7/3
f 780/382/4 782/384/5 781/385/5 779/383/4
f 782/384/5 784/386/6 783/387/6 781/385/5
f 784/386/6 786/388/7 785/389/7 783/387/6
f 786/388/7 788/390/8 787/391/8 785/389/7
f 788/390/8 790/392/9 789/393/9 787/391/8
f 790/392/9 792/394/10 791/395/10 789/393/9
f 792/394/10 794/396/11 793/397/11 791/395/10
f 794/396/11 796/398/12 795/399/12 793/397/11
f 796/398/12 798/400/13 797/401/13 795/399/12
f 798/400/13 800/402/14 799/403/14 797/401/13
f 800/402/14 802/404/15 801/405/15 799/403/14
f 802/404/15 804/406/16 803/407/16 801/405/15
f 804/406/16 806/408/17 805/409/17 803/407/16
f 806/408/17 808/410/18 807/411/18 805/409/17
f 808/410/18 810/412/19 809/413/19 807/411/18
f 810/412/19 812/414/20 811/415/20 809/413/19
f 812/414/20 814/416/21 813/417/21 811/415/20
f 814/416/21 816/418/22 815/419/22 813/417/21
f 816/418/22 818/420/23 817/421/23 815/419/22
f 818/420/23 820/422/24 819/423/24 817/421/23
f 820/422/24 822/424/25 821/425/25 819/423/24
f 822/424/25 824/426/26 823/427/26 821/425/25
f 824/426/26 826/428/27 825/429/27 823/427/26
f 826/428/27 828/430/28 827/431/28 825/429/27
f 828/430/28 830/432/29 829/433/29 827/431/28
f 830/432/29 832/434/30 831/435/30 829/433/29
f 832/434/30 834/436/31 833/437/31 831/435/30
f 834/436/31 836/438/32 835/439/32 833/437/31
f 836/438/32 838/440/33 837/441/33 835/439/32
f 838/440/33 840/442/34 839/443/34 837/441/33
f 840/442/34 842/444/35 841/445/35 839/443/34
f 842/444/35 844/446/36 843/447/36 841/445/35
f 844/446/36 846/448/37 845/449/37 843/447/36
f 846/448/37 848/450/38 847/451/38 845/449/37
f 848/450/38 850/452/39 849/453/39 847/451/38
f 850/452/39 852/454/40 851/455/40 849/453/39
f 852/454/40 854/456/41 853/457/41 851/455/40
f 854/456/41 856/458/42 855/459/42 853/457/41
f 856/458/42 858/460/43 857/461/43 855/459/42
f 858/460/43 860/462/44 859/463/44 857/461/43
f 860/462/44 862/464/45 861/465/45 859/463/44
f 862/464/45 864/466/46 863/467/46 861/465/45
f 864/466/46 866/468/47 865/469/47 863/467/46
f 866/468/47 868/470/48 867/471/48 865/469/47
f 868/470/48 870/472/49 869/473/49 867/471/48
f 870/472/49 872/474/50 871/475/50 869/473/49
f 872/474/50 874/476/51 873/477/51 871/475/50
f 874/476/51 876/478/52 875/479/52 873/477/51
f 876/478/52 878/480/53 877/481/53 875/479/52
f 878/480/53 880/482/54 879/483/54 877/481/53
f 880/482/54 778/484/3 777/4/3 879/483/54
f 882/381/55 884/485/56 883/486/56 881/7/55
f 884/485/56 886/487/57 885/488/57 883/486/56
f 886/487/57 888/489/58 887/9/58 885/488/57
f 888/489/58 890/490/59 889/491/59 887/9/58
f 890/490/59 892/492/60 891/493/60 889/491/59
f 892/492/60 894/494/61 893/8/61 891/493/60
f 894/494/61 896/495/62 895/496/62 893/8/61
f 896/495/62 898/497/63 897/498/63 895/496/62
f 898/497/63 900/499/64 899/10/64 897/498/63
f 900/499/64 902/500/65 901/501/65 899/10/64
f 902/500/65 904/502/66 903/503/66 901/501/65
f 904/502/66 906/504/67 905/6/67 903/503/66
f 906/504/67 908/505/68 907/506/68 905/6/67
f 908/505/68 910/507/69 909/508/69 907/506/68
f 910/507/69 912/509/70 911/5/70 909/508/69
f 912/509/70 914/510/71 913/511/71 911/5/70
f 914/510/71 916/512/72 915/513/72 913/511/71
f 916/512/72 918/514/73 917/1/73 915/513/72
f 918/514/73 920/515/74 919/516/74 917/1/73
f 920/515/74 922/517/75 921/518/75 919/516/74
f 922/517/75 924/519/76 923/3/76 921/518/75
f 924/519/76 926/520/77 925/521/77 923/3/76
f 926/520/77 928/522/78 927/523/78 925/521/77
f 928/522/78 930/524/79 929/2/79 927/523/78
f 930/524/79 932/525/80 931/526/80 929/2/79
f 932/525/80 934/527/81 933/528/81 931/526/80
f 934/527/81 882/484/55 881/4/55 933/528/81
f 936/381/82 938/485/83 937/486/83 935/7/82
f 938/485/83 940/487/84 939/488/84 937/486/83
f 940/487/84 942/489/85 941/9/85 939/488/84
f 942/489/85 944/490/86 943/491/86 941/9/85
f 944/490/86 946/492/87 945/493/87 943/491/86
f 946/492/87 948/494/88 947/8/88 945/493/87
f 948/494/88 950/495/89 949/496/89 947/8/88
f 950/495/89 952/497/90 951/498/90 949/496/89
f 952/497/90 954/499/91 953/10/91 951/498/90
f 954/499/91 956/500/92 955/501/92 953/10/91
f 956/500/92 958/502/93 957/503/93 955/501/92
f 958/502/93 960/504/94 959/6/94 957/503/93
f 960/504/94 962/505/95 961/506/95 959/6/94
f 962/505/95 964/507/96 963/508/96 961/506/95
f 964/507/96 966/509/97 965/5/97 963/508/96
f 966/509/97 968/510/98 967/511/98 965/5/97
f 968/510/98 970/512/99 969/513/99 967/511/98
f 970/512/99 972/514/100 971/1/100 969/513/99
f 972/514/100 974/515/101 973/516/101 971/1/100
f 974/515/101 976/517/102 975/518/102 973/516/101
f 976/517/102 978/519/103 977/3/103 975/518/102
f 978/519/103 980/520/104 979/521/104 977/3/103
f 980/520/104 982/522/105 981/523/105 979/521/104
f 982/522/105 984/524/106 983/2/106 981/523/105
f 984/524/106 986/525/80 985/526/80 983/2/106
f 986/525/80 988/527/81 987/528/81 985/526/80
f 988/527/81 936/484/82 935/4/82 987/528/81
f 990/381/107 992/529/108 991/530/108 989/7/107
f 992/529/108 994/531/109 993/532/109 991/530/108
f 994/531/109 996/533/110 995/534/110 993/532/109
f 996/533/110 998/535/111 997/536/111 995/534/110
f 998/535/111 1000/537/112 999/538/112 997/536/111
f 1000/537/112 1002/539/113 1001/540/113 999/538/112
f 1002/539/113 1004/541/114 1003/542/114 1001/540/113
f 1004/541/114 1006/543/115 1005/544/115 1003/542/114
f 1006/543/115 1008/545/116 1007/546/116 1005/544/115
f 1008/545/116 1010/547/117 1009/548/117 1007/546/116
f 1010/547/117 1012/549/118 1011/550/118 1009/548/117
f 1012/549/118 1014/551/119 1013/552/119 1011/550/118
f 1014/551/119 1016/553/120 1015/554/120 1013/552/119
f 1016/553/120 1018/555/121 1017/556/121 1015/554/120
f 1018/555/121 1020/557/122 1019/558/122 1017/556/121
f 1020/557/122 1022/559/123 1021/560/123 1019/558/122
f 1022/559/123 1024/561/124 1023/562/124 1021/560/123
f 1024/561/124 1026/563/125 1025/564/125 1023/562/124
f 1026/563/125 1028/565/126 1027/566/126 1025/564/125
f 1028/565/126 1030/567/127 1029/568/127 1027/566/126
f 1030/567/127 1032/569/128 1031/570/128 1029/568/127
f 1032/569/128 1034/571/129 1033/572/129 1031/570/128
f 1034/571/129 1036/573/130 1035/574/130 1033/572/129
f 1036/573/130 1038/575/131 1037/576/131 1035/574/130
f 1038/575/131 1040/577/132 1039/578/132 1037/576/131
f 1040/577/132 1042/579/133 1041/580/133 1039/578/132
f 1042/579/133 1044/581/134 1043/582/134 1041/580/133
f 1044/581/134 1046/583/135 1045/584/135 1043/582/134
f 1046/583/135 1048/585/136 1047/586/136 1045/584/135
f 1048/585/136 1050/587/137 1049/588/137 1047/586/136
f 1050/587/137 1052/589/138 1051/590/138 1049/588/137
f 1052/589/138 1054/591/139 1053/592/139 1051/590/138
f 1054/591/139 1056/593/140 1055/594/140 1053/592/139
f 1056/593/140 1058/595/141 1057/596/141 1055/594/140
f 1058/595/141 1060/597/142 1059/598/142 1057/596/141
f 1060/597/142 1062/599/143 1061/600/143 1059/598/142
f 1062/599/143 1064/601/144 1063/602/144 1061/600/143
f 1064/601/144 1066/603/145 1065/604/145 1063/602/144
f 1066/603/145 1068/605/146 1067/606/146 1065/604/145
f 1068/605/146 1070/607/147 1069/608/147 1067/606/146
f 1070/607/147 1072/609/148 1071/610/148 1069/608/147
f 1072/609/148 1074/611/149 1073/612/149 1071/610/148
f 1074/611/149 1076/613/150 1075/614/150 1073/612/149
f 1076/613/150 1078/615/151 1077/616/151 1075/614/150
f 1078/615/151 1080/617/152 1079/618/152 1077/616/151
f 1080/617/152 1082/619/153 1081/620/153 1079/618/152
f 1082/619/153 1084/621/154 1083/622/154 1081/620/153
f 1084/621/154 1086/623/155 1085/624/155 1083/622/154
f 1086/623/155 1088/625/156 1087/626/156 1085/624/155
f 1088/625/156 1090/627/157 1089/628/157 1087/626/156
f 1090/627/157 1092/629/158 1091/630/158 1089/628/157
f 1092/629/158 1094/631/88 1093/632/88 1091/630/158
f 1094/631/88 1096/633/159 1095/634/159 1093/632/88
f 1096/633/159 1098/635/160 1097/636/160 1095/634/159
f 1098/635/160 1100/637/161 1099/638/161 1097/636/160
f 1100/637/161 1102/639/162 1101/640/162 1099/638/161
f 1102/639/162 1104/641/163 1103/642/163 1101/640/162
f 1104/641/163 1106/643/164 1105/644/164 1103/642/163
f 1106/643/164 1108/645/165 1107/646/165 1105/644/164
f 1108/645/165 1110/647/166 1109/648/166 1107/646/165
f 1110/647/166 1112/649/167 1111/650/167 1109/648/166
f 1112/649/167 1114/651/168 1113/652/168 1111/650/167
f 1114/651/168 1116/653/169 1115/654/169 1113/652/168
f 1116/653/169 1118/655/170 1117/656/170 1115/654/169
f 1118/655/170 1120/657/171 1119/658/171 1117/656/170
f 1120/657/171 1122/659/172 1121/660/172 1119/658/171
f 1122/659/172 1124/661/173 1123/662/173 1121/660/172
f 1124/661/173 1126/663/174 1125/664/174 1123/662/173
f 1126/663/174 1128/665/175 1127/666/175 1125/664/174
f 1128/665/175 1130/667/176 1129/668/176 1127/666/175
f 1130/667/176 1132/669/177 1131/670/177 1129/668/176
f 1132/669/177 1134/671/178 1133/672/178 1131/670/177
f 1134/671/178 1136/673/179 1135/674/179 1133/672/178
f 1136/673/179 1138/675/180 1137/676/180 1135/674/179
f 1138/675/180 1140/677/181 1139/678/181 1137/676/180
f 1140/677/181 1142/679/182 1141/680/182 1139/678/181
f 1142/679/182 1144/681/183 1143/682/183 1141/680/182
f 1144/681/183 1146/683/184 1145/684/184 1143/682/183
f 1146/683/184 1148/685/185 1147/686/185 1145/684/184
f 1148/685/185 1150/687/186 1149/688/186 1147/686/185
f 1150/687/186 1152/689/187 1151/690/187 1149/688/186
f 1152/689/187 1154/691/188 1153/692/188 1151/690/187
f 1154/691/188 1156/693/189 1155/694/189 1153/692/188
f 1156/693/189 1158/695/190 1157/696/190 1155/694/189
f 1158/695/190 1160/697/191 1159/698/191 1157/696/190
f 1160/697/191 1162/699/192 1161/700/192 1159/698/191
f 1162/699/192 1164/701/193 1163/702/193 1161/700/192
f 1164/701/193 1166/703/194 1165/704/194 1163/702/193
f 1166/703/194 1168/705/195 1167/706/195 1165/704/194
f 1168/705/195 1170/707/196 1169/708/196 1167/706/195
f 1170/707/196 1172/709/197 1171/710/197 1169/708/196
f 1172/709/197 1174/711/198 1173/712/198 1171/710/197
f 1174/711/198 1176/713/199 1175/714/199 1173/712/198
f 1176/713/199 1178/715/200 1177/716/200 1175/714/199
f 1178/715/200 1180/717/201 1179/718/201 1177/716/200
f 1180/717/201 1182/719/202 1181/720/202 1179/718/201
f 1182/719/202 1184/721/203 1183/722/203 1181/720/202
f 1184/721/203 1186/723/204 1185/724/204 1183/722/203
f 1186/723/204 1188/725/205 1187/726/205 1185/724/204
f 1188/725/205 1190/727/206 1189/728/206 1187/726/205
f 1190/727/206 1192/729/207 1191/730/207 1189/728/206
f 1192/729/207 1194/731/208 1193/732/208 1191/730/207
f 1194/731/208 1196/733/209 1195/734/209 1193/732/208
f 1196/733/209 1198/735/210 1197/736/210 1195/734/209
f 1198/735/210 1200/737/211 1199/738/211 1197/736/210
f 1200/737/211 1202/739/212 1201/740/212 1199/738/211
f 1202/739/212 1204/741/213 1203/742/213 1201/740/212
f 1204/741/213 1206/743/214 1205/744/214 1203/742/213
f 1206/743/214 1208/745/215 1207/746/215 1205/744/214
f 1208/745/215 1210/747/216 1209/748/216 1207/746/215
f 1210/747/216 1212/749/217 1211/750/217 1209/748/216
f 1212/749/217 1214/751/218 1213/752/218 1211/750/217
f 1214/751/218 1216/753/219 1215/754/219 1213/752/218
f 1216/753/219 1218/755/220 1217/756/220 1215/754/219
f 1218/755/220 1220/757/221 1219/758/221 1217/756/220
f 1220/757/221 1222/759/222 1221/760/222 1219/758/221
f 1222/759/222 1224/761/223 1223/762/223 1221/760/222
f 1224/761/223 1226/763/224 1225/764/224 1223/762/223
f 1226/763/224 1228/765/225 1227/766/225 1225/764/224
f 1228/765/225 1230/767/226 1229/768/226 1227/766/225
f 1230/767/226 1232/769/227 1231/770/227 1229/768/226
f 1232/769/227 1234/771/228 1233/772/228 1231/770/227
f 1234/771/228 1236/773/229 1235/774/229 1233/772/228
f 1236/773/229 1238/775/230 1237/776/230 1235/774/229
f 1238/775/230 1240/777/231 1239/778/231 1237/776/230
f 1240/777/231 1242/779/232 1241/780/232 1239/778/231
f 1242/779/232 1244/781/233 1243/782/233 1241/780/232
f 1244/781/233 1246/783/234 1245/784/234 1243/782/233
f 1246/783/234 1248/785/235 1247/786/235 1245/784/234
f 1248/785/235 1250/787/236 1249/788/236 1247/786/235
f 1250/787/236 1252/789/237 1251/790/237 1249/788/236
f 1252/789/237 1254/791/238 1253/792/238 1251/790/237
f 1254/791/238 1256/793/239 1255/794/239 1253/792/238
f 1256/793/239 1258/795/240 1257/796/240 1255/794/239
f 1258/795/240 1260/797/241 1259/798/241 1257/796/240
f 1260/797/241 1262/799/242 1261/800/242 1259/798/241
f 1262/799/242 990/484/107 989/4/107 1261/800/242
f 1264/381/243 1266/801/244 1265/802/244 1263/7/243
f 1266/801/244 1268/803/245 1267/804/245 1265/802/244
f 1268/803/245 1270/805/246 1269/806/246 1267/804/245
f 1270/805/246 1272/807/247 1271/808/247 1269/806/246
f 1272/807/247 1274/809/248 1273/810/248 1271/808/247
f 1274/809/248 1276/811/249 1275/812/249 1273/810/248
f 1276/811/249 1278/813/250 1277/814/250 1275/812/249
f 1278/813/250 1280/815/251 1279/816/251 1277/814/250
f 1280/815/251 1282/817/252 1281/818/252 1279/816/251
f 1282/817/252 1284/819/253 1283/820/253 1281/818/252
f 1284/819/253 1286/821/254 1285/822/254 1283/820/253
f 1286/821/254 1288/823/255 1287/824/255 1285/822/254
f 1288/823/255 1290/825/256 1289/826/256 1287/824/255
f 1290/825/256 1292/827/257 1291/828/257 1289/826/256
f 1292/827/257 1294/829/258 1293/830/258 1291/828/257
f 1294/829/258 1296/831/259 1295/832/259 1293/830/258
f 1296/831/259 1298/833/260 1297/834/260 1295/832/259
f 1298/833/260 1300/835/261 1299/836/261 1297/834/260
f 1300/835/261 1302/837/262 1301/838/262 1299/836/261
f 1302/837/262 1304/839/263 1303/840/263 1301/838/262
f 1304/839/263 1306/841/264 1305/842/264 1303/840/263
f 1306/841/264 1308/843/265 1307/844/265 1305/842/264
f 1308/843/265 1310/845/266 1309/846/266 1307/844/265
f 1310/845/266 1312/847/267 1311/848/267 1309/846/266
f 1312/847/267 1314/849/268 1313/850/268 1311/848/267
f 1314/849/268 1316/851/269 1315/852/269 1313/850/268
f 1316/851/269 1318/853/270 1317/854/270 1315/852/269
f 1318/853/270 1320/855/271 1319/856/271 1317/854/270
f 1320/855/271 1322/857/272 1321/858/272 1319/856/271
f 1322/857/272 1324/859/273 1323/860/273 1321/858/272
f 1324/859/273 1326/861/274 1325/862/274 1323/860/273
f 1326/861/274 1328/863/275 1327/864/275 1325/862/274
f 1328/863/275 1330/865/276 1329/866/276 1327/864/275
f 1330/865/276 1332/867/277 1331/868/277 1329/866/276
f 1332/867/277 1334/869/278 1333/870/278 1331/868/277
f 1334/869/278 1336/871/279 1335/872/279 1333/870/278
f 1336/871/279 1264/484/243 1263/4/243 1335/872/279
f 1338/381/280 1340/873/281 1339/874/281 1337/7/280
f 1340/873/281 1342/875/282 1341/876/282 1339/874/281
f 1342/875/282 1344/877/283 1343/878/283 1341/876/282
f 1344/877/283 1346/879/284 1345/880/284 1343/878/283
f 1346/879/284 1348/881/285 1347/882/285 1345/880/284
f 1348/881/285 1350/883/286 1349/884/286 1347/882/285
f 1350/883/286 1352/885/287 1351/886/287 1349/884/286
f 1352/885/287 1354/887/288 1353/888/288 1351/886/287
f 1354/887/288 1356/889/289 1355/890/289 1353/888/288
f 1356/889/289 1358/891/290 1357/892/290 1355/890/289
f 1358/891/290 1360/893/291 1359/894/291 1357/892/290
f 1360/893/291 1362/895/292 1361/896/292 1359/894/291
f 1362/895/292 1364/897/293 1363/898/293 1361/896/292
f 1364/897/293 1366/899/294 1365/311/294 1363/898/293
f 1366/899/294 1368/900/295 1367/901/295 1365/311/294
f 1368/900/295 1370/902/296 1369/903/296 1367/901/295
f 1370/902/296 1372/904/297 1371/905/297 1369/903/296
f 1372/904/297 1374/906/298 1373/907/298 1371/905/297
f 1374/906/298 1376/908/299 1375/909/299 1373/907/298
f 1376/908/299 1378/910/300 1377/911/300 1375/909/299
f 1378/910/300 1380/912/301 1379/913/301 1377/911/300
f 1380/912/301 1382/914/302 1381/915/302 1379/913/301
f 1382/914/302 1384/916/303 1383/917/303 1381/915/302
f 1384/916/303 1386/918/304 1385/919/304 1383/917/303
f 1386/918/304 1388/920/305 1387/921/305 1385/919/304
f 1388/920/305 1390/922/306 1389/923/306 1387/921/305
f 1390/922/306 1392/924/307 1391/925/307 1389/923/306
f 1392/924/307 1394/926/308 1393/337/308 1391/925/307
f 1394/926/308 1396/927/309 1395/928/309 1393/337/308
f 1396/927/309 1398/929/310 1397/930/310 1395/928/309
f 1398/929/310 1400/931/311 1399/932/311 1397/930/310
f 1400/931/311 1402/933/312 1401/934/312 1399/932/311
f 1402/933/312 1404/935/313 1403/936/313 1401/934/312
f 1404/935/313 1406/937/314 1405/938/314 1403/936/313
f 1406/937/314 1408/939/315 1407/940/315 1405/938/314
f 1408/939/315 1410/941/316 1409/942/316 1407/940/315
f 1410/941/316 1412/943/317 1411/944/317 1409/942/316
f 1412/943/317 1414/945/318 1413/946/318 1411/944/317
f 1414/945/318 1416/947/319 1415/948/319 1413/946/318
f 1416/947/319 1418/949/320 1417/950/320 1415/948/319
f 1418/949/320 1420/951/321 1419/952/321 1417/950/320
f 1420/951/321 1422/953/322 1421/376/322 1419/952/321
f 1422/953/322 1424/954/323 1423/955/323 1421/376/322
f 1424/954/323 1426/956/324 1425/957/324 1423/955/323
f 1426/956/324 1428/958/325 1427/959/325 1425/957/324
f 1428/958/325 1430/960/326 1429/961/326 1427/959/325
f 1430/960/326 1432/962/327 1431/963/327 1429/961/326
f 1432/962/327 1434/964/328 1433/965/328 1431/963/327
f 1434/964/328 1436/432/329 1435/433/329 1433/965/328
f 1436/432/329 1438/966/330 1437/967/330 1435/433/329
f 1438/966/330 1440/968/331 1439/969/331 1437/967/330
f 1440/968/331 1442/970/332 1441/971/332 1439/969/331
f 1442/970/332 1444/972/333 1443/973/333 1441/971/332
f 1444/972/333 1446/974/334 1445/975/334 1443/973/333
f 1446/974/334 1448/976/335 1447/977/335 1445/975/334
f 1448/976/335 1450/978/336 1449/314/336 1447/977/335
f 1450/978/336 1452/979/337 1451/980/337 1449/314/336
f 1452/979/337 1454/981/338 1453/982/338 1451/980/337
f 1454/981/338 1456/983/339 1455/984/339 1453/982/338
f 1456/983/339 1458/985/340 1457/986/340 1455/984/339
f 1458/985/340 1460/987/341 1459/988/341 1457/986/340
f 1460/987/341 1462/989/342 1461/990/342 1459/988/341
f 1462/989/342 1464/991/343 1463/992/343 1461/990/342
f 1464/991/343 1466/993/344 1465/994/344 1463/992/343
f 1466/993/344 1468/995/345 1467/996/345 1465/994/344
f 1468/995/345 1470/997/346 1469/998/346 1467/996/345
f 1470/997/346 1472/999/347 1471/1000/347 1469/998/346
f 1472/999/347 1474/1001/348 1473/1002/348 1471/1000/347
f 1474/1001/348 1476/1003/349 1475/1004/349 1473/1002/348
f 1476/1003/349 1478/1005/350 1477/292/350 1475/1004/349
f 1478/1005/350 1480/1006/351 1479/1007/351 1477/292/350
f 1480/1006/351 1482/1008/352 1481/1009/352 1479/1007/351
f 1482/1008/352 1484/1010/353 1483/1011/353 1481/1009/352
f 1484/1010/353 1486/1012/354 1485/1013/354 1483/1011/353
f 1486/1012/354 1488/1014/355 1487/1015/355 1485/1013/354
f 1488/1014/355 1490/1016/356 1489/1017/356 1487/1015/355
f 1490/1016/356 1492/1018/357 1491/1019/357 1489/1017/356
f 1492/1018/357 1494/1020/358 1493/1021/358 1491/1019/357
f 1494/1020/358 1496/1022/359 1495/1023/359 1493/1021/358
f 1496/1022/359 1498/1024/360 1497/1025/360 1495/1023/359
f 1498/1024/360 1500/1026/361 1499/1027/361 1497/1025/360
f 1500/1026/361 1502/1028/362 1501/1029/362 1499/1027/361
f 1502/1028/362 1504/1030/363 1503/1031/363 1501/1029/362
f 1504/1030/363 1506/1032/364 1505/357/364 1503/1031/363
f 1506/1032/364 1508/1033/365 1507/1034/365 1505/357/364
f 1508/1033/365 1510/1035/366 1509/1036/366 1507/1034/365
f 1510/1035/366 1512/1037/367 1511/1038/367 1509/1036/366
f 1512/1037/367 1514/1039/368 1513/1040/368 1511/1038/367
f 1514/1039/368 1516/1041/369 1515/1042/369 1513/1040/368
f 1516/1041/369 1518/1043/370 1517/1044/370 1515/1042/369
f 1518/1043/370 1520/1045/371 1519/1046/371 1517/1044/370
f 1520/1045/371 1522/1047/372 1521/1048/372 1519/1046/371
f 1522/1047/372 1524/1049/373 1523/1050/373 1521/1048/372
f 1524/1049/373 1526/1051/374 1525/1052/374 1523/1050/373
f 1526/1051/374 1528/1053/375 1527/1054/375 1525/1052/374
f 1528/1053/375 1530/1055/376 1529/1056/376 1527/1054/375
f 1530/1055/376 1532/1057/377 1531/1058/377 1529/1056/376
f 1532/1057/377 1338/484/280 1337/4/280 1531/1058/377
f 1534/381/378 1536/1059/379 1535/1060/379 1533/7/378
f 1536/1059/379 1538/499/380 1537/10/380 1535/1060/379
f 1538/499/380 1540/432/381 1539/433/381 1537/10/380
f 1540/432/381 1542/514/382 1541/1/382 1539/433/381
f 1542/514/382 1544/1061/383 1543/1062/383 1541/1/382
f 1544/1061/383 1534/484/378 1533/4/378 1543/1062/383
f 1546/381/53 1548/406/54 1547/407/54 1545/7/53
f 1548/406/54 1550/432/81 1549/433/81 1547/407/54
f 1550/432/81 1552/458/80 1551/459/80 1549/433/81
f 1552/458/80 1546/484/53 1545/4/53 1551/459/80
o Text
v 5.879529 10.456103 -15.604010
v 5.885232 10.377510 -15.617815
v 6.002734 10.372064 -15.538268
v 6.019130 10.146108 -15.577956
v 6.019387 10.133884 -15.580536
v 6.018372 10.123193 -15.583645
v 6.016232 10.113947 -15.587202
v 6.013116 10.106062 -15.591122
v 6.009175 10.099452 -15.595322
v 6.004559 10.094033 -15.599717
v 5.999414 10.089720 -15.604226
v 5.993894 10.086428 -15.608765
v 5.988143 10.084070 -15.613249
v 5.982315 10.082562 -15.617596
v 5.976557 10.081820 -15.621721
v 5.971018 10.081758 -15.625543
v 5.964364 10.082291 -15.629997
v 5.957637 10.083276 -15.634399
v 5.950831 10.084713 -15.638754
v 5.943940 10.086603 -15.643064
v 5.936960 10.088946 -15.647335
v 5.929884 10.091743 -15.651568
v 5.922706 10.094992 -15.655770
v 5.915421 10.098695 -15.659943
v 5.908022 10.102853 -15.664091
v 5.900505 10.107464 -15.668219
v 5.892863 10.112531 -15.672330
v 5.885091 10.118052 -15.676428
v 5.891007 10.036510 -15.690750
v 5.897993 10.032112 -15.686940
v 5.905447 10.027886 -15.682769
v 5.913264 10.023868 -15.678302
v 5.921338 10.020092 -15.673602
v 5.929564 10.016595 -15.668736
v 5.937836 10.013412 -15.663768
v 5.946048 10.010578 -15.658762
v 5.954094 10.008130 -15.653782
v 5.961870 10.006102 -15.648894
v 5.969269 10.004530 -15.644163
v 5.976185 10.003449 -15.639651
v 5.982513 10.002896 -15.635426
v 6.001664 10.003210 -15.622190
v 6.018989 10.005924 -15.609669
v 6.034493 10.010905 -15.597886
v 6.048185 10.018021 -15.586869
v 6.060072 10.027137 -15.576642
v 6.070158 10.038120 -15.567231
v 6.078453 10.050840 -15.558661
v 6.084961 10.065163 -15.550957
v 6.089691 10.080955 -15.544144
v 6.092648 10.098083 -15.538247
v 6.093840 10.116414 -15.533294
v 6.093274 10.135818 -15.529307
v 6.076379 10.368649 -15.488411
v 6.140922 10.365659 -15.444715
v 6.140209 10.375483 -15.442990
v 5.990401 10.542022 -15.508415
v 5.997031 10.450657 -15.524463
v 6.225367 10.521818 -15.351446
v 6.230942 10.522953 -15.347358
v 6.236174 10.524954 -15.343309
v 6.241013 10.527759 -15.339351
v 6.245408 10.531303 -15.335529
v 6.249310 10.535528 -15.331894
v 6.252669 10.540370 -15.328493
v 6.255436 10.545765 -15.325375
v 6.257560 10.551653 -15.322587
v 6.258991 10.557971 -15.320178
v 6.259680 10.564656 -15.318197
v 6.259575 10.571647 -15.316691
v 6.258662 10.578675 -15.315735
v 6.256996 10.585469 -15.315348
v 6.254635 10.591963 -15.315506
v 6.251639 10.598088 -15.316184
v 6.248069 10.603778 -15.317355
v 6.243982 10.608964 -15.318995
v 6.239438 10.613580 -15.321078
v 6.234497 10.617558 -15.323578
v 6.229217 10.620831 -15.326468
v 6.223659 10.623333 -15.329726
v 6.217880 10.624993 -15.333323
v 6.211941 10.625748 -15.337236
v 6.206072 10.625541 -15.341317
v 6.200497 10.624406 -15.345407
v 6.195265 10.622405 -15.349454
v 6.190426 10.619601 -15.353413
v 6.186030 10.616055 -15.357234
v 6.182128 10.611831 -15.360869
v 6.178769 10.606990 -15.364271
v 6.176003 10.601594 -15.367390
v 6.173879 10.595706 -15.370177
v 6.172447 10.589389 -15.372586
v 6.171759 10.582703 -15.374567
v 6.171863 10.575712 -15.376072
v 6.172776 10.568685 -15.377029
v 6.174443 10.561890 -15.377416
v 6.176804 10.555396 -15.377257
v 6.179799 10.549272 -15.376580
v 6.183370 10.543582 -15.375408
v 6.187457 10.538395 -15.373769
v 6.192000 10.533779 -15.371686
v 6.196942 10.529801 -15.369186
v 6.202222 10.526527 -15.366295
v 6.207780 10.524027 -15.363038
v 6.213559 10.522366 -15.359440
v 6.219498 10.521611 -15.355528
v 6.294658 9.997240 -15.422121
v 6.262650 10.438345 -15.344642
v 6.189005 10.441759 -15.394499
v 6.221012 10.000654 -15.471977
v 6.553657 9.985235 -15.246780
v 6.580366 9.985832 -15.228286
v 6.604992 9.990108 -15.210392
v 6.627447 9.997940 -15.193189
v 6.647644 10.009201 -15.176765
v 6.665493 10.023767 -15.161210
v 6.680906 10.041512 -15.146612
v 6.693795 10.062310 -15.133061
v 6.704073 10.086039 -15.120645
v 6.711650 10.112571 -15.109452
v 6.716437 10.141783 -15.099572
v 6.718349 10.173548 -15.091095
v 6.717295 10.207743 -15.084107
v 6.713458 10.238955 -15.079705
v 6.706697 10.268603 -15.077667
v 6.697183 10.296489 -15.077918
v 6.685088 10.322413 -15.080386
v 6.670585 10.346178 -15.084996
v 6.653844 10.367586 -15.091677
v 6.635037 10.386437 -15.100353
v 6.614338 10.402534 -15.110952
v 6.591917 10.415679 -15.123402
v 6.567946 10.425673 -15.137627
v 6.542598 10.432316 -15.153553
v 6.516044 10.435412 -15.171109
v 6.509875 10.435595 -15.175309
v 6.503762 10.435560 -15.179520
v 6.497677 10.435300 -15.183762
v 6.491591 10.434805 -15.188056
v 6.485477 10.434067 -15.192426
v 6.479308 10.433076 -15.196890
v 6.473054 10.431825 -15.201471
v 6.466688 10.430303 -15.206191
v 6.460183 10.428501 -15.211069
v 6.453508 10.426412 -15.216129
v 6.446638 10.424026 -15.221390
v 6.439544 10.421334 -15.226873
v 6.422293 10.659079 -15.185114
v 6.348648 10.662493 -15.234971
v 6.397264 9.992484 -15.352656
v 6.451064 10.346246 -15.235888
v 6.456772 10.348498 -15.231457
v 6.462338 10.350485 -15.227182
v 6.467804 10.352212 -15.223036
v 6.473207 10.353683 -15.218989
v 6.478589 10.354903 -15.215014
v 6.483989 10.355878 -15.211082
v 6.489446 10.356612 -15.207166
v 6.495000 10.357110 -15.203236
v 6.500691 10.357378 -15.199263
v 6.506559 10.357420 -15.195219
v 6.512644 10.357241 -15.191076
v 6.530029 10.355187 -15.179588
v 6.546538 10.350747 -15.169241
v 6.562079 10.344027 -15.160072
v 6.576559 10.335132 -15.152125
v 6.589882 10.324168 -15.145439
v 6.601956 10.311244 -15.140054
v 6.612687 10.296465 -15.136009
v 6.621982 10.279937 -15.133348
v 6.629745 10.261765 -15.132109
v 6.635886 10.242059 -15.132332
v 6.640309 10.220922 -15.134058
v 6.642921 10.198462 -15.137328
v 6.643783 10.178312 -15.141280
v 6.643298 10.159225 -15.145918
v 6.641357 10.141347 -15.151284
v 6.637849 10.124827 -15.157422
v 6.632662 10.109814 -15.164373
v 6.625685 10.096453 -15.172182
v 6.616809 10.084894 -15.180892
v 6.605921 10.075285 -15.190544
v 6.592910 10.067773 -15.201181
v 6.577667 10.062506 -15.212849
v 6.560079 10.059632 -15.225587
v 6.540036 10.059300 -15.239441
v 6.465563 10.062752 -15.289858
v 6.445176 10.343723 -15.240506
v 6.812959 10.007873 -15.063420
v 6.824536 9.999679 -15.057310
v 6.836069 9.992249 -15.051057
v 6.847651 9.985570 -15.044601
v 6.859374 9.979634 -15.037882
v 6.871329 9.974428 -15.030837
v 6.883611 9.969941 -15.023406
v 6.896311 9.966163 -15.015528
v 6.909522 9.963080 -15.007141
v 6.923335 9.960685 -14.998185
v 6.937844 9.958964 -14.988599
v 6.953142 9.957908 -14.978321
v 6.980860 9.958908 -14.959041
v 7.006080 9.964356 -14.940475
v 7.028781 9.973892 -14.922719
v 7.048944 9.987156 -14.905867
v 7.066548 10.003788 -14.890014
v 7.081575 10.023430 -14.875254
v 7.094004 10.045721 -14.861682
v 7.103816 10.070303 -14.849393
v 7.110990 10.096815 -14.838482
v 7.115508 10.124899 -14.829042
v 7.117349 10.154195 -14.821170
v 7.116494 10.184343 -14.814958
v 7.112678 10.216886 -14.810242
v 7.106177 10.247594 -14.807785
v 7.097142 10.276299 -14.807523
v 7.085721 10.302828 -14.809390
v 7.072066 10.327014 -14.813323
v 7.056324 10.348686 -14.819257
v 7.038648 10.367674 -14.827127
v 7.019185 10.383806 -14.836867
v 6.998086 10.396914 -14.848415
v 6.975501 10.406828 -14.861706
v 6.951580 10.413376 -14.876674
v 6.926471 10.416389 -14.893254
v 6.902731 10.415834 -14.909699
v 6.880810 10.411879 -14.925661
v 6.860805 10.404501 -14.941078
v 6.842809 10.393685 -14.955888
v 6.826920 10.379414 -14.970030
v 6.813232 10.361667 -14.983441
v 6.801844 10.340427 -14.996060
v 6.792848 10.315678 -15.007826
v 6.786343 10.287399 -15.018676
v 6.782422 10.255574 -15.028548
v 6.781183 10.220184 -15.037382
v 6.782721 10.181211 -15.045115
v 7.044203 10.169091 -14.868093
v 7.042192 10.148278 -14.874170
v 7.038783 10.129294 -14.880795
v 7.033980 10.112149 -14.887963
v 7.027789 10.096854 -14.895669
v 7.020215 10.083418 -14.903907
v 7.011261 10.071850 -14.912670
v 7.000935 10.062162 -14.921953
v 6.989241 10.054363 -14.931752
v 6.976182 10.048463 -14.942060
v 6.961766 10.044472 -14.952869
v 6.945996 10.042399 -14.964178
v 6.928878 10.042256 -14.975978
v 6.917727 10.043178 -14.983436
v 6.906611 10.044893 -14.990690
v 6.895518 10.047382 -14.997755
v 6.884439 10.050626 -15.004640
v 6.873365 10.054604 -15.011355
v 6.862285 10.059296 -15.017914
v 6.851188 10.064682 -15.024328
v 6.840066 10.070742 -15.030607
v 6.828907 10.077456 -15.036764
v 6.817702 10.084806 -15.042809
v 6.806442 10.092770 -15.048754
v 6.795115 10.101329 -15.054610
v 6.801246 10.016841 -15.069450
v 6.851395 10.251921 -14.981958
v 6.852741 10.266902 -14.977654
v 6.855344 10.280683 -14.972756
v 6.859172 10.293202 -14.967301
v 6.864195 10.304403 -14.961322
v 6.870383 10.314223 -14.954853
v 6.877707 10.322604 -14.947928
v 6.886136 10.329486 -14.940582
v 6.895640 10.334807 -14.932848
v 6.906190 10.338511 -14.924761
v 6.917755 10.340534 -14.916354
v 6.930305 10.340819 -14.907662
v 6.943965 10.339375 -14.898598
v 6.956805 10.336369 -14.890450
v 6.968816 10.331829 -14.883216
v 6.979992 10.325788 -14.876896
v 6.990323 10.318277 -14.871487
v 6.999803 10.309326 -14.866989
v 7.008422 10.298967 -14.863400
v 7.016174 10.287231 -14.860718
v 7.023050 10.274148 -14.858942
v 7.029042 10.259750 -14.858069
v 7.034142 10.244067 -14.858101
v 7.038342 10.227131 -14.859033
v 6.851333 10.235799 -14.985636
v 7.339090 10.287603 -14.638648
v 7.337435 10.287680 -14.639768
v 7.326820 10.306579 -14.642803
v 7.316404 10.323635 -14.646116
v 7.306182 10.338895 -14.649702
v 7.296147 10.352402 -14.653555
v 7.286294 10.364201 -14.657667
v 7.276615 10.374335 -14.662035
v 7.267105 10.382852 -14.666652
v 7.257759 10.389792 -14.671512
v 7.248569 10.395203 -14.676609
v 7.239530 10.399127 -14.681938
v 7.230636 10.401610 -14.687492
v 7.221880 10.402697 -14.693266
v 7.214490 10.402692 -14.698347
v 7.207205 10.401985 -14.703514
v 7.200012 10.400574 -14.708777
v 7.192896 10.398456 -14.714148
v 7.185843 10.395627 -14.719634
v 7.178838 10.392086 -14.725248
v 7.171868 10.387829 -14.730999
v 7.164919 10.382854 -14.736898
v 7.157977 10.377157 -14.742956
v 7.151026 10.370737 -14.749182
v 7.144054 10.363590 -14.755587
v 7.137047 10.355715 -14.762180
v 7.181427 10.278266 -14.749138
v 7.186689 10.284218 -14.744179
v 7.192190 10.289798 -14.739139
v 7.197868 10.294975 -14.734067
v 7.203664 10.299719 -14.729012
v 7.209517 10.303997 -14.724025
v 7.215366 10.307780 -14.719151
v 7.221149 10.311035 -14.714440
v 7.226808 10.313732 -14.709943
v 7.232280 10.315839 -14.705706
v 7.237505 10.317325 -14.701778
v 7.242422 10.318158 -14.698211
v 7.246971 10.318309 -14.695049
v 7.259438 10.316512 -14.686884
v 7.271526 10.312398 -14.679502
v 7.283123 10.306124 -14.672945
v 7.294119 10.297847 -14.667253
v 7.304401 10.287727 -14.662467
v 7.313857 10.275922 -14.658628
v 7.322376 10.262589 -14.655779
v 7.329846 10.247889 -14.653959
v 7.336156 10.231976 -14.653211
v 7.341193 10.215011 -14.653574
v 7.344846 10.197151 -14.655090
v 7.347003 10.178555 -14.657802
v 7.363755 9.947687 -14.698353
v 7.437400 9.944274 -14.648497
v 7.405393 10.385379 -14.571017
v 7.331748 10.388792 -14.620874
v 7.516089 10.471003 -14.475609
v 7.532155 10.480619 -14.462396
v 7.547994 10.489180 -14.449577
v 7.563659 10.496697 -14.437113
v 7.579205 10.503187 -14.424963
v 7.594683 10.508663 -14.413087
v 7.610148 10.513141 -14.401446
v 7.625653 10.516633 -14.389999
v 7.641251 10.519156 -14.378708
v 7.656996 10.520724 -14.367530
v 7.672941 10.521351 -14.356428
v 7.689139 10.521052 -14.345360
v 7.720846 10.517359 -14.324396
v 7.751268 10.509442 -14.305268
v 7.780168 10.497557 -14.288081
v 7.807310 10.481958 -14.272941
v 7.832458 10.462904 -14.259951
v 7.855376 10.440648 -14.249215
v 7.875827 10.415446 -14.240840
v 7.893575 10.387556 -14.234929
v 7.908384 10.357230 -14.231587
v 7.920019 10.324727 -14.230920
v 7.928242 10.290301 -14.233031
v 7.932817 10.254210 -14.238026
v 7.933570 10.217715 -14.245739
v 7.930479 10.183517 -14.255576
v 7.923702 10.151810 -14.267386
v 7.913398 10.122785 -14.281015
v 7.899724 10.096635 -14.296313
v 7.882837 10.073554 -14.313128
v 7.862896 10.053737 -14.331306
v 7.840059 10.037374 -14.350695
v 7.814482 10.024661 -14.371144
v 7.786325 10.015791 -14.392502
v 7.755744 10.010956 -14.414615
v 7.722898 10.010349 -14.437331
v 7.706815 10.011643 -14.448095
v 7.690452 10.014038 -14.458804
v 7.673850 10.017518 -14.469433
v 7.657049 10.022068 -14.479956
v 7.640092 10.027673 -14.490348
v 7.623020 10.034316 -14.500587
v 7.605874 10.041983 -14.510644
v 7.588694 10.050657 -14.520498
v 7.571523 10.060324 -14.530122
v 7.554400 10.070968 -14.539493
v 7.537369 10.082573 -14.548583
v 7.520470 10.095123 -14.557370
v 7.528097 9.990005 -14.575834
v 7.542682 9.980974 -14.567844
v 7.557521 9.972390 -14.559579
v 7.572691 9.964301 -14.550975
v 7.588269 9.956755 -14.541968
v 7.604330 9.949797 -14.532496
v 7.620952 9.943477 -14.522494
v 7.638212 9.937840 -14.511901
v 7.656186 9.932937 -14.500650
v 7.674951 9.928811 -14.488681
v 7.694584 9.925513 -14.475928
v 7.715162 9.923089 -14.462329
v 7.736761 9.921586 -14.447820
v 7.786970 9.923136 -14.412955
v 7.831783 9.932118 -14.380122
v 7.871354 9.947674 -14.349411
v 7.905838 9.968943 -14.320910
v 7.935388 9.995064 -14.294704
v 7.960157 10.025176 -14.270885
v 7.980302 10.058420 -14.249539
v 7.995975 10.093935 -14.230755
v 8.007331 10.130860 -14.214621
v 8.014524 10.168335 -14.201225
v 8.017706 10.205500 -14.190655
v 8.017035 10.241494 -14.183000
v 8.010755 10.291502 -14.176038
v 7.999530 10.339128 -14.173013
v 7.983665 10.384032 -14.173793
v 7.963459 10.425875 -14.178246
v 7.939217 10.464313 -14.186242
v 7.911241 10.499008 -14.197649
v 7.879832 10.529620 -14.212337
v 7.845294 10.555807 -14.230174
v 7.807929 10.577230 -14.251029
v 7.768039 10.593548 -14.274771
v 7.725927 10.604421 -14.301268
v 7.681896 10.609508 -14.330390
v 7.667413 10.609830 -14.340273
v 7.652887 10.609443 -14.350346
v 7.638259 10.608334 -14.360652
v 7.623470 10.606486 -14.371235
v 7.608460 10.603889 -14.382139
v 7.593172 10.600525 -14.393409
v 7.577544 10.596381 -14.405087
v 7.561519 10.591444 -14.417216
v 7.545036 10.585698 -14.429842
v 7.528039 10.579129 -14.443008
v 7.510466 10.571724 -14.456759
v 7.492259 10.563467 -14.471138
v 7.499743 10.460314 -14.489257
v 5.612189 10.368397 -15.215118
v 5.617892 10.289804 -15.228924
v 5.735394 10.284357 -15.149376
v 5.751789 10.058401 -15.189065
v 5.752047 10.046178 -15.191645
v 5.751031 10.035486 -15.194754
v 5.748891 10.026240 -15.198311
v 5.745776 10.018354 -15.202230
v 5.741835 10.011745 -15.206429
v 5.737218 10.006327 -15.210826
v 5.732074 10.002013 -15.215335
v 5.726553 9.998721 -15.219872
v 5.720803 9.996364 -15.224358
v 5.714974 9.994856 -15.228704
v 5.709216 9.994114 -15.232830
v 5.703678 9.994051 -15.236651
v 5.697023 9.994584 -15.241105
v 5.690296 9.995569 -15.245508
v 5.683490 9.997006 -15.249863
v 5.676600 9.998897 -15.254173
v 5.669620 10.001240 -15.258443
v 5.662543 10.004036 -15.262677
v 5.655365 10.007285 -15.266878
v 5.648080 10.010988 -15.271051
v 5.640681 10.015146 -15.275200
v 5.633164 10.019757 -15.279327
v 5.625523 10.024824 -15.283438
v 5.617750 10.030345 -15.287536
v 5.623667 9.948804 -15.301859
v 5.630652 9.944406 -15.298048
v 5.638106 9.940180 -15.293878
v 5.645924 9.936161 -15.289410
v 5.653997 9.932385 -15.284711
v 5.662223 9.928888 -15.279845
v 5.670495 9.925705 -15.274877
v 5.678707 9.922872 -15.269871
v 5.686753 9.920424 -15.264891
v 5.694529 9.918395 -15.260003
v 5.701928 9.916823 -15.255271
v 5.708845 9.915743 -15.250760
v 5.715173 9.915190 -15.246534
v 5.734324 9.915504 -15.233298
v 5.751648 9.918218 -15.220778
v 5.767153 9.923199 -15.208995
v 5.780845 9.930314 -15.197978
v 5.792731 9.939430 -15.187751
v 5.802818 9.950414 -15.178340
v 5.811112 9.963134 -15.169769
v 5.817620 9.977456 -15.162065
v 5.822351 9.993248 -15.155252
v 5.825308 10.010376 -15.149356
v 5.826500 10.028708 -15.144403
v 5.825933 10.048111 -15.140416
v 5.809038 10.280943 -15.099519
v 5.873581 10.277952 -15.055824
v 5.872869 10.287776 -15.054098
v 5.723061 10.454315 -15.119523
v 5.729691 10.362950 -15.135571
v 5.958026 10.434112 -14.962555
v 5.963601 10.435246 -14.958467
v 5.968833 10.437247 -14.954418
v 5.973672 10.440052 -14.950459
v 5.978067 10.443597 -14.946638
v 5.981970 10.447822 -14.943003
v 5.985329 10.452663 -14.939602
v 5.988095 10.458059 -14.936483
v 5.990219 10.463946 -14.933695
v 5.991651 10.470264 -14.931287
v 5.992339 10.476950 -14.929305
v 5.992235 10.483940 -14.927800
v 5.991322 10.490969 -14.926843
v 5.989655 10.497763 -14.926456
v 5.987294 10.504256 -14.926615
v 5.984299 10.510382 -14.927292
v 5.980728 10.516071 -14.928464
v 5.976641 10.521257 -14.930104
v 5.972097 10.525873 -14.932186
v 5.967156 10.529852 -14.934686
v 5.961876 10.533125 -14.937577
v 5.956318 10.535626 -14.940835
v 5.950540 10.537287 -14.944432
v 5.944601 10.538041 -14.948345
v 5.938731 10.537834 -14.952426
v 5.933156 10.536699 -14.956514
v 5.927924 10.534698 -14.960563
v 5.923085 10.531895 -14.964521
v 5.918690 10.528349 -14.968343
v 5.914787 10.524124 -14.971978
v 5.911428 10.519283 -14.975380
v 5.908662 10.513887 -14.978498
v 5.906538 10.507999 -14.981286
v 5.905107 10.501682 -14.983694
v 5.904418 10.494997 -14.985676
v 5.904522 10.488006 -14.987181
v 5.905436 10.480978 -14.988138
v 5.907103 10.474183 -14.988524
v 5.909463 10.467690 -14.988366
v 5.912458 10.461565 -14.987688
v 5.916029 10.455875 -14.986517
v 5.920116 10.450689 -14.984877
v 5.924660 10.446073 -14.982795
v 5.929602 10.442095 -14.980295
v 5.934881 10.438821 -14.977404
v 5.940440 10.436320 -14.974146
v 5.946218 10.434659 -14.970549
v 5.952157 10.433905 -14.966636
v 6.027317 9.909534 -15.033229
v 5.995310 10.350638 -14.955750
v 5.921664 10.354052 -15.005607
v 5.953671 9.912947 -15.083086
v 6.286317 9.897529 -14.857889
v 6.313025 9.898126 -14.839394
v 6.337651 9.902402 -14.821501
v 6.360107 9.910233 -14.804297
v 6.380303 9.921494 -14.787874
v 6.398152 9.936060 -14.772319
v 6.413566 9.953805 -14.757721
v 6.426455 9.974604 -14.744169
v 6.436732 9.998332 -14.731753
v 6.444309 10.024864 -14.720560
v 6.449097 10.054076 -14.710681
v 6.451008 10.085841 -14.702203
v 6.449954 10.120036 -14.695216
v 6.446117 10.151248 -14.690814
v 6.439356 10.180897 -14.688775
v 6.429842 10.208782 -14.689027
v 6.417747 10.234707 -14.691494
v 6.403244 10.258471 -14.696105
v 6.386503 10.279880 -14.702785
v 6.367697 10.298731 -14.711462
v 6.346997 10.314828 -14.722061
v 6.324576 10.327972 -14.734510
v 6.300606 10.337966 -14.748734
v 6.275257 10.344610 -14.764662
v 6.248703 10.347706 -14.782218
v 6.242534 10.347888 -14.786418
v 6.236421 10.347854 -14.790627
v 6.230336 10.347593 -14.794869
v 6.224251 10.347098 -14.799165
v 6.218137 10.346360 -14.803534
v 6.211967 10.345369 -14.807999
v 6.205714 10.344118 -14.812580
v 6.199348 10.342596 -14.817299
v 6.192842 10.340795 -14.822178
v 6.186168 10.338705 -14.827237
v 6.179297 10.336319 -14.832499
v 6.172204 10.333628 -14.837982
v 6.154953 10.571372 -14.796223
v 6.081307 10.574785 -14.846080
v 6.129924 9.904778 -14.963765
v 6.183723 10.258539 -14.846997
v 6.189431 10.260792 -14.842566
v 6.194998 10.262778 -14.838291
v 6.200463 10.264505 -14.834145
v 6.205867 10.265976 -14.830098
v 6.211248 10.267197 -14.826123
v 6.216648 10.268171 -14.822191
v 6.222105 10.268906 -14.818274
v 6.227659 10.269403 -14.814343
v 6.233351 10.269671 -14.810370
v 6.239219 10.269713 -14.806328
v 6.245304 10.269534 -14.802185
v 6.262688 10.267481 -14.790697
v 6.279198 10.263041 -14.780349
v 6.294739 10.256320 -14.771181
v 6.309218 10.247425 -14.763234
v 6.322541 10.236462 -14.756547
v 6.334616 10.223537 -14.751162
v 6.345346 10.208758 -14.747118
v 6.354641 10.192230 -14.744456
v 6.362405 10.174059 -14.743217
v 6.368546 10.154352 -14.743441
v 6.372969 10.133215 -14.745167
v 6.375581 10.110754 -14.748437
v 6.376442 10.090606 -14.752389
v 6.375957 10.071518 -14.757027
v 6.374017 10.053640 -14.762393
v 6.370508 10.037121 -14.768530
v 6.365321 10.022107 -14.775482
v 6.358345 10.008746 -14.783291
v 6.349468 9.997188 -14.792000
v 6.338580 9.987578 -14.801652
v 6.325570 9.980066 -14.812290
v 6.310326 9.974799 -14.823957
v 6.292738 9.971926 -14.836696
v 6.272696 9.971594 -14.850549
v 6.198223 9.975045 -14.900967
v 6.177835 10.256017 -14.851614
v 6.545619 9.920166 -14.674529
v 6.557196 9.911972 -14.668418
v 6.568729 9.904542 -14.662166
v 6.580310 9.897863 -14.655710
v 6.592033 9.891928 -14.648991
v 6.603989 9.886722 -14.641945
v 6.616271 9.882235 -14.634514
v 6.628970 9.878456 -14.626637
v 6.642181 9.875374 -14.618250
v 6.655994 9.872978 -14.609294
v 6.670504 9.871258 -14.599708
v 6.685802 9.870201 -14.589430
v 6.713520 9.871202 -14.570149
v 6.738739 9.876650 -14.551583
v 6.761440 9.886186 -14.533827
v 6.781603 9.899449 -14.516975
v 6.799208 9.916081 -14.501122
v 6.814235 9.935723 -14.486362
v 6.826663 9.958014 -14.472791
v 6.836475 9.982596 -14.460502
v 6.843650 10.009109 -14.449591
v 6.848167 10.037192 -14.440151
v 6.850008 10.066488 -14.432278
v 6.849154 10.096637 -14.426066
v 6.845338 10.129179 -14.421350
v 6.838837 10.159887 -14.418894
v 6.829802 10.188592 -14.418632
v 6.818381 10.215122 -14.420499
v 6.804726 10.239307 -14.424432
v 6.788984 10.260980 -14.430366
v 6.771307 10.279966 -14.438235
v 6.751844 10.296100 -14.447976
v 6.730746 10.309208 -14.459524
v 6.708160 10.319120 -14.472815
v 6.684239 10.325669 -14.487782
v 6.659131 10.328682 -14.504363
v 6.635390 10.328128 -14.520808
v 6.613470 10.324172 -14.536770
v 6.593464 10.316794 -14.552187
v 6.575468 10.305979 -14.566997
v 6.559579 10.291707 -14.581139
v 6.545892 10.273960 -14.594550
v 6.534503 10.252721 -14.607169
v 6.525508 10.227971 -14.618935
v 6.519002 10.199693 -14.629785
v 6.515082 10.167868 -14.639657
v 6.513843 10.132478 -14.648490
v 6.515381 10.093505 -14.656222
v 6.776863 10.081385 -14.479202
v 6.774852 10.060572 -14.485278
v 6.771442 10.041588 -14.491903
v 6.766640 10.024443 -14.499072
v 6.760448 10.009148 -14.506778
v 6.752874 9.995711 -14.515015
v 6.743921 9.984143 -14.523778
v 6.733595 9.974456 -14.533062
v 6.721900 9.966657 -14.542860
v 6.708842 9.960756 -14.553167
v 6.694426 9.956765 -14.563978
v 6.678656 9.954693 -14.575287
v 6.661537 9.954550 -14.587087
v 6.650387 9.955471 -14.594544
v 6.639270 9.957187 -14.601799
v 6.628178 9.959676 -14.608864
v 6.617099 9.962919 -14.615747
v 6.606025 9.966897 -14.622464
v 6.594944 9.971589 -14.629023
v 6.583848 9.976975 -14.635436
v 6.572725 9.983035 -14.641716
v 6.561566 9.989750 -14.647872
v 6.550362 9.997100 -14.653917
v 6.539101 10.005063 -14.659863
v 6.527775 10.013622 -14.665718
v 6.533905 9.929134 -14.680558
v 6.584054 10.164214 -14.593066
v 6.585401 10.179195 -14.588762
v 6.588003 10.192976 -14.583865
v 6.591831 10.205496 -14.578410
v 6.596854 10.216697 -14.572431
v 6.603043 10.226517 -14.565962
v 6.610367 10.234898 -14.559037
v 6.618795 10.241779 -14.551690
v 6.628300 10.247101 -14.543957
v 6.638849 10.250804 -14.535870
v 6.650414 10.252828 -14.527462
v 6.662965 10.253113 -14.518770
v 6.676624 10.251669 -14.509706
v 6.689464 10.248662 -14.501557
v 6.701476 10.244123 -14.494324
v 6.712651 10.238082 -14.488004
v 6.722982 10.230571 -14.482595
v 6.732462 10.221620 -14.478098
v 6.741082 10.211261 -14.474508
v 6.748834 10.199525 -14.471827
v 6.755710 10.186441 -14.470050
v 6.761702 10.172044 -14.469178
v 6.766802 10.156361 -14.469210
v 6.771002 10.139424 -14.470141
v 6.583992 10.148092 -14.596745
v 7.071750 10.199897 -14.249756
v 7.070095 10.199973 -14.250876
v 7.059480 10.218872 -14.253912
v 7.049064 10.235929 -14.257225
v 7.038842 10.251188 -14.260811
v 7.028807 10.264695 -14.264663
v 7.018953 10.276494 -14.268776
v 7.009274 10.286629 -14.273144
v 6.999765 10.295145 -14.277761
v 6.990418 10.302086 -14.282620
v 6.981228 10.307496 -14.287718
v 6.972189 10.311420 -14.293046
v 6.963295 10.313904 -14.298601
v 6.954539 10.314990 -14.304375
v 6.947149 10.314985 -14.309456
v 6.939865 10.314279 -14.314623
v 6.932672 10.312867 -14.319886
v 6.925555 10.310749 -14.325256
v 6.918502 10.307920 -14.330743
v 6.911497 10.304379 -14.336357
v 6.904528 10.300122 -14.342108
v 6.897579 10.295147 -14.348007
v 6.890636 10.289451 -14.354065
v 6.883686 10.283031 -14.360291
v 6.876714 10.275884 -14.366694
v 6.869706 10.268008 -14.373288
v 6.914086 10.190559 -14.360247
v 6.919349 10.196511 -14.355287
v 6.924849 10.202091 -14.350247
v 6.930528 10.207269 -14.345176
v 6.936324 10.212012 -14.340121
v 6.942177 10.216290 -14.335133
v 6.948025 10.220074 -14.330259
v 6.953809 10.223329 -14.325549
v 6.959467 10.226025 -14.321052
v 6.964940 10.228132 -14.316814
v 6.970164 10.229618 -14.312887
v 6.975081 10.230452 -14.309319
v 6.979630 10.230602 -14.306158
v 6.992097 10.228806 -14.297993
v 7.004185 10.224691 -14.290611
v 7.015783 10.218417 -14.284053
v 7.026779 10.210140 -14.278361
v 7.037060 10.200021 -14.273575
v 7.046516 10.188215 -14.269737
v 7.055036 10.174883 -14.266888
v 7.062506 10.160182 -14.265068
v 7.068815 10.144269 -14.264319
v 7.073852 10.127304 -14.264683
v 7.077505 10.109445 -14.266199
v 7.079662 10.090849 -14.268910
v 7.096415 9.859981 -14.309462
v 7.170060 9.856567 -14.259604
v 7.138053 10.297672 -14.182125
v 7.064407 10.301085 -14.231982
v 7.248749 10.383296 -14.086718
v 7.264814 10.392913 -14.073504
v 7.280653 10.401473 -14.060685
v 7.296319 10.408991 -14.048222
v 7.311864 10.415480 -14.036071
v 7.327343 10.420957 -14.024196
v 7.342807 10.425434 -14.012554
v 7.358312 10.428926 -14.001108
v 7.373910 10.431450 -13.989816
v 7.389655 10.433018 -13.978639
v 7.405600 10.433645 -13.967536
v 7.421798 10.433346 -13.956469
v 7.453506 10.429652 -13.935504
v 7.483928 10.421736 -13.916376
v 7.512828 10.409850 -13.899190
v 7.539969 10.394252 -13.884049
v 7.565118 10.375197 -13.871058
v 7.588035 10.352942 -13.860324
v 7.608486 10.327740 -13.851949
v 7.626235 10.299849 -13.846038
v 7.641044 10.269524 -13.842696
v 7.652678 10.237020 -13.842029
v 7.660902 10.202595 -13.844140
v 7.665477 10.166503 -13.849134
v 7.666229 10.130009 -13.856848
v 7.663138 10.095811 -13.866685
v 7.656362 10.064103 -13.878494
v 7.646058 10.035078 -13.892124
v 7.632383 10.008928 -13.907422
v 7.615497 9.985847 -13.924236
v 7.595556 9.966030 -13.942413
v 7.572718 9.949668 -13.961803
v 7.547142 9.936954 -13.982253
v 7.518984 9.928084 -14.003611
v 7.488403 9.923249 -14.025723
v 7.455557 9.922643 -14.048440
v 7.439474 9.923937 -14.059204
v 7.423111 9.926332 -14.069913
v 7.406509 9.929811 -14.080541
v 7.389709 9.934361 -14.091063
v 7.372752 9.939966 -14.101457
v 7.355680 9.946609 -14.111694
v 7.338533 9.954276 -14.121753
v 7.321353 9.962951 -14.131606
v 7.304182 9.972617 -14.141231
v 7.287060 9.983261 -14.150600
v 7.270029 9.994866 -14.159692
v 7.253129 10.007417 -14.168478
v 7.260756 9.902298 -14.186942
v 7.275342 9.893268 -14.178952
v 7.290181 9.884684 -14.170687
v 7.305351 9.876595 -14.162083
v 7.320928 9.869048 -14.153077
v 7.336989 9.862090 -14.143604
v 7.353612 9.855770 -14.133603
v 7.370872 9.850134 -14.123009
v 7.388845 9.845230 -14.111759
v 7.407611 9.841105 -14.099790
v 7.427244 9.837807 -14.087037
v 7.447821 9.835382 -14.073438
v 7.469420 9.833879 -14.058928
v 7.519629 9.835429 -14.024063
v 7.564442 9.844412 -13.991231
v 7.604013 9.859967 -13.960520
v 7.638497 9.881236 -13.932017
v 7.668047 9.907357 -13.905813
v 7.692817 9.937469 -13.881993
v 7.712962 9.970714 -13.860647
v 7.728635 10.006228 -13.841864
v 7.739990 10.043154 -13.825729
v 7.747183 10.080629 -13.812333
v 7.750366 10.117794 -13.801764
v 7.749693 10.153788 -13.794108
v 7.743414 10.203795 -13.787147
v 7.732190 10.251422 -13.784122
v 7.716324 10.296326 -13.784901
v 7.696118 10.338168 -13.789354
v 7.671876 10.376606 -13.797351
v 7.643900 10.411302 -13.808758
v 7.612491 10.441914 -13.823445
v 7.577953 10.468101 -13.841283
v 7.540588 10.489524 -13.862138
v 7.500699 10.505841 -13.885879
v 7.458587 10.516714 -13.912376
v 7.414555 10.521801 -13.941498
v 7.400073 10.522123 -13.951382
v 7.385547 10.521736 -13.961454
v 7.370919 10.520626 -13.971761
v 7.356130 10.518780 -13.982344
v 7.341120 10.516182 -13.993248
v 7.325831 10.512818 -14.004517
v 7.310204 10.508675 -14.016194
v 7.294178 10.503737 -14.028324
v 7.277696 10.497992 -14.040951
v 7.260698 10.491423 -14.054117
v 7.243125 10.484017 -14.067868
v 7.224918 10.475760 -14.082246
v 7.232403 10.372607 -14.100365
v 7.248749 10.383296 -14.086718
v 7.516089 10.471003 -14.475609
v 7.264814 10.392913 -14.073504
v 7.532155 10.480619 -14.462396
v 7.280653 10.401473 -14.060685
v 7.547994 10.489180 -14.449577
v 7.296319 10.408991 -14.048222
v 7.563659 10.496697 -14.437113
v 7.311864 10.415480 -14.036071
v 7.579205 10.503187 -14.424963
v 7.327343 10.420957 -14.024196
v 7.594683 10.508663 -14.413087
v 7.342807 10.425434 -14.012554
v 7.610148 10.513141 -14.401446
v 7.358312 10.428926 -14.001108
v 7.625653 10.516633 -14.389999
v 7.373910 10.431450 -13.989816
v 7.641251 10.519156 -14.378708
v 7.389655 10.433018 -13.978639
v 7.656996 10.520724 -14.367530
v 7.405600 10.433645 -13.967536
v 7.672941 10.521351 -14.356428
v 7.421798 10.433346 -13.956469
v 7.689139 10.521052 -14.345360
v 7.453506 10.429652 -13.935504
v 7.720846 10.517359 -14.324396
v 7.483928 10.421736 -13.916376
v 7.751268 10.509442 -14.305268
v 7.512828 10.409850 -13.899190
v 7.780168 10.497557 -14.288081
v 7.539969 10.394252 -13.884049
v 7.807310 10.481958 -14.272941
v 7.565118 10.375197 -13.871058
v 7.832458 10.462904 -14.259951
v 7.588035 10.352942 -13.860324
v 7.855376 10.440648 -14.249215
v 7.608486 10.327740 -13.851949
v 7.875827 10.415446 -14.240840
v 7.626235 10.299849 -13.846038
v 7.893575 10.387556 -14.234929
v 7.641044 10.269524 -13.842696
v 7.908384 10.357230 -14.231587
v 7.652678 10.237020 -13.842029
v 7.920019 10.324727 -14.230920
v 7.660902 10.202595 -13.844140
v 7.928242 10.290301 -14.233031
v 7.665477 10.166503 -13.849134
v 7.932817 10.254210 -14.238026
v 7.666229 10.130009 -13.856848
v 7.933570 10.217715 -14.245739
v 7.663138 10.095811 -13.866685
v 7.930479 10.183517 -14.255576
v 7.656362 10.064103 -13.878494
v 7.923702 10.151810 -14.267386
v 7.646058 10.035078 -13.892124
v 7.913398 10.122785 -14.281015
v 7.632383 10.008928 -13.907422
v 7.899724 10.096635 -14.296313
v 7.615497 9.985847 -13.924236
v 7.882837 10.073554 -14.313128
v 7.595556 9.966030 -13.942413
v 7.862896 10.053737 -14.331306
v 7.572718 9.949668 -13.961803
v 7.840059 10.037374 -14.350695
v 7.547142 9.936954 -13.982253
v 7.814482 10.024661 -14.371144
v 7.518984 9.928084 -14.003611
v 7.786325 10.015791 -14.392502
v 7.488403 9.923249 -14.025723
v 7.755744 10.010956 -14.414615
v 7.455557 9.922643 -14.048440
v 7.722898 10.010349 -14.437331
v 7.439474 9.923937 -14.059204
v 7.706815 10.011643 -14.448095
v 7.423111 9.926332 -14.069913
v 7.690452 10.014038 -14.458804
v 7.406509 9.929811 -14.080541
v 7.673850 10.017518 -14.469433
v 7.389709 9.934361 -14.091063
v 7.657049 10.022068 -14.479956
v 7.372752 9.939966 -14.101457
v 7.640092 10.027673 -14.490348
v 7.355680 9.946609 -14.111694
v 7.623020 10.034316 -14.500587
v 7.338533 9.954276 -14.121753
v 7.605874 10.041983 -14.510644
v 7.321353 9.962951 -14.131606
v 7.588694 10.050657 -14.520498
v 7.304182 9.972617 -14.141231
v 7.571523 10.060324 -14.530122
v 7.287060 9.983261 -14.150600
v 7.554400 10.070968 -14.539493
v 7.270029 9.994866 -14.159692
v 7.537369 10.082573 -14.548583
v 7.253129 10.007417 -14.168478
v 7.520470 10.095123 -14.557370
v 7.260756 9.902298 -14.186942
v 7.528097 9.990005 -14.575834
v 7.275342 9.893268 -14.178952
v 7.542682 9.980974 -14.567844
v 7.290181 9.884684 -14.170687
v 7.557521 9.972390 -14.559579
v 7.305351 9.876595 -14.162083
v 7.572691 9.964301 -14.550975
v 7.320928 9.869048 -14.153077
v 7.588269 9.956755 -14.541968
v 7.336989 9.862090 -14.143604
v 7.604330 9.949797 -14.532496
v 7.353612 9.855770 -14.133603
v 7.620952 9.943477 -14.522494
v 7.370872 9.850134 -14.123009
v 7.638212 9.937840 -14.511901
v 7.388845 9.845230 -14.111759
v 7.656186 9.932937 -14.500650
v 7.407611 9.841105 -14.099790
v 7.674951 9.928811 -14.488681
v 7.427244 9.837807 -14.087037
v 7.694584 9.925513 -14.475928
v 7.447821 9.835382 -14.073438
v 7.715162 9.923089 -14.462329
v 7.469420 9.833879 -14.058928
v 7.736761 9.921586 -14.447820
v 7.519629 9.835429 -14.024063
v 7.786970 9.923136 -14.412955
v 7.564442 9.844412 -13.991231
v 7.831783 9.932118 -14.380122
v 7.604013 9.859967 -13.960520
v 7.871354 9.947674 -14.349411
v 7.638497 9.881236 -13.932017
v 7.905838 9.968943 -14.320910
v 7.668047 9.907357 -13.905813
v 7.935388 9.995064 -14.294704
v 7.692817 9.937469 -13.881993
v 7.960157 10.025176 -14.270885
v 7.712962 9.970714 -13.860647
v 7.980302 10.058420 -14.249539
v 7.728635 10.006228 -13.841864
v 7.995975 10.093935 -14.230755
v 7.739990 10.043154 -13.825729
v 8.007331 10.130860 -14.214621
v 7.747183 10.080629 -13.812333
v 8.014524 10.168335 -14.201225
v 7.750366 10.117794 -13.801764
v 8.017706 10.205500 -14.190655
v 7.749693 10.153788 -13.794108
v 8.017035 10.241494 -14.183000
v 7.743414 10.203795 -13.787147
v 8.010755 10.291502 -14.176038
v 7.732190 10.251422 -13.784122
v 7.999530 10.339128 -14.173013
v 7.716324 10.296326 -13.784901
v 7.983665 10.384032 -14.173793
v 7.696118 10.338168 -13.789354
v 7.963459 10.425875 -14.178246
v 7.671876 10.376606 -13.797351
v 7.939217 10.464313 -14.186242
v 7.643900 10.411302 -13.808758
v 7.911241 10.499008 -14.197649
v 7.612491 10.441914 -13.823445
v 7.879832 10.529620 -14.212337
v 7.577953 10.468101 -13.841283
v 7.845294 10.555807 -14.230174
v 7.540588 10.489524 -13.862138
v 7.807929 10.577230 -14.251029
v 7.500699 10.505841 -13.885879
v 7.768039 10.593548 -14.274771
v 7.458587 10.516714 -13.912376
v 7.725927 10.604421 -14.301268
v 7.414555 10.521801 -13.941498
v 7.681896 10.609508 -14.330390
v 7.400073 10.522123 -13.951382
v 7.667413 10.609830 -14.340273
v 7.385547 10.521736 -13.961454
v 7.652887 10.609443 -14.350346
v 7.370919 10.520626 -13.971761
v 7.638259 10.608334 -14.360652
v 7.356130 10.518780 -13.982344
v 7.623470 10.606486 -14.371235
v 7.341120 10.516182 -13.993248
v 7.608460 10.603889 -14.382139
v 7.325831 10.512818 -14.004517
v 7.593172 10.600525 -14.393409
v 7.310204 10.508675 -14.016194
v 7.577544 10.596381 -14.405087
v 7.294178 10.503737 -14.028324
v 7.561519 10.591444 -14.417216
v 7.277696 10.497992 -14.040951
v 7.545036 10.585698 -14.429842
v 7.260698 10.491423 -14.054117
v 7.528039 10.579129 -14.443008
v 7.243125 10.484017 -14.067868
v 7.510466 10.571724 -14.456759
v 7.224918 10.475760 -14.082246
v 7.492259 10.563467 -14.471138
v 7.232403 10.372607 -14.100365
v 7.499743 10.460314 -14.489257
v 7.071750 10.199897 -14.249756
v 7.339090 10.287603 -14.638648
v 7.070095 10.199973 -14.250876
v 7.337435 10.287680 -14.639768
v 7.059480 10.218872 -14.253912
v 7.326820 10.306579 -14.642803
v 7.049064 10.235929 -14.257225
v 7.316404 10.323635 -14.646116
v 7.038842 10.251188 -14.260811
v 7.306182 10.338895 -14.649702
v 7.028807 10.264695 -14.264663
v 7.296147 10.352402 -14.653555
v 7.018953 10.276494 -14.268776
v 7.286294 10.364201 -14.657667
v 7.009274 10.286629 -14.273144
v 7.276615 10.374335 -14.662035
v 6.999765 10.295145 -14.277761
v 7.267105 10.382852 -14.666652
v 6.990418 10.302086 -14.282620
v 7.257759 10.389792 -14.671512
v 6.981228 10.307496 -14.287718
v 7.248569 10.395203 -14.676609
v 6.972189 10.311420 -14.293046
v 7.239530 10.399127 -14.681938
v 6.963295 10.313904 -14.298601
v 7.230636 10.401610 -14.687492
v 6.954539 10.314990 -14.304375
v 7.221880 10.402697 -14.693266
v 6.947149 10.314985 -14.309456
v 7.214490 10.402692 -14.698347
v 6.939865 10.314279 -14.314623
v 7.207205 10.401985 -14.703514
v 6.932672 10.312867 -14.319886
v 7.200012 10.400574 -14.708777
v 6.925555 10.310749 -14.325256
v 7.192896 10.398456 -14.714148
v 6.918502 10.307920 -14.330743
v 7.185843 10.395627 -14.719634
v 6.911497 10.304379 -14.336357
v 7.178838 10.392086 -14.725248
v 6.904528 10.300122 -14.342108
v 7.171868 10.387829 -14.730999
v 6.897579 10.295147 -14.348007
v 7.164919 10.382854 -14.736898
v 6.890636 10.289451 -14.354065
v 7.157977 10.377157 -14.742956
v 6.883686 10.283031 -14.360291
v 7.151026 10.370737 -14.749182
v 6.876714 10.275884 -14.366694
v 7.144054 10.363590 -14.755587
v 6.869706 10.268008 -14.373288
v 7.137047 10.355715 -14.762180
v 6.914086 10.190559 -14.360247
v 7.181427 10.278266 -14.749138
v 6.919349 10.196511 -14.355287
v 7.186689 10.284218 -14.744179
v 6.924849 10.202091 -14.350247
v 7.192190 10.289798 -14.739139
v 6.930528 10.207269 -14.345176
v 7.197868 10.294975 -14.734067
v 6.936324 10.212012 -14.340121
v 7.203664 10.299719 -14.729012
v 6.942177 10.216290 -14.335133
v 7.209517 10.303997 -14.724025
v 6.948025 10.220074 -14.330259
v 7.215366 10.307780 -14.719151
v 6.953809 10.223329 -14.325549
v 7.221149 10.311035 -14.714440
v 6.959467 10.226025 -14.321052
v 7.226808 10.313732 -14.709943
v 6.964940 10.228132 -14.316814
v 7.232280 10.315839 -14.705706
v 6.970164 10.229618 -14.312887
v 7.237505 10.317325 -14.701778
v 6.975081 10.230452 -14.309319
v 7.242422 10.318158 -14.698211
v 6.979630 10.230602 -14.306158
v 7.246971 10.318309 -14.695049
v 6.992097 10.228806 -14.297993
v 7.259438 10.316512 -14.686884
v 7.004185 10.224691 -14.290611
v 7.271526 10.312398 -14.679502
v 7.015783 10.218417 -14.284053
v 7.283123 10.306124 -14.672945
v 7.026779 10.210140 -14.278361
v 7.294119 10.297847 -14.667253
v 7.037060 10.200021 -14.273575
v 7.304401 10.287727 -14.662467
v 7.046516 10.188215 -14.269737
v 7.313857 10.275922 -14.658628
v 7.055036 10.174883 -14.266888
v 7.322376 10.262589 -14.655779
v 7.062506 10.160182 -14.265068
v 7.329846 10.247889 -14.653959
v 7.068815 10.144269 -14.264319
v 7.336156 10.231976 -14.653211
v 7.073852 10.127304 -14.264683
v 7.341193 10.215011 -14.653574
v 7.077505 10.109445 -14.266199
v 7.344846 10.197151 -14.655090
v 7.079662 10.090849 -14.268910
v 7.347003 10.178555 -14.657802
v 7.096415 9.859981 -14.309462
v 7.363755 9.947687 -14.698353
v 7.170060 9.856567 -14.259604
v 7.437400 9.944274 -14.648497
v 7.138053 10.297672 -14.182125
v 7.405393 10.385379 -14.571017
v 7.064407 10.301085 -14.231982
v 7.331748 10.388792 -14.620874
v 6.545619 9.920166 -14.674529
v 6.812959 10.007873 -15.063420
v 6.557196 9.911972 -14.668418
v 6.824536 9.999679 -15.057310
v 6.568729 9.904542 -14.662166
v 6.836069 9.992249 -15.051057
v 6.580310 9.897863 -14.655710
v 6.847651 9.985570 -15.044601
v 6.592033 9.891928 -14.648991
v 6.859374 9.979634 -15.037882
v 6.603989 9.886722 -14.641945
v 6.871329 9.974428 -15.030837
v 6.616271 9.882235 -14.634514
v 6.883611 9.969941 -15.023406
v 6.628970 9.878456 -14.626637
v 6.896311 9.966163 -15.015528
v 6.642181 9.875374 -14.618250
v 6.909522 9.963080 -15.007141
v 6.655994 9.872978 -14.609294
v 6.923335 9.960685 -14.998185
v 6.670504 9.871258 -14.599708
v 6.937844 9.958964 -14.988599
v 6.685802 9.870201 -14.589430
v 6.953142 9.957908 -14.978321
v 6.713520 9.871202 -14.570149
v 6.980860 9.958908 -14.959041
v 6.738739 9.876650 -14.551583
v 7.006080 9.964356 -14.940475
v 6.761440 9.886186 -14.533827
v 7.028781 9.973892 -14.922719
v 6.781603 9.899449 -14.516975
v 7.048944 9.987156 -14.905867
v 6.799208 9.916081 -14.501122
v 7.066548 10.003788 -14.890014
v 6.814235 9.935723 -14.486362
v 7.081575 10.023430 -14.875254
v 6.826663 9.958014 -14.472791
v 7.094004 10.045721 -14.861682
v 6.836475 9.982596 -14.460502
v 7.103816 10.070303 -14.849393
v 6.843650 10.009109 -14.449591
v 7.110990 10.096815 -14.838482
v 6.848167 10.037192 -14.440151
v 7.115508 10.124899 -14.829042
v 6.850008 10.066488 -14.432278
v 7.117349 10.154195 -14.821170
v 6.849154 10.096637 -14.426066
v 7.116494 10.184343 -14.814958
v 6.845338 10.129179 -14.421350
v 7.112678 10.216886 -14.810242
v 6.838837 10.159887 -14.418894
v 7.106177 10.247594 -14.807785
v 6.829802 10.188592 -14.418632
v 7.097142 10.276299 -14.807523
v 6.818381 10.215122 -14.420499
v 7.085721 10.302828 -14.809390
v 6.804726 10.239307 -14.424432
v 7.072066 10.327014 -14.813323
v 6.788984 10.260980 -14.430366
v 7.056324 10.348686 -14.819257
v 6.771307 10.279966 -14.438235
v 7.038648 10.367674 -14.827127
v 6.751844 10.296100 -14.447976
v 7.019185 10.383806 -14.836867
v 6.730746 10.309208 -14.459524
v 6.998086 10.396914 -14.848415
v 6.708160 10.319120 -14.472815
v 6.975501 10.406828 -14.861706
v 6.684239 10.325669 -14.487782
v 6.951580 10.413376 -14.876674
v 6.659131 10.328682 -14.504363
v 6.926471 10.416389 -14.893254
v 6.635390 10.328128 -14.520808
v 6.902731 10.415834 -14.909699
v 6.613470 10.324172 -14.536770
v 6.880810 10.411879 -14.925661
v 6.593464 10.316794 -14.552187
v 6.860805 10.404501 -14.941078
v 6.575468 10.305979 -14.566997
v 6.842809 10.393685 -14.955888
v 6.559579 10.291707 -14.581139
v 6.826920 10.379414 -14.970030
v 6.545892 10.273960 -14.594550
v 6.813232 10.361667 -14.983441
v 6.534503 10.252721 -14.607169
v 6.801844 10.340427 -14.996060
v 6.525508 10.227971 -14.618935
v 6.792848 10.315678 -15.007826
v 6.519002 10.199693 -14.629785
v 6.786343 10.287399 -15.018676
v 6.515082 10.167868 -14.639657
v 6.782422 10.255574 -15.028548
v 6.513843 10.132478 -14.648490
v 6.781183 10.220184 -15.037382
v 6.515381 10.093505 -14.656222
v 6.782721 10.181211 -15.045115
v 6.776863 10.081385 -14.479202
v 7.044203 10.169091 -14.868093
v 6.774852 10.060572 -14.485278
v 7.042192 10.148278 -14.874170
v 6.771442 10.041588 -14.491903
v 7.038783 10.129294 -14.880795
v 6.766640 10.024443 -14.499072
v 7.033980 10.112149 -14.887963
v 6.760448 10.009148 -14.506778
v 7.027789 10.096854 -14.895669
v 6.752874 9.995711 -14.515015
v 7.020215 10.083418 -14.903907
v 6.743921 9.984143 -14.523778
v 7.011261 10.071850 -14.912670
v 6.733595 9.974456 -14.533062
v 7.000935 10.062162 -14.921953
v 6.721900 9.966657 -14.542860
v 6.989241 10.054363 -14.931752
v 6.708842 9.960756 -14.553167
v 6.976182 10.048463 -14.942060
v 6.694426 9.956765 -14.563978
v 6.961766 10.044472 -14.952869
v 6.678656 9.954693 -14.575287
v 6.945996 10.042399 -14.964178
v 6.661537 9.954550 -14.587087
v 6.928878 10.042256 -14.975978
v 6.650387 9.955471 -14.594544
v 6.917727 10.043178 -14.983436
v 6.639270 9.957187 -14.601799
v 6.906611 10.044893 -14.990690
v 6.628178 9.959676 -14.608864
v 6.895518 10.047382 -14.997755
v 6.617099 9.962919 -14.615747
v 6.884439 10.050626 -15.004640
v 6.606025 9.966897 -14.622464
v 6.873365 10.054604 -15.011355
v 6.594944 9.971589 -14.629023
v 6.862285 10.059296 -15.017914
v 6.583848 9.976975 -14.635436
v 6.851188 10.064682 -15.024328
v 6.572725 9.983035 -14.641716
v 6.840066 10.070742 -15.030607
v 6.561566 9.989750 -14.647872
v 6.828907 10.077456 -15.036764
v 6.550362 9.997100 -14.653917
v 6.817702 10.084806 -15.042809
v 6.539101 10.005063 -14.659863
v 6.806442 10.092770 -15.048754
v 6.527775 10.013622 -14.665718
v 6.795115 10.101329 -15.054610
v 6.533905 9.929134 -14.680558
v 6.801246 10.016841 -15.069450
v 6.584054 10.164214 -14.593066
v 6.851395 10.251921 -14.981958
v 6.585401 10.179195 -14.588762
v 6.852741 10.266902 -14.977654
v 6.588003 10.192976 -14.583865
v 6.855344 10.280683 -14.972756
v 6.591831 10.205496 -14.578410
v 6.859172 10.293202 -14.967301
v 6.596854 10.216697 -14.572431
v 6.864195 10.304403 -14.961322
v 6.603043 10.226517 -14.565962
v 6.870383 10.314223 -14.954853
v 6.610367 10.234898 -14.559037
v 6.877707 10.322604 -14.947928
v 6.618795 10.241779 -14.551690
v 6.886136 10.329486 -14.940582
v 6.628300 10.247101 -14.543957
v 6.895640 10.334807 -14.932848
v 6.638849 10.250804 -14.535870
v 6.906190 10.338511 -14.924761
v 6.650414 10.252828 -14.527462
v 6.917755 10.340534 -14.916354
v 6.662965 10.253113 -14.518770
v 6.930305 10.340819 -14.907662
v 6.676624 10.251669 -14.509706
v 6.943965 10.339375 -14.898598
v 6.689464 10.248662 -14.501557
v 6.956805 10.336369 -14.890450
v 6.701476 10.244123 -14.494324
v 6.968816 10.331829 -14.883216
v 6.712651 10.238082 -14.488004
v 6.979992 10.325788 -14.876896
v 6.722982 10.230571 -14.482595
v 6.990323 10.318277 -14.871487
v 6.732462 10.221620 -14.478098
v 6.999803 10.309326 -14.866989
v 6.741082 10.211261 -14.474508
v 7.008422 10.298967 -14.863400
v 6.748834 10.199525 -14.471827
v 7.016174 10.287231 -14.860718
v 6.755710 10.186441 -14.470050
v 7.023050 10.274148 -14.858942
v 6.761702 10.172044 -14.469178
v 7.029042 10.259750 -14.858069
v 6.766802 10.156361 -14.469210
v 7.034142 10.244067 -14.858101
v 6.771002 10.139424 -14.470141
v 7.038342 10.227131 -14.859033
v 6.583992 10.148092 -14.596745
v 6.851333 10.235799 -14.985636
v 6.286317 9.897529 -14.857889
v 6.553657 9.985235 -15.246780
v 6.313025 9.898126 -14.839394
v 6.580366 9.985832 -15.228286
v 6.337651 9.902402 -14.821501
v 6.604992 9.990108 -15.210392
v 6.360107 9.910233 -14.804297
v 6.627447 9.997940 -15.193189
v 6.380303 9.921494 -14.787874
v 6.647644 10.009201 -15.176765
v 6.398152 9.936060 -14.772319
v 6.665493 10.023767 -15.161210
v 6.413566 9.953805 -14.757721
v 6.680906 10.041512 -15.146612
v 6.426455 9.974604 -14.744169
v 6.693795 10.062310 -15.133061
v 6.436732 9.998332 -14.731753
v 6.704073 10.086039 -15.120645
v 6.444309 10.024864 -14.720560
v 6.711650 10.112571 -15.109452
v 6.449097 10.054076 -14.710681
v 6.716437 10.141783 -15.099572
v 6.451008 10.085841 -14.702203
v 6.718349 10.173548 -15.091095
v 6.449954 10.120036 -14.695216
v 6.717295 10.207743 -15.084107
v 6.446117 10.151248 -14.690814
v 6.713458 10.238955 -15.079705
v 6.439356 10.180897 -14.688775
v 6.706697 10.268603 -15.077667
v 6.429842 10.208782 -14.689027
v 6.697183 10.296489 -15.077918
v 6.417747 10.234707 -14.691494
v 6.685088 10.322413 -15.080386
v 6.403244 10.258471 -14.696105
v 6.670585 10.346178 -15.084996
v 6.386503 10.279880 -14.702785
v 6.653844 10.367586 -15.091677
v 6.367697 10.298731 -14.711462
v 6.635037 10.386437 -15.100353
v 6.346997 10.314828 -14.722061
v 6.614338 10.402534 -15.110952
v 6.324576 10.327972 -14.734510
v 6.591917 10.415679 -15.123402
v 6.300606 10.337966 -14.748734
v 6.567946 10.425673 -15.137627
v 6.275257 10.344610 -14.764662
v 6.542598 10.432316 -15.153553
v 6.248703 10.347706 -14.782218
v 6.516044 10.435412 -15.171109
v 6.242534 10.347888 -14.786418
v 6.509875 10.435595 -15.175309
v 6.236421 10.347854 -14.790627
v 6.503762 10.435560 -15.179520
v 6.230336 10.347593 -14.794869
v 6.497677 10.435300 -15.183762
v 6.224251 10.347098 -14.799165
v 6.491591 10.434805 -15.188056
v 6.218137 10.346360 -14.803534
v 6.485477 10.434067 -15.192426
v 6.211967 10.345369 -14.807999
v 6.479308 10.433076 -15.196890
v 6.205714 10.344118 -14.812580
v 6.473054 10.431825 -15.201471
v 6.199348 10.342596 -14.817299
v 6.466688 10.430303 -15.206191
v 6.192842 10.340795 -14.822178
v 6.460183 10.428501 -15.211069
v 6.186168 10.338705 -14.827237
v 6.453508 10.426412 -15.216129
v 6.179297 10.336319 -14.832499
v 6.446638 10.424026 -15.221390
v 6.172204 10.333628 -14.837982
v 6.439544 10.421334 -15.226873
v 6.154953 10.571372 -14.796223
v 6.422293 10.659079 -15.185114
v 6.081307 10.574785 -14.846080
v 6.348648 10.662493 -15.234971
v 6.129924 9.904778 -14.963765
v 6.397264 9.992484 -15.352656
v 6.183723 10.258539 -14.846997
v 6.451064 10.346246 -15.235888
v 6.189431 10.260792 -14.842566
v 6.456772 10.348498 -15.231457
v 6.194998 10.262778 -14.838291
v 6.462338 10.350485 -15.227182
v 6.200463 10.264505 -14.834145
v 6.467804 10.352212 -15.223036
v 6.205867 10.265976 -14.830098
v 6.473207 10.353683 -15.218989
v 6.211248 10.267197 -14.826123
v 6.478589 10.354903 -15.215014
v 6.216648 10.268171 -14.822191
v 6.483989 10.355878 -15.211082
v 6.222105 10.268906 -14.818274
v 6.489446 10.356612 -15.207166
v 6.227659 10.269403 -14.814343
v 6.495000 10.357110 -15.203236
v 6.233351 10.269671 -14.810370
v 6.500691 10.357378 -15.199263
v 6.239219 10.269713 -14.806328
v 6.506559 10.357420 -15.195219
v 6.245304 10.269534 -14.802185
v 6.512644 10.357241 -15.191076
v 6.262688 10.267481 -14.790697
v 6.530029 10.355187 -15.179588
v 6.279198 10.263041 -14.780349
v 6.546538 10.350747 -15.169241
v 6.294739 10.256320 -14.771181
v 6.562079 10.344027 -15.160072
v 6.309218 10.247425 -14.763234
v 6.576559 10.335132 -15.152125
v 6.322541 10.236462 -14.756547
v 6.589882 10.324168 -15.145439
v 6.334616 10.223537 -14.751162
v 6.601956 10.311244 -15.140054
v 6.345346 10.208758 -14.747118
v 6.612687 10.296465 -15.136009
v 6.354641 10.192230 -14.744456
v 6.621982 10.279937 -15.133348
v 6.362405 10.174059 -14.743217
v 6.629745 10.261765 -15.132109
v 6.368546 10.154352 -14.743441
v 6.635886 10.242059 -15.132332
v 6.372969 10.133215 -14.745167
v 6.640309 10.220922 -15.134058
v 6.375581 10.110754 -14.748437
v 6.642921 10.198462 -15.137328
v 6.376442 10.090606 -14.752389
v 6.643783 10.178312 -15.141280
v 6.375957 10.071518 -14.757027
v 6.643298 10.159225 -15.145918
v 6.374017 10.053640 -14.762393
v 6.641357 10.141347 -15.151284
v 6.370508 10.037121 -14.768530
v 6.637849 10.124827 -15.157422
v 6.365321 10.022107 -14.775482
v 6.632662 10.109814 -15.164373
v 6.358345 10.008746 -14.783291
v 6.625685 10.096453 -15.172182
v 6.349468 9.997188 -14.792000
v 6.616809 10.084894 -15.180892
v 6.338580 9.987578 -14.801652
v 6.605921 10.075285 -15.190544
v 6.325570 9.980066 -14.812290
v 6.592910 10.067773 -15.201181
v 6.310326 9.974799 -14.823957
v 6.577667 10.062506 -15.212849
v 6.292738 9.971926 -14.836696
v 6.560079 10.059632 -15.225587
v 6.272696 9.971594 -14.850549
v 6.540036 10.059300 -15.239441
v 6.198223 9.975045 -14.900967
v 6.465563 10.062752 -15.289858
v 6.177835 10.256017 -14.851614
v 6.445176 10.343723 -15.240506
v 6.027317 9.909534 -15.033229
v 6.294658 9.997240 -15.422121
v 5.995310 10.350638 -14.955750
v 6.262650 10.438345 -15.344642
v 5.921664 10.354052 -15.005607
v 6.189005 10.441759 -15.394499
v 5.953671 9.912947 -15.083086
v 6.221012 10.000654 -15.471977
v 5.958026 10.434112 -14.962555
v 6.225367 10.521818 -15.351446
v 5.963601 10.435246 -14.958467
v 6.230942 10.522953 -15.347358
v 5.968833 10.437247 -14.954418
v 6.236174 10.524954 -15.343309
v 5.973672 10.440052 -14.950459
v 6.241013 10.527759 -15.339351
v 5.978067 10.443597 -14.946638
v 6.245408 10.531303 -15.335529
v 5.981970 10.447822 -14.943003
v 6.249310 10.535528 -15.331894
v 5.985329 10.452663 -14.939602
v 6.252669 10.540370 -15.328493
v 5.988095 10.458059 -14.936483
v 6.255436 10.545765 -15.325375
v 5.990219 10.463946 -14.933695
v 6.257560 10.551653 -15.322587
v 5.991651 10.470264 -14.931287
v 6.258991 10.557971 -15.320178
v 5.992339 10.476950 -14.929305
v 6.259680 10.564656 -15.318197
v 5.992235 10.483940 -14.927800
v 6.259575 10.571647 -15.316691
v 5.991322 10.490969 -14.926843
v 6.258662 10.578675 -15.315735
v 5.989655 10.497763 -14.926456
v 6.256996 10.585469 -15.315348
v 5.987294 10.504256 -14.926615
v 6.254635 10.591963 -15.315506
v 5.984299 10.510382 -14.927292
v 6.251639 10.598088 -15.316184
v 5.980728 10.516071 -14.928464
v 6.248069 10.603778 -15.317355
v 5.976641 10.521257 -14.930104
v 6.243982 10.608964 -15.318995
v 5.972097 10.525873 -14.932186
v 6.239438 10.613580 -15.321078
v 5.967156 10.529852 -14.934686
v 6.234497 10.617558 -15.323578
v 5.961876 10.533125 -14.937577
v 6.229217 10.620831 -15.326468
v 5.956318 10.535626 -14.940835
v 6.223659 10.623333 -15.329726
v 5.950540 10.537287 -14.944432
v 6.217880 10.624993 -15.333323
v 5.944601 10.538041 -14.948345
v 6.211941 10.625748 -15.337236
v 5.938731 10.537834 -14.952426
v 6.206072 10.625541 -15.341317
v 5.933156 10.536699 -14.956514
v 6.200497 10.624406 -15.345407
v 5.927924 10.534698 -14.960563
v 6.195265 10.622405 -15.349454
v 5.923085 10.531895 -14.964521
v 6.190426 10.619601 -15.353413
v 5.918690 10.528349 -14.968343
v 6.186030 10.616055 -15.357234
v 5.914787 10.524124 -14.971978
v 6.182128 10.611831 -15.360869
v 5.911428 10.519283 -14.975380
v 6.178769 10.606990 -15.364271
v 5.908662 10.513887 -14.978498
v 6.176003 10.601594 -15.367390
v 5.906538 10.507999 -14.981286
v 6.173879 10.595706 -15.370177
v 5.905107 10.501682 -14.983694
v 6.172447 10.589389 -15.372586
v 5.904418 10.494997 -14.985676
v 6.171759 10.582703 -15.374567
v 5.904522 10.488006 -14.987181
v 6.171863 10.575712 -15.376072
v 5.905436 10.480978 -14.988138
v 6.172776 10.568685 -15.377029
v 5.907103 10.474183 -14.988524
v 6.174443 10.561890 -15.377416
v 5.909463 10.467690 -14.988366
v 6.176804 10.555396 -15.377257
v 5.912458 10.461565 -14.987688
v 6.179799 10.549272 -15.376580
v 5.916029 10.455875 -14.986517
v 6.183370 10.543582 -15.375408
v 5.920116 10.450689 -14.984877
v 6.187457 10.538395 -15.373769
v 5.924660 10.446073 -14.982795
v 6.192000 10.533779 -15.371686
v 5.929602 10.442095 -14.980295
v 6.196942 10.529801 -15.369186
v 5.934881 10.438821 -14.977404
v 6.202222 10.526527 -15.366295
v 5.940440 10.436320 -14.974146
v 6.207780 10.524027 -15.363038
v 5.946218 10.434659 -14.970549
v 6.213559 10.522366 -15.359440
v 5.952157 10.433905 -14.966636
v 6.219498 10.521611 -15.355528
v 5.612189 10.368397 -15.215118
v 5.879529 10.456103 -15.604010
v 5.617892 10.289804 -15.228924
v 5.885232 10.377510 -15.617815
v 5.735394 10.284357 -15.149376
v 6.002734 10.372064 -15.538268
v 5.751789 10.058401 -15.189065
v 6.019130 10.146108 -15.577956
v 5.752047 10.046178 -15.191645
v 6.019387 10.133884 -15.580536
v 5.751031 10.035486 -15.194754
v 6.018372 10.123193 -15.583645
v 5.748891 10.026240 -15.198311
v 6.016232 10.113947 -15.587202
v 5.745776 10.018354 -15.202230
v 6.013116 10.106062 -15.591122
v 5.741835 10.011745 -15.206429
v 6.009175 10.099452 -15.595322
v 5.737218 10.006327 -15.210826
v 6.004559 10.094033 -15.599717
v 5.732074 10.002013 -15.215335
v 5.999414 10.089720 -15.604226
v 5.726553 9.998721 -15.219872
v 5.993894 10.086428 -15.608765
v 5.720803 9.996364 -15.224358
v 5.988143 10.084070 -15.613249
v 5.714974 9.994856 -15.228704
v 5.982315 10.082562 -15.617596
v 5.709216 9.994114 -15.232830
v 5.976557 10.081820 -15.621721
v 5.703678 9.994051 -15.236651
v 5.971018 10.081758 -15.625543
v 5.697023 9.994584 -15.241105
v 5.964364 10.082291 -15.629997
v 5.690296 9.995569 -15.245508
v 5.957637 10.083276 -15.634399
v 5.683490 9.997006 -15.249863
v 5.950831 10.084713 -15.638754
v 5.676600 9.998897 -15.254173
v 5.943940 10.086603 -15.643064
v 5.669620 10.001240 -15.258443
v 5.936960 10.088946 -15.647335
v 5.662543 10.004036 -15.262677
v 5.929884 10.091743 -15.651568
v 5.655365 10.007285 -15.266878
v 5.922706 10.094992 -15.655770
v 5.648080 10.010988 -15.271051
v 5.915421 10.098695 -15.659943
v 5.640681 10.015146 -15.275200
v 5.908022 10.102853 -15.664091
v 5.633164 10.019757 -15.279327
v 5.900505 10.107464 -15.668219
v 5.625523 10.024824 -15.283438
v 5.892863 10.112531 -15.672330
v 5.617750 10.030345 -15.287536
v 5.885091 10.118052 -15.676428
v 5.623667 9.948804 -15.301859
v 5.891007 10.036510 -15.690750
v 5.630652 9.944406 -15.298048
v 5.897993 10.032112 -15.686940
v 5.638106 9.940180 -15.293878
v 5.905447 10.027886 -15.682769
v 5.645924 9.936161 -15.289410
v 5.913264 10.023868 -15.678302
v 5.653997 9.932385 -15.284711
v 5.921338 10.020092 -15.673602
v 5.662223 9.928888 -15.279845
v 5.929564 10.016595 -15.668736
v 5.670495 9.925705 -15.274877
v 5.937836 10.013412 -15.663768
v 5.678707 9.922872 -15.269871
v 5.946048 10.010578 -15.658762
v 5.686753 9.920424 -15.264891
v 5.954094 10.008130 -15.653782
v 5.694529 9.918395 -15.260003
v 5.961870 10.006102 -15.648894
v 5.701928 9.916823 -15.255271
v 5.969269 10.004530 -15.644163
v 5.708845 9.915743 -15.250760
v 5.976185 10.003449 -15.639651
v 5.715173 9.915190 -15.246534
v 5.982513 10.002896 -15.635426
v 5.734324 9.915504 -15.233298
v 6.001664 10.003210 -15.622190
v 5.751648 9.918218 -15.220778
v 6.018989 10.005924 -15.609669
v 5.767153 9.923199 -15.208995
v 6.034493 10.010905 -15.597886
v 5.780845 9.930314 -15.197978
v 6.048185 10.018021 -15.586869
v 5.792731 9.939430 -15.187751
v 6.060072 10.027137 -15.576642
v 5.802818 9.950414 -15.178340
v 6.070158 10.038120 -15.567231
v 5.811112 9.963134 -15.169769
v 6.078453 10.050840 -15.558661
v 5.817620 9.977456 -15.162065
v 6.084961 10.065163 -15.550957
v 5.822351 9.993248 -15.155252
v 6.089691 10.080955 -15.544144
v 5.825308 10.010376 -15.149356
v 6.092648 10.098083 -15.538247
v 5.826500 10.028708 -15.144403
v 6.093840 10.116414 -15.533294
v 5.825933 10.048111 -15.140416
v 6.093274 10.135818 -15.529307
v 5.809038 10.280943 -15.099519
v 6.076379 10.368649 -15.488411
v 5.873581 10.277952 -15.055824
v 6.140922 10.365659 -15.444715
v 5.872869 10.287776 -15.054098
v 6.140209 10.375483 -15.442990
v 5.723061 10.454315 -15.119523
v 5.990401 10.542022 -15.508415
v 5.729691 10.362950 -15.135571
v 5.997031 10.450657 -15.524463
vn 0.5570 0.1827 -0.8102
vn 0.5569 0.1827 -0.8102
vn -0.5570 -0.1827 0.8102
vn 0.4568 -0.8821 0.1151
vn 0.4326 -0.8965 0.0952
vn 0.4056 -0.9111 0.0734
vn 0.3758 -0.9254 0.0496
vn 0.3431 -0.9390 0.0241
vn 0.3079 -0.9514 -0.0029
vn 0.2705 -0.9622 -0.0310
vn 0.2315 -0.9710 -0.0599
vn 0.1913 -0.9775 -0.0889
vn 0.1508 -0.9815 -0.1177
vn 0.1106 -0.9831 -0.1457
vn 0.0564 -0.9816 -0.1826
vn -0.0287 -0.9707 -0.2387
vn -0.1309 -0.9440 -0.3029
vn -0.2334 -0.9018 -0.3638
vn -0.3341 -0.8438 -0.4200
vn -0.4308 -0.7704 -0.4699
vn -0.5213 -0.6825 -0.5123
vn -0.6035 -0.5812 -0.5459
vn -0.6751 -0.4685 -0.5698
vn -0.7345 -0.3470 -0.5832
vn -0.7801 -0.2197 -0.5858
vn -0.8111 -0.0902 -0.5779
vn -0.8274 0.0369 -0.5605
vn -0.8299 0.1615 -0.5341
vn -0.8183 0.2873 -0.4978
vn -0.7915 0.4125 -0.4511
vn -0.7487 0.5328 -0.3945
vn -0.6906 0.6438 -0.3296
vn -0.6191 0.7417 -0.2583
vn -0.5367 0.8236 -0.1832
vn -0.4468 0.8882 -0.1069
vn -0.3527 0.9352 -0.0315
vn -0.2572 0.9655 0.0409
vn -0.1630 0.9806 0.1091
vn -0.0819 0.9828 0.1654
vn -0.0241 0.9786 0.2041
vn 0.0215 0.9720 0.2340
vn 0.0653 0.9628 0.2620
vn 0.1073 0.9515 0.2884
vn 0.1476 0.9382 0.3131
vn 0.1864 0.9231 0.3363
vn 0.2236 0.9065 0.3581
vn 0.2594 0.8884 0.3787
vn 0.2940 0.8690 0.3981
vn 0.3273 0.8482 0.4163
vn 0.3596 0.8263 0.4336
vn -0.4647 0.8770 -0.1217
vn -0.6674 -0.4821 -0.5676
vn -0.2978 -0.8667 -0.4002
vn -0.2726 -0.8812 -0.3862
vn -0.2441 -0.8964 -0.3700
vn -0.2127 -0.9116 -0.3518
vn -0.1789 -0.9262 -0.3319
vn -0.1433 -0.9397 -0.3105
vn -0.1067 -0.9517 -0.2880
vn -0.0696 -0.9618 -0.2647
vn -0.0328 -0.9699 -0.2413
vn 0.0033 -0.9760 -0.2179
vn 0.0380 -0.9801 -0.1949
vn 0.0899 -0.9830 -0.1599
vn 0.1807 -0.9788 -0.0965
vn 0.2924 -0.9562 -0.0147
vn 0.4012 -0.9133 0.0698
vn 0.5018 -0.8513 0.1530
vn 0.5901 -0.7736 0.2312
vn 0.6637 -0.6843 0.3019
vn 0.7225 -0.5877 0.3641
vn 0.7673 -0.4866 0.4177
vn 0.7995 -0.3821 0.4634
vn 0.8203 -0.2739 0.5021
vn 0.8299 -0.1600 0.5344
vn 0.8275 -0.0387 0.5601
vn 0.8116 0.0876 0.5777
vn 0.7813 0.2155 0.5857
vn 0.7365 0.3422 0.5835
vn 0.6776 0.4641 0.5705
vn 0.6059 0.5778 0.5468
vn 0.5231 0.6805 0.5131
vn 0.4316 0.7697 0.4703
vn 0.3338 0.8440 0.4198
vn 0.2323 0.9023 0.3632
vn 0.1295 0.9445 0.3020
vn 0.0277 0.9709 0.2380
vn -0.0554 0.9815 0.1833
vn -0.1050 0.9832 0.1496
vn -0.1385 0.9823 0.1263
vn -0.1714 0.9798 0.1031
vn -0.2032 0.9758 0.0804
vn -0.2334 0.9706 0.0584
vn -0.2617 0.9644 0.0376
vn -0.2879 0.9575 0.0180
vn -0.3118 0.9501 -0.0001
vn -0.3335 0.9426 -0.0167
vn -0.3529 0.9351 -0.0317
vn -0.3702 0.9278 -0.0453
vn -0.7265 0.5799 -0.3686
vn -0.3560 -0.8288 -0.4317
vn -0.6355 0.7218 -0.2741
vn 0.3467 0.8353 0.4267
vn 0.6634 0.4890 0.5663
vn 0.6392 0.5286 0.5586
vn 0.6097 0.5725 0.5482
vn 0.5736 0.6208 0.5344
vn 0.5296 0.6733 0.5159
vn 0.4760 0.7292 0.4917
vn 0.4112 0.7869 0.4602
vn 0.3342 0.8437 0.4200
vn 0.2449 0.8960 0.3704
vn 0.1450 0.9391 0.3115
vn 0.0380 0.9689 0.2447
vn -0.0604 0.9818 0.1799
vn -0.1367 0.9824 0.1276
vn -0.2014 0.9761 0.0817
vn -0.2640 0.9638 0.0359
vn -0.3232 0.9463 -0.0087
vn -0.3778 0.9245 -0.0512
vn -0.4273 0.8995 -0.0909
vn -0.4714 0.8727 -0.1273
vn -0.5103 0.8449 -0.1602
vn -0.5441 0.8173 -0.1897
vn -0.5734 0.7903 -0.2159
vn -0.5985 0.7646 -0.2390
vn -0.8292 0.1769 -0.5302
vn -0.0453 -0.9674 -0.2493
vn 0.5980 -0.7651 0.2386
vn 0.5703 -0.7933 0.2132
vn 0.5420 -0.8191 0.1879
vn 0.5127 -0.8431 0.1623
vn 0.4815 -0.8659 0.1357
vn 0.4477 -0.8877 0.1075
vn 0.4099 -0.9089 0.0768
vn 0.3665 -0.9294 0.0424
vn 0.3150 -0.9491 0.0025
vn 0.2518 -0.9667 -0.0449
vn 0.1716 -0.9798 -0.1030
vn 0.0645 -0.9821 -0.1771
vn -0.0663 -0.9626 -0.2627
vn -0.1998 -0.9174 -0.3443
vn -0.3231 -0.8510 -0.4140
vn -0.4322 -0.7692 -0.4706
vn -0.5261 -0.6772 -0.5144
vn -0.6049 -0.5791 -0.5465
vn -0.6699 -0.4778 -0.5683
vn -0.7223 -0.3749 -0.5811
vn -0.7635 -0.2713 -0.5861
vn -0.7944 -0.1676 -0.5839
vn -0.8155 -0.0642 -0.5751
vn -0.8254 0.0129 -0.5645
vn -0.5347 -0.6676 -0.5181
vn 0.6355 -0.7218 0.2741
vn 0.5347 0.6676 0.5181
vn -0.3722 -0.8171 -0.4402
vn -0.3406 -0.8394 -0.4235
vn -0.3043 -0.8628 -0.4038
vn -0.2639 -0.8860 -0.3813
vn -0.2203 -0.9081 -0.3562
vn -0.1746 -0.9279 -0.3293
vn -0.1284 -0.9448 -0.3013
vn -0.0829 -0.9584 -0.2731
vn -0.0394 -0.9686 -0.2455
vn 0.0011 -0.9757 -0.2193
vn 0.0379 -0.9801 -0.1950
vn 0.0919 -0.9831 -0.1585
vn 0.1874 -0.9780 -0.0917
vn 0.3043 -0.9525 -0.0056
vn 0.4167 -0.9053 0.0823
vn 0.5191 -0.8381 0.1678
vn 0.6074 -0.7549 0.2473
vn 0.6799 -0.6605 0.3185
vn 0.7365 -0.5595 0.3801
vn 0.7783 -0.4555 0.4323
vn 0.8068 -0.3505 0.4756
vn 0.8238 -0.2458 0.5109
vn 0.8304 -0.1418 0.5389
vn 0.8274 -0.0380 0.5603
vn 0.8148 0.0690 0.5757
vn 0.7908 0.1814 0.5846
vn 0.7541 0.2976 0.5855
vn 0.7034 0.4149 0.5771
vn 0.6382 0.5301 0.5583
vn 0.5588 0.6392 0.5283
vn 0.4668 0.7380 0.4873
vn 0.3646 0.8227 0.4362
vn 0.2560 0.8903 0.3767
vn 0.1447 0.9392 0.3113
vn 0.0347 0.9695 0.2425
vn -0.0696 0.9823 0.1737
vn -0.1718 0.9797 0.1028
vn -0.2795 0.9598 0.0243
vn -0.3914 0.9181 -0.0620
vn -0.5009 0.8520 -0.1522
vn -0.6002 0.7628 -0.2406
vn -0.6829 0.6560 -0.3215
vn -0.7454 0.5401 -0.3906
vn -0.7883 0.4234 -0.4464
vn -0.8142 0.3124 -0.4893
vn -0.8271 0.2107 -0.5211
vn -0.8305 0.1198 -0.5439
vn -0.5471 -0.6532 -0.5234
vn -0.5947 -0.5932 -0.5426
vn -0.8203 0.2736 -0.5022
vn -0.8038 0.3640 -0.4705
vn -0.7762 0.4617 -0.4294
vn -0.7347 0.5633 -0.3780
vn -0.6776 0.6640 -0.3161
vn -0.6051 0.7574 -0.2452
vn -0.5198 0.8375 -0.1684
vn -0.4263 0.9001 -0.0901
vn -0.3305 0.9437 -0.0144
vn -0.2374 0.9698 0.0555
vn -0.1508 0.9815 0.1177
vn -0.0776 0.9827 0.1683
vn -0.0205 0.9782 0.2065
vn 0.0295 0.9705 0.2392
vn 0.0781 0.9596 0.2701
vn 0.1246 0.9461 0.2991
vn 0.1687 0.9303 0.3258
vn 0.2098 0.9129 0.3501
vn 0.2479 0.8944 0.3722
vn 0.2829 0.8754 0.3919
vn 0.3148 0.8563 0.4095
vn 0.3437 0.8374 0.4251
vn 0.3696 0.8190 0.4388
vn -0.4617 0.8790 -0.1192
vn -0.6919 -0.4375 -0.5743
vn 0.8293 -0.1752 0.5306
vn 0.8202 -0.2747 0.5019
vn 0.8001 -0.3799 0.4643
vn 0.7666 -0.4884 0.4169
vn 0.7178 -0.5966 0.3589
vn 0.6528 -0.6994 0.2910
vn 0.5722 -0.7914 0.2149
vn 0.4790 -0.8676 0.1336
vn 0.3775 -0.9246 0.0509
vn 0.2728 -0.9616 -0.0293
vn 0.1699 -0.9799 -0.1042
vn 0.0745 -0.9826 -0.1704
vn -0.0158 -0.9730 -0.2303
vn -0.1107 -0.9505 -0.2905
vn -0.2121 -0.9118 -0.3515
vn -0.3162 -0.8554 -0.4103
vn -0.4178 -0.7814 -0.4635
vn -0.5117 -0.6929 -0.5080
vn -0.5936 -0.5948 -0.5422
vn -0.6612 -0.4927 -0.5657
vn -0.7145 -0.3919 -0.5796
vn -0.7546 -0.2961 -0.5855
vn -0.7837 -0.2075 -0.5855
vn -0.6875 0.6487 -0.3263
vn 0.5629 0.6342 0.5300
vn 0.0951 -0.9831 -0.1563
vn 0.1693 -0.9800 -0.1046
vn 0.2718 -0.9619 -0.0301
vn 0.3763 -0.9251 0.0500
vn 0.4784 -0.8680 0.1331
vn 0.5730 -0.7907 0.2156
vn 0.6553 -0.6961 0.2935
vn 0.7220 -0.5888 0.3635
vn 0.7717 -0.4745 0.4235
vn 0.8050 -0.3588 0.4725
vn 0.8238 -0.2459 0.5108
vn 0.8304 -0.1389 0.5395
vn 0.8271 -0.0332 0.5611
vn 0.8126 0.0817 0.5771
vn 0.7844 0.2048 0.5854
vn 0.7421 0.3285 0.5843
vn 0.6857 0.4493 0.5727
vn 0.6157 0.5638 0.5504
vn 0.5337 0.6687 0.5177
vn 0.4417 0.7609 0.4753
vn 0.3424 0.8382 0.4244
vn 0.2387 0.8991 0.3668
vn 0.1334 0.9431 0.3044
vn 0.0294 0.9705 0.2391
vn -0.0525 0.9813 0.1852
vn -0.0952 0.9831 0.1563
vn -0.1201 0.9830 0.1391
vn -0.1458 0.9819 0.1212
vn -0.1719 0.9797 0.1028
vn -0.1979 0.9766 0.0842
vn -0.2233 0.9725 0.0658
vn -0.2478 0.9676 0.0479
vn -0.2710 0.9621 0.0307
vn -0.2927 0.9561 0.0144
vn -0.3129 0.9498 -0.0009
vn -0.3312 0.9434 -0.0149
vn 0.4210 0.7788 0.4650
vn 0.3569 -0.9335 0.0348
vn 0.3380 -0.9409 0.0201
vn 0.3163 -0.9486 0.0035
vn 0.2922 -0.9562 -0.0148
vn 0.2659 -0.9634 -0.0345
vn 0.2378 -0.9697 -0.0552
vn 0.2087 -0.9750 -0.0764
vn 0.1792 -0.9790 -0.0976
vn 0.1501 -0.9816 -0.1182
vn 0.1221 -0.9829 -0.1377
vn 0.0958 -0.9831 -0.1559
vn 0.0520 -0.9813 -0.1856
vn -0.0324 -0.9700 -0.2410
vn -0.1409 -0.9406 -0.3090
vn -0.2519 -0.8924 -0.3744
vn -0.3613 -0.8251 -0.4344
vn -0.4648 -0.7399 -0.4864
vn -0.5583 -0.6399 -0.5281
vn -0.6388 -0.5292 -0.5585
vn -0.7046 -0.4125 -0.5774
vn -0.7553 -0.2944 -0.5856
vn -0.7916 -0.1783 -0.5844
vn -0.8151 -0.0671 -0.5754
vn -0.8269 0.0302 -0.5616
vn -0.8305 0.1124 -0.5456
vn -0.8281 0.1975 -0.5247
vn -0.8170 0.2962 -0.4948
vn -0.7927 0.4079 -0.4530
vn -0.7504 0.5289 -0.3965
vn -0.6858 0.6514 -0.3245
vn -0.5986 0.7645 -0.2391
vn -0.4936 0.8573 -0.1460
vn -0.3800 0.9235 -0.0529
vn -0.2676 0.9629 0.0332
vn -0.1640 0.9805 0.1084
vn -0.0931 0.9831 0.1577
vn 0.7230 -0.5867 0.3647
vn 0.1832 -0.9785 -0.0947
vn 0.2904 -0.9568 -0.0162
vn 0.3902 -0.9187 0.0610
vn 0.4814 -0.8659 0.1356
vn 0.5633 -0.7999 0.2068
vn 0.6977 -0.6322 0.3370
vn 0.7491 -0.5317 0.3951
vn 0.7891 -0.4207 0.4476
vn 0.8163 -0.3001 0.4935
vn 0.8295 -0.1717 0.5315
vn 0.8275 -0.0384 0.5602
vn 0.8101 0.0956 0.5785
vn 0.7781 0.2262 0.5859
vn 0.7332 0.3501 0.5830
vn 0.6768 0.4656 0.5703
vn 0.6103 0.5716 0.5485
vn 0.4506 0.7529 0.4796
vn 0.3586 0.8270 0.4330
vn 0.2590 0.8886 0.3785
vn 0.1530 0.9362 0.3163
vn 0.0420 0.9681 0.2472
vn -0.0713 0.9824 0.1726
vn -0.1832 0.9785 0.0947
vn -0.2904 0.9568 0.0162
vn -0.3902 0.9187 -0.0610
vn -0.4814 0.8659 -0.1357
vn -0.5633 0.7999 -0.2068
vn -0.6977 0.6322 -0.3370
vn -0.7491 0.5317 -0.3951
vn -0.7891 0.4207 -0.4476
vn -0.8163 0.3002 -0.4935
vn -0.8295 0.1717 -0.5315
vn -0.8275 0.0384 -0.5602
vn -0.8101 -0.0957 -0.5785
vn -0.7781 -0.2263 -0.5859
vn -0.7332 -0.3501 -0.5830
vn -0.6768 -0.4656 -0.5703
vn -0.6103 -0.5716 -0.5485
vn -0.4506 -0.7529 -0.4796
vn -0.3586 -0.8270 -0.4330
vn -0.2591 -0.8886 -0.3785
vn -0.1530 -0.9362 -0.3163
vn -0.0420 -0.9681 -0.2472
vn 0.0713 -0.9824 -0.1726
vn -0.8293 0.0683 -0.5547
vn -0.8298 0.1637 -0.5335
vn -0.8166 0.2983 -0.4941
vn -0.7843 0.4366 -0.4407
vn -0.7318 0.5693 -0.3747
vn -0.6615 0.6874 -0.2997
vn -0.5789 0.7849 -0.2210
vn -0.4903 0.8597 -0.1432
vn -0.4010 0.9134 -0.0697
vn -0.3143 0.9493 -0.0019
vn -0.2311 0.9711 0.0601
vn -0.1509 0.9815 0.1176
vn -0.0795 0.9827 0.1670
vn -0.0242 0.9787 0.2041
vn 0.0221 0.9719 0.2344
vn 0.0671 0.9624 0.2632
vn 0.1103 0.9506 0.2902
vn 0.1514 0.9368 0.3153
vn 0.1902 0.9215 0.3386
vn 0.2264 0.9051 0.3598
vn 0.2602 0.8880 0.3791
vn 0.2914 0.8705 0.3966
vn 0.3201 0.8529 0.4124
vn 0.3464 0.8355 0.4265
vn -0.4723 0.8721 -0.1280
vn -0.6693 -0.4788 -0.5681
vn -0.2974 -0.8669 -0.4000
vn -0.2634 -0.8863 -0.3810
vn -0.2329 -0.9020 -0.3636
vn -0.2047 -0.9152 -0.3471
vn -0.1778 -0.9267 -0.3312
vn -0.1511 -0.9369 -0.3152
vn -0.1238 -0.9463 -0.2985
vn -0.0948 -0.9551 -0.2806
vn -0.0628 -0.9634 -0.2605
vn -0.0260 -0.9712 -0.2369
vn 0.0182 -0.9779 -0.2081
vn 0.0787 -0.9827 -0.1675
vn 0.1618 -0.9807 -0.1100
vn 0.2586 -0.9652 -0.0399
vn 0.3599 -0.9323 0.0371
vn 0.4614 -0.8792 0.1189
vn 0.5578 -0.8051 0.2019
vn 0.6433 -0.7119 0.2817
vn 0.7137 -0.6042 0.3544
vn 0.7668 -0.4879 0.4171
vn 0.8026 -0.3693 0.4685
vn 0.8229 -0.2531 0.5086
vn 0.8304 -0.1425 0.5387
vn 0.8290 -0.0636 0.5556
vn 0.7349 0.3461 0.5832
vn -0.3870 0.9202 -0.0585
vt 0.964912 0.000000
vt 1.000000 0.000000
vt 0.982456 0.000000
vt 0.000000 0.000000
vt 0.017544 0.000000
vt 0.947368 0.000000
vt 0.929825 0.000000
vt 0.912281 0.000000
vt 0.035088 0.000000
vt 0.052632 0.000000
vt 0.070175 0.000000
vt 0.894737 0.000000
vt 0.087719 0.000000
vt 0.105263 0.000000
vt 0.877193 0.000000
vt 0.122807 0.000000
vt 0.456140 0.000000
vt 0.491228 0.000000
vt 0.473684 0.000000
vt 0.438596 0.000000
vt 0.140351 0.000000
vt 0.421053 0.000000
vt 0.859649 0.000000
vt 0.157895 0.000000
vt 0.403509 0.000000
vt 0.385965 0.000000
vt 0.175439 0.000000
vt 0.368421 0.000000
vt 0.192982 0.000000
vt 0.350877 0.000000
vt 0.210526 0.000000
vt 0.333333 0.000000
vt 0.842105 0.000000
vt 0.315789 0.000000
vt 0.228070 0.000000
vt 0.298246 0.000000
vt 0.245614 0.000000
vt 0.280702 0.000000
vt 0.263158 0.000000
vt 0.824561 0.000000
vt 0.807018 0.000000
vt 0.789474 0.000000
vt 0.508772 0.000000
vt 0.771930 0.000000
vt 0.526316 0.000000
vt 0.543860 0.000000
vt 0.754386 0.000000
vt 0.561404 0.000000
vt 0.578947 0.000000
vt 0.596491 0.000000
vt 0.736842 0.000000
vt 0.614035 0.000000
vt 0.631579 0.000000
vt 0.719298 0.000000
vt 0.649123 0.000000
vt 0.666667 0.000000
vt 0.701754 0.000000
vt 0.684211 0.000000
vt 0.941176 0.000000
vt 0.980392 0.000000
vt 0.960784 0.000000
vt 0.431373 0.000000
vt 0.470588 0.000000
vt 0.450980 0.000000
vt 0.490196 0.000000
vt 0.411765 0.000000
vt 0.509804 0.000000
vt 0.392157 0.000000
vt 0.529412 0.000000
vt 0.372549 0.000000
vt 0.549020 0.000000
vt 0.352941 0.000000
vt 0.568627 0.000000
vt 0.588235 0.000000
vt 0.313726 0.000000
vt 0.607843 0.000000
vt 0.294118 0.000000
vt 0.627451 0.000000
vt 0.274510 0.000000
vt 0.647059 0.000000
vt 0.254902 0.000000
vt 0.235294 0.000000
vt 0.686275 0.000000
vt 0.215686 0.000000
vt 0.196078 0.000000
vt 0.705882 0.000000
vt 0.725490 0.000000
vt 0.176471 0.000000
vt 0.745098 0.000000
vt 0.156863 0.000000
vt 0.764706 0.000000
vt 0.137255 0.000000
vt 0.784314 0.000000
vt 0.117647 0.000000
vt 0.803922 0.000000
vt 0.098039 0.000000
vt 0.823529 0.000000
vt 0.078431 0.000000
vt 0.843137 0.000000
vt 0.058824 0.000000
vt 0.862745 0.000000
vt 0.039216 0.000000
vt 0.882353 0.000000
vt 0.019608 0.000000
vt 0.901961 0.000000
vt 0.921569 0.000000
vt 0.467532 0.000000
vt 0.493506 0.000000
vt 0.480519 0.000000
vt 0.506494 0.000000
vt 0.298701 0.000000
vt 0.324675 0.000000
vt 0.311688 0.000000
vt 0.337662 0.000000
vt 0.350649 0.000000
vt 0.363636 0.000000
vt 0.376623 0.000000
vt 0.285714 0.000000
vt 0.389610 0.000000
vt 0.402597 0.000000
vt 0.415584 0.000000
vt 0.272727 0.000000
vt 0.428571 0.000000
vt 0.441558 0.000000
vt 0.454545 0.000000
vt 0.259740 0.000000
vt 0.545455 0.000000
vt 0.532468 0.000000
vt 0.519481 0.000000
vt 0.246753 0.000000
vt 0.584416 0.000000
vt 0.571429 0.000000
vt 0.558442 0.000000
vt 0.233766 0.000000
vt 0.623377 0.000000
vt 0.610390 0.000000
vt 0.597403 0.000000
vt 0.220779 0.000000
vt 0.662338 0.000000
vt 0.649351 0.000000
vt 0.636364 0.000000
vt 0.675325 0.000000
vt 0.688312 0.000000
vt 0.207792 0.000000
vt 0.701299 0.000000
vt 0.714286 0.000000
vt 0.987013 0.000000
vt 0.727273 0.000000
vt 0.194805 0.000000
vt 0.740260 0.000000
vt 0.753247 0.000000
vt 0.181818 0.000000
vt 0.766234 0.000000
vt 0.779221 0.000000
vt 0.168831 0.000000
vt 0.792208 0.000000
vt 0.155844 0.000000
vt 0.805195 0.000000
vt 0.818182 0.000000
vt 0.142857 0.000000
vt 0.831169 0.000000
vt 0.844156 0.000000
vt 0.129870 0.000000
vt 0.857143 0.000000
vt 0.116883 0.000000
vt 0.870130 0.000000
vt 0.883117 0.000000
vt 0.103896 0.000000
vt 0.896104 0.000000
vt 0.909091 0.000000
vt 0.090909 0.000000
vt 0.922078 0.000000
vt 0.935065 0.000000
vt 0.948052 0.000000
vt 0.077922 0.000000
vt 0.961039 0.000000
vt 0.974026 0.000000
vt 0.064935 0.000000
vt 0.051948 0.000000
vt 0.038961 0.000000
vt 0.025974 0.000000
vt 0.012987 0.000000
vt 0.346939 0.000000
vt 0.367347 0.000000
vt 0.357143 0.000000
vt 0.377551 0.000000
vt 0.336735 0.000000
vt 0.387755 0.000000
vt 0.326531 0.000000
vt 0.397959 0.000000
vt 0.316327 0.000000
vt 0.408163 0.000000
vt 0.306122 0.000000
vt 0.418367 0.000000
vt 0.295918 0.000000
vt 0.867347 0.000000
vt 0.877551 0.000000
vt 0.887755 0.000000
vt 0.846939 0.000000
vt 0.897959 0.000000
vt 0.836735 0.000000
vt 0.438776 0.000000
vt 0.908163 0.000000
vt 0.275510 0.000000
vt 0.826531 0.000000
vt 0.918367 0.000000
vt 0.816327 0.000000
vt 0.928571 0.000000
vt 0.806122 0.000000
vt 0.938776 0.000000
vt 0.795918 0.000000
vt 0.265306 0.000000
vt 0.448980 0.000000
vt 0.948980 0.000000
vt 0.785714 0.000000
vt 0.959184 0.000000
vt 0.775510 0.000000
vt 0.255102 0.000000
vt 0.459184 0.000000
vt 0.969388 0.000000
vt 0.765306 0.000000
vt 0.979592 0.000000
vt 0.755102 0.000000
vt 0.244898 0.000000
vt 0.989796 0.000000
vt 0.469388 0.000000
vt 0.234694 0.000000
vt 0.479592 0.000000
vt 0.224490 0.000000
vt 0.489796 0.000000
vt 0.500000 0.000000
vt 0.214286 0.000000
vt 0.510204 0.000000
vt 0.520408 0.000000
vt 0.204082 0.000000
vt 0.530612 0.000000
vt 0.193878 0.000000
vt 0.540816 0.000000
vt 0.724490 0.000000
vt 0.744898 0.000000
vt 0.734694 0.000000
vt 0.551020 0.000000
vt 0.704082 0.000000
vt 0.183673 0.000000
vt 0.561224 0.000000
vt 0.693878 0.000000
vt 0.683673 0.000000
vt 0.673469 0.000000
vt 0.581633 0.000000
vt 0.663265 0.000000
vt 0.173469 0.000000
vt 0.653061 0.000000
vt 0.591837 0.000000
vt 0.642857 0.000000
vt 0.602041 0.000000
vt 0.632653 0.000000
vt 0.622449 0.000000
vt 0.612245 0.000000
vt 0.163265 0.000000
vt 0.153061 0.000000
vt 0.010204 0.000000
vt 0.020408 0.000000
vt 0.030612 0.000000
vt 0.040816 0.000000
vt 0.132653 0.000000
vt 0.051020 0.000000
vt 0.061224 0.000000
vt 0.122449 0.000000
vt 0.071429 0.000000
vt 0.081633 0.000000
vt 0.091837 0.000000
vt 0.112245 0.000000
vt 0.102041 0.000000
vt 0.222222 0.000000
vt 0.259259 0.000000
vt 0.240741 0.000000
vt 0.277778 0.000000
vt 0.203704 0.000000
vt 0.296296 0.000000
vt 0.185185 0.000000
vt 0.314815 0.000000
vt 0.166667 0.000000
vt 0.351852 0.000000
vt 0.962963 0.000000
vt 0.981481 0.000000
vt 0.148148 0.000000
vt 0.370370 0.000000
vt 0.388889 0.000000
vt 0.129630 0.000000
vt 0.407407 0.000000
vt 0.111111 0.000000
vt 0.425926 0.000000
vt 0.444444 0.000000
vt 0.092593 0.000000
vt 0.462963 0.000000
vt 0.074074 0.000000
vt 0.648148 0.000000
vt 0.629630 0.000000
vt 0.611111 0.000000
vt 0.592593 0.000000
vt 0.574074 0.000000
vt 0.555556 0.000000
vt 0.537037 0.000000
vt 0.518519 0.000000
vt 0.481481 0.000000
vt 0.055556 0.000000
vt 0.685185 0.000000
vt 0.037037 0.000000
vt 0.722222 0.000000
vt 0.703704 0.000000
vt 0.740741 0.000000
vt 0.759259 0.000000
vt 0.018519 0.000000
vt 0.777778 0.000000
vt 0.796296 0.000000
vt 0.870370 0.000000
vt 0.851852 0.000000
vt 0.833333 0.000000
vt 0.814815 0.000000
vt 0.888889 0.000000
vt 0.907407 0.000000
vt 0.925926 0.000000
vt 0.944444 0.000000
vt 0.855670 0.000000
vt 0.876289 0.000000
vt 0.865979 0.000000
vt 0.886598 0.000000
vt 0.896907 0.000000
vt 0.845361 0.000000
vt 0.907216 0.000000
vt 0.917526 0.000000
vt 0.927835 0.000000
vt 0.835052 0.000000
vt 0.938144 0.000000
vt 0.948454 0.000000
vt 0.958763 0.000000
vt 0.824742 0.000000
vt 0.969072 0.000000
vt 0.979381 0.000000
vt 0.989691 0.000000
vt 0.814433 0.000000
vt 0.092784 0.000000
vt 0.082474 0.000000
vt 0.072165 0.000000
vt 0.061856 0.000000
vt 0.051546 0.000000
vt 0.041237 0.000000
vt 0.030928 0.000000
vt 0.020619 0.000000
vt 0.010309 0.000000
vt 0.804124 0.000000
vt 0.113402 0.000000
vt 0.103093 0.000000
vt 0.123711 0.000000
vt 0.134021 0.000000
vt 0.144330 0.000000
vt 0.793814 0.000000
vt 0.154639 0.000000
vt 0.164948 0.000000
vt 0.783505 0.000000
vt 0.175258 0.000000
vt 0.185567 0.000000
vt 0.773196 0.000000
vt 0.195876 0.000000
vt 0.762887 0.000000
vt 0.206186 0.000000
vt 0.216495 0.000000
vt 0.752577 0.000000
vt 0.226804 0.000000
vt 0.742268 0.000000
vt 0.237113 0.000000
vt 0.247423 0.000000
vt 0.731959 0.000000
vt 0.257732 0.000000
vt 0.721649 0.000000
vt 0.268041 0.000000
vt 0.711340 0.000000
vt 0.278351 0.000000
vt 0.701031 0.000000
vt 0.288660 0.000000
vt 0.690722 0.000000
vt 0.298969 0.000000
vt 0.474227 0.000000
vt 0.494845 0.000000
vt 0.484536 0.000000
vt 0.309278 0.000000
vt 0.463918 0.000000
vt 0.680412 0.000000
vt 0.453608 0.000000
vt 0.319588 0.000000
vt 0.443299 0.000000
vt 0.432990 0.000000
vt 0.329897 0.000000
vt 0.422680 0.000000
vt 0.670103 0.000000
vt 0.412371 0.000000
vt 0.340206 0.000000
vt 0.402062 0.000000
vt 0.391753 0.000000
vt 0.350515 0.000000
vt 0.381443 0.000000
vt 0.371134 0.000000
vt 0.360825 0.000000
vt 0.659794 0.000000
vt 0.505155 0.000000
vt 0.649485 0.000000
vt 0.515464 0.000000
vt 0.525773 0.000000
vt 0.536082 0.000000
vt 0.639175 0.000000
vt 0.546392 0.000000
vt 0.556701 0.000000
vt 0.567010 0.000000
vt 0.628866 0.000000
vt 0.577320 0.000000
vt 0.587629 0.000000
vt 0.597938 0.000000
vt 0.618557 0.000000
vt 0.608247 0.000000
vt 0.000000 1.000000
vt 0.010204 1.000000
vt 0.020408 1.000000
vt 0.030612 1.000000
vt 0.040816 1.000000
vt 0.051020 1.000000
vt 0.061224 1.000000
vt 0.071429 1.000000
vt 0.081633 1.000000
vt 0.091837 1.000000
vt 0.102041 1.000000
vt 0.112245 1.000000
vt 0.122449 1.000000
vt 0.132653 1.000000
vt 0.142857 1.000000
vt 0.153061 1.000000
vt 0.163265 1.000000
vt 0.173469 1.000000
vt 0.183673 1.000000
vt 0.193878 1.000000
vt 0.204082 1.000000
vt 0.214286 1.000000
vt 0.224490 1.000000
vt 0.234694 1.000000
vt 0.244898 1.000000
vt 0.255102 1.000000
vt 0.265306 1.000000
vt 0.275510 1.000000
vt 0.285714 1.000000
vt 0.295918 1.000000
vt 0.306122 1.000000
vt 0.316327 1.000000
vt 0.326531 1.000000
vt 0.336735 1.000000
vt 0.346939 1.000000
vt 0.357143 1.000000
vt 0.367347 1.000000
vt 0.377551 1.000000
vt 0.387755 1.000000
vt 0.397959 1.000000
vt 0.408163 1.000000
vt 0.418367 1.000000
vt 0.428571 1.000000
vt 0.438776 1.000000
vt 0.448980 1.000000
vt 0.459184 1.000000
vt 0.469388 1.000000
vt 0.479592 1.000000
vt 0.489796 1.000000
vt 0.500000 1.000000
vt 0.510204 1.000000
vt 0.520408 1.000000
vt 0.530612 1.000000
vt 0.540816 1.000000
vt 0.551020 1.000000
vt 0.561224 1.000000
vt 0.571429 1.000000
vt 0.581633 1.000000
vt 0.591837 1.000000
vt 0.602041 1.000000
vt 0.612245 1.000000
vt 0.622449 1.000000
vt 0.632653 1.000000
vt 0.642857 1.000000
vt 0.653061 1.000000
vt 0.663265 1.000000
vt 0.673469 1.000000
vt 0.683673 1.000000
vt 0.693878 1.000000
vt 0.704082 1.000000
vt 0.714286 1.000000
vt 0.724490 1.000000
vt 0.734694 1.000000
vt 0.744898 1.000000
vt 0.755102 1.000000
vt 0.765306 1.000000
vt 0.775510 1.000000
vt 0.785714 1.000000
vt 0.795918 1.000000
vt 0.806122 1.000000
vt 0.816327 1.000000
vt 0.826531 1.000000
vt 0.836735 1.000000
vt 0.846939 1.000000
vt 0.857143 1.000000
vt 0.867347 1.000000
vt 0.877551 1.000000
vt 0.887755 1.000000
vt 0.897959 1.000000
vt 0.908163 1.000000
vt 0.918367 1.000000
vt 0.928571 1.000000
vt 0.938776 1.000000
vt 0.948980 1.000000
vt 0.959184 1.000000
vt 0.969388 1.000000
vt 0.979592 1.000000
vt 0.989796 1.000000
vt 1.000000 1.000000
vt 0.018182 1.000000
vt 0.018182 0.000000
vt 0.036364 1.000000
vt 0.036364 0.000000
vt 0.054545 1.000000
vt 0.054545 0.000000
vt 0.072727 1.000000
vt 0.072727 0.000000
vt 0.090909 1.000000
vt 0.109091 1.000000
vt 0.109091 0.000000
vt 0.127273 1.000000
vt 0.127273 0.000000
vt 0.145455 1.000000
vt 0.145455 0.000000
vt 0.163636 1.000000
vt 0.163636 0.000000
vt 0.181818 1.000000
vt 0.200000 1.000000
vt 0.200000 0.000000
vt 0.218182 1.000000
vt 0.218182 0.000000
vt 0.236364 1.000000
vt 0.236364 0.000000
vt 0.254545 1.000000
vt 0.254545 0.000000
vt 0.272727 1.000000
vt 0.290909 1.000000
vt 0.290909 0.000000
vt 0.309091 1.000000
vt 0.309091 0.000000
vt 0.327273 1.000000
vt 0.327273 0.000000
vt 0.345455 1.000000
vt 0.345455 0.000000
vt 0.363636 1.000000
vt 0.381818 1.000000
vt 0.381818 0.000000
vt 0.400000 1.000000
vt 0.400000 0.000000
vt 0.418182 1.000000
vt 0.418182 0.000000
vt 0.436364 1.000000
vt 0.436364 0.000000
vt 0.454545 1.000000
vt 0.472727 1.000000
vt 0.472727 0.000000
vt 0.490909 1.000000
vt 0.490909 0.000000
vt 0.509091 1.000000
vt 0.509091 0.000000
vt 0.527273 1.000000
vt 0.527273 0.000000
vt 0.545455 1.000000
vt 0.563636 1.000000
vt 0.563636 0.000000
vt 0.581818 1.000000
vt 0.581818 0.000000
vt 0.600000 1.000000
vt 0.600000 0.000000
vt 0.618182 1.000000
vt 0.618182 0.000000
vt 0.636364 1.000000
vt 0.654545 1.000000
vt 0.654545 0.000000
vt 0.672727 1.000000
vt 0.672727 0.000000
vt 0.690909 1.000000
vt 0.690909 0.000000
vt 0.709091 1.000000
vt 0.709091 0.000000
vt 0.727273 1.000000
vt 0.745455 1.000000
vt 0.745455 0.000000
vt 0.763636 1.000000
vt 0.763636 0.000000
vt 0.781818 1.000000
vt 0.781818 0.000000
vt 0.800000 1.000000
vt 0.800000 0.000000
vt 0.818182 1.000000
vt 0.836364 1.000000
vt 0.836364 0.000000
vt 0.854545 1.000000
vt 0.854545 0.000000
vt 0.872727 1.000000
vt 0.872727 0.000000
vt 0.890909 1.000000
vt 0.890909 0.000000
vt 0.909091 1.000000
vt 0.927273 1.000000
vt 0.927273 0.000000
vt 0.945455 1.000000
vt 0.945455 0.000000
vt 0.963636 1.000000
vt 0.963636 0.000000
vt 0.981818 1.000000
vt 0.981818 0.000000
vt 0.013514 1.000000
vt 0.013514 0.000000
vt 0.027027 1.000000
vt 0.027027 0.000000
vt 0.040541 1.000000
vt 0.040541 0.000000
vt 0.054054 1.000000
vt 0.054054 0.000000
vt 0.067568 1.000000
vt 0.067568 0.000000
vt 0.081081 1.000000
vt 0.081081 0.000000
vt 0.094595 1.000000
vt 0.094595 0.000000
vt 0.108108 1.000000
vt 0.108108 0.000000
vt 0.121622 1.000000
vt 0.121622 0.000000
vt 0.135135 1.000000
vt 0.135135 0.000000
vt 0.148649 1.000000
vt 0.148649 0.000000
vt 0.162162 1.000000
vt 0.162162 0.000000
vt 0.175676 1.000000
vt 0.175676 0.000000
vt 0.189189 1.000000
vt 0.189189 0.000000
vt 0.202703 1.000000
vt 0.202703 0.000000
vt 0.216216 1.000000
vt 0.216216 0.000000
vt 0.229730 1.000000
vt 0.229730 0.000000
vt 0.243243 1.000000
vt 0.243243 0.000000
vt 0.256757 1.000000
vt 0.256757 0.000000
vt 0.270270 1.000000
vt 0.270270 0.000000
vt 0.283784 1.000000
vt 0.283784 0.000000
vt 0.297297 1.000000
vt 0.297297 0.000000
vt 0.310811 1.000000
vt 0.310811 0.000000
vt 0.324324 1.000000
vt 0.324324 0.000000
vt 0.337838 1.000000
vt 0.337838 0.000000
vt 0.351351 1.000000
vt 0.351351 0.000000
vt 0.364865 1.000000
vt 0.364865 0.000000
vt 0.378378 1.000000
vt 0.378378 0.000000
vt 0.391892 1.000000
vt 0.391892 0.000000
vt 0.405405 1.000000
vt 0.405405 0.000000
vt 0.418919 1.000000
vt 0.418919 0.000000
vt 0.432432 1.000000
vt 0.432432 0.000000
vt 0.445946 1.000000
vt 0.445946 0.000000
vt 0.459459 1.000000
vt 0.459459 0.000000
vt 0.472973 1.000000
vt 0.472973 0.000000
vt 0.486486 1.000000
vt 0.486486 0.000000
vt 0.513514 1.000000
vt 0.513514 0.000000
vt 0.527027 1.000000
vt 0.527027 0.000000
vt 0.540541 1.000000
vt 0.540541 0.000000
vt 0.554054 1.000000
vt 0.554054 0.000000
vt 0.567568 1.000000
vt 0.567568 0.000000
vt 0.581081 1.000000
vt 0.581081 0.000000
vt 0.594595 1.000000
vt 0.594595 0.000000
vt 0.608108 1.000000
vt 0.608108 0.000000
vt 0.621622 1.000000
vt 0.621622 0.000000
vt 0.635135 1.000000
vt 0.635135 0.000000
vt 0.648649 1.000000
vt 0.648649 0.000000
vt 0.662162 1.000000
vt 0.662162 0.000000
vt 0.675676 1.000000
vt 0.675676 0.000000
vt 0.689189 1.000000
vt 0.689189 0.000000
vt 0.702703 1.000000
vt 0.702703 0.000000
vt 0.716216 1.000000
vt 0.716216 0.000000
vt 0.729730 1.000000
vt 0.729730 0.000000
vt 0.743243 1.000000
vt 0.743243 0.000000
vt 0.756757 1.000000
vt 0.756757 0.000000
vt 0.770270 1.000000
vt 0.770270 0.000000
vt 0.783784 1.000000
vt 0.783784 0.000000
vt 0.797297 1.000000
vt 0.797297 0.000000
vt 0.810811 1.000000
vt 0.810811 0.000000
vt 0.824324 1.000000
vt 0.824324 0.000000
vt 0.837838 1.000000
vt 0.837838 0.000000
vt 0.851351 1.000000
vt 0.851351 0.000000
vt 0.864865 1.000000
vt 0.864865 0.000000
vt 0.878378 1.000000
vt 0.878378 0.000000
vt 0.891892 1.000000
vt 0.891892 0.000000
vt 0.905405 1.000000
vt 0.905405 0.000000
vt 0.918919 1.000000
vt 0.918919 0.000000
vt 0.932432 1.000000
vt 0.932432 0.000000
vt 0.945946 1.000000
vt 0.945946 0.000000
vt 0.959459 1.000000
vt 0.959459 0.000000
vt 0.972973 1.000000
vt 0.972973 0.000000
vt 0.986486 1.000000
vt 0.986486 0.000000
vt 0.040000 1.000000
vt 0.040000 0.000000
vt 0.080000 1.000000
vt 0.080000 0.000000
vt 0.120000 1.000000
vt 0.120000 0.000000
vt 0.160000 1.000000
vt 0.160000 0.000000
vt 0.240000 1.000000
vt 0.240000 0.000000
vt 0.280000 1.000000
vt 0.280000 0.000000
vt 0.320000 1.000000
vt 0.320000 0.000000
vt 0.360000 1.000000
vt 0.360000 0.000000
vt 0.440000 1.000000
vt 0.440000 0.000000
vt 0.480000 1.000000
vt 0.480000 0.000000
vt 0.520000 1.000000
vt 0.520000 0.000000
vt 0.560000 1.000000
vt 0.560000 0.000000
vt 0.640000 1.000000
vt 0.640000 0.000000
vt 0.680000 1.000000
vt 0.680000 0.000000
vt 0.720000 1.000000
vt 0.720000 0.000000
vt 0.760000 1.000000
vt 0.760000 0.000000
vt 0.840000 1.000000
vt 0.840000 0.000000
vt 0.880000 1.000000
vt 0.880000 0.000000
vt 0.920000 1.000000
vt 0.920000 0.000000
vt 0.960000 1.000000
vt 0.960000 0.000000
vt 0.025000 1.000000
vt 0.025000 0.000000
vt 0.050000 1.000000
vt 0.050000 0.000000
vt 0.075000 1.000000
vt 0.075000 0.000000
vt 0.100000 1.000000
vt 0.100000 0.000000
vt 0.125000 1.000000
vt 0.125000 0.000000
vt 0.150000 1.000000
vt 0.150000 0.000000
vt 0.175000 1.000000
vt 0.175000 0.000000
vt 0.225000 1.000000
vt 0.225000 0.000000
vt 0.250000 1.000000
vt 0.250000 0.000000
vt 0.275000 1.000000
vt 0.275000 0.000000
vt 0.300000 1.000000
vt 0.300000 0.000000
vt 0.325000 1.000000
vt 0.325000 0.000000
vt 0.350000 1.000000
vt 0.350000 0.000000
vt 0.375000 1.000000
vt 0.375000 0.000000
vt 0.425000 1.000000
vt 0.425000 0.000000
vt 0.450000 1.000000
vt 0.450000 0.000000
vt 0.475000 1.000000
vt 0.475000 0.000000
vt 0.525000 1.000000
vt 0.525000 0.000000
vt 0.550000 1.000000
vt 0.550000 0.000000
vt 0.575000 1.000000
vt 0.575000 0.000000
vt 0.625000 1.000000
vt 0.625000 0.000000
vt 0.650000 1.000000
vt 0.650000 0.000000
vt 0.675000 1.000000
vt 0.675000 0.000000
vt 0.700000 1.000000
vt 0.700000 0.000000
vt 0.725000 1.000000
vt 0.725000 0.000000
vt 0.750000 1.000000
vt 0.750000 0.000000
vt 0.775000 1.000000
vt 0.775000 0.000000
vt 0.825000 1.000000
vt 0.825000 0.000000
vt 0.850000 1.000000
vt 0.850000 0.000000
vt 0.875000 1.000000
vt 0.875000 0.000000
vt 0.900000 1.000000
vt 0.900000 0.000000
vt 0.925000 1.000000
vt 0.925000 0.000000
vt 0.950000 1.000000
vt 0.950000 0.000000
vt 0.975000 1.000000
vt 0.975000 0.000000
vt 0.026316 1.000000
vt 0.026316 0.000000
vt 0.052632 1.000000
vt 0.078947 1.000000
vt 0.078947 0.000000
vt 0.105263 1.000000
vt 0.131579 1.000000
vt 0.131579 0.000000
vt 0.157895 1.000000
vt 0.184211 1.000000
vt 0.184211 0.000000
vt 0.210526 1.000000
vt 0.236842 1.000000
vt 0.236842 0.000000
vt 0.263158 1.000000
vt 0.289474 1.000000
vt 0.289474 0.000000
vt 0.315789 1.000000
vt 0.342105 1.000000
vt 0.342105 0.000000
vt 0.368421 1.000000
vt 0.394737 1.000000
vt 0.394737 0.000000
vt 0.421053 1.000000
vt 0.447368 1.000000
vt 0.447368 0.000000
vt 0.473684 1.000000
vt 0.526316 1.000000
vt 0.552632 1.000000
vt 0.552632 0.000000
vt 0.578947 1.000000
vt 0.605263 1.000000
vt 0.605263 0.000000
vt 0.631579 1.000000
vt 0.657895 1.000000
vt 0.657895 0.000000
vt 0.684211 1.000000
vt 0.710526 1.000000
vt 0.710526 0.000000
vt 0.736842 1.000000
vt 0.763158 1.000000
vt 0.763158 0.000000
vt 0.789474 1.000000
vt 0.815789 1.000000
vt 0.815789 0.000000
vt 0.842105 1.000000
vt 0.868421 1.000000
vt 0.868421 0.000000
vt 0.894737 1.000000
vt 0.921053 1.000000
vt 0.921053 0.000000
vt 0.947368 1.000000
vt 0.973684 1.000000
vt 0.973684 0.000000
vt 0.020833 1.000000
vt 0.020833 0.000000
vt 0.041667 1.000000
vt 0.041667 0.000000
vt 0.062500 1.000000
vt 0.062500 0.000000
vt 0.083333 1.000000
vt 0.083333 0.000000
vt 0.104167 1.000000
vt 0.104167 0.000000
vt 0.145833 1.000000
vt 0.145833 0.000000
vt 0.166667 1.000000
vt 0.187500 1.000000
vt 0.187500 0.000000
vt 0.208333 1.000000
vt 0.208333 0.000000
vt 0.229167 1.000000
vt 0.229167 0.000000
vt 0.270833 1.000000
vt 0.270833 0.000000
vt 0.291667 1.000000
vt 0.291667 0.000000
vt 0.312500 1.000000
vt 0.312500 0.000000
vt 0.333333 1.000000
vt 0.354167 1.000000
vt 0.354167 0.000000
vt 0.395833 1.000000
vt 0.395833 0.000000
vt 0.416667 1.000000
vt 0.416667 0.000000
vt 0.437500 1.000000
vt 0.437500 0.000000
vt 0.458333 1.000000
vt 0.458333 0.000000
vt 0.479167 1.000000
vt 0.479167 0.000000
vt 0.520833 1.000000
vt 0.520833 0.000000
vt 0.541667 1.000000
vt 0.541667 0.000000
vt 0.562500 1.000000
vt 0.562500 0.000000
vt 0.583333 1.000000
vt 0.583333 0.000000
vt 0.604167 1.000000
vt 0.604167 0.000000
vt 0.645833 1.000000
vt 0.645833 0.000000
vt 0.666667 1.000000
vt 0.687500 1.000000
vt 0.687500 0.000000
vt 0.708333 1.000000
vt 0.708333 0.000000
vt 0.729167 1.000000
vt 0.729167 0.000000
vt 0.770833 1.000000
vt 0.770833 0.000000
vt 0.791667 1.000000
vt 0.791667 0.000000
vt 0.812500 1.000000
vt 0.812500 0.000000
vt 0.833333 1.000000
vt 0.854167 1.000000
vt 0.854167 0.000000
vt 0.895833 1.000000
vt 0.895833 0.000000
vt 0.916667 1.000000
vt 0.916667 0.000000
vt 0.937500 1.000000
vt 0.937500 0.000000
vt 0.958333 1.000000
vt 0.958333 0.000000
vt 0.979167 1.000000
vt 0.979167 0.000000
vt 0.017241 1.000000
vt 0.017241 0.000000
vt 0.034483 1.000000
vt 0.034483 0.000000
vt 0.051724 1.000000
vt 0.051724 0.000000
vt 0.068966 1.000000
vt 0.068966 0.000000
vt 0.086207 1.000000
vt 0.086207 0.000000
vt 0.103448 1.000000
vt 0.103448 0.000000
vt 0.120690 1.000000
vt 0.120690 0.000000
vt 0.137931 1.000000
vt 0.137931 0.000000
vt 0.155172 1.000000
vt 0.155172 0.000000
vt 0.172414 1.000000
vt 0.172414 0.000000
vt 0.189655 1.000000
vt 0.189655 0.000000
vt 0.206897 1.000000
vt 0.206897 0.000000
vt 0.224138 1.000000
vt 0.224138 0.000000
vt 0.241379 1.000000
vt 0.241379 0.000000
vt 0.258621 1.000000
vt 0.258621 0.000000
vt 0.275862 1.000000
vt 0.275862 0.000000
vt 0.293103 1.000000
vt 0.293103 0.000000
vt 0.310345 1.000000
vt 0.310345 0.000000
vt 0.327586 1.000000
vt 0.327586 0.000000
vt 0.344828 1.000000
vt 0.344828 0.000000
vt 0.362069 1.000000
vt 0.362069 0.000000
vt 0.379310 1.000000
vt 0.379310 0.000000
vt 0.396552 1.000000
vt 0.396552 0.000000
vt 0.413793 1.000000
vt 0.413793 0.000000
vt 0.431034 1.000000
vt 0.431034 0.000000
vt 0.448276 1.000000
vt 0.448276 0.000000
vt 0.465517 1.000000
vt 0.465517 0.000000
vt 0.482759 1.000000
vt 0.482759 0.000000
vt 0.517241 1.000000
vt 0.517241 0.000000
vt 0.534483 1.000000
vt 0.534483 0.000000
vt 0.551724 1.000000
vt 0.551724 0.000000
vt 0.568965 1.000000
vt 0.568965 0.000000
vt 0.586207 1.000000
vt 0.586207 0.000000
vt 0.603448 1.000000
vt 0.603448 0.000000
vt 0.620690 1.000000
vt 0.620690 0.000000
vt 0.637931 1.000000
vt 0.637931 0.000000
vt 0.655172 1.000000
vt 0.655172 0.000000
vt 0.672414 1.000000
vt 0.672414 0.000000
vt 0.689655 1.000000
vt 0.689655 0.000000
vt 0.706897 1.000000
vt 0.706897 0.000000
vt 0.724138 1.000000
vt 0.724138 0.000000
vt 0.741379 1.000000
vt 0.741379 0.000000
vt 0.758621 1.000000
vt 0.758621 0.000000
vt 0.775862 1.000000
vt 0.775862 0.000000
vt 0.793103 1.000000
vt 0.793103 0.000000
vt 0.810345 1.000000
vt 0.810345 0.000000
vt 0.827586 1.000000
vt 0.827586 0.000000
vt 0.844828 1.000000
vt 0.844828 0.000000
vt 0.862069 1.000000
vt 0.862069 0.000000
vt 0.879310 1.000000
vt 0.879310 0.000000
vt 0.896552 1.000000
vt 0.896552 0.000000
vt 0.913793 1.000000
vt 0.913793 0.000000
vt 0.931035 1.000000
vt 0.931035 0.000000
vt 0.948276 1.000000
vt 0.948276 0.000000
vt 0.965517 1.000000
vt 0.965517 0.000000
vt 0.982759 1.000000
vt 0.982759 0.000000
s 0
usemtl Material.002
f 1608/1063/384 1610/1064/384 1609/1065/384
f 1608/1063/384 1553/1066/384 1610/1064/384
f 1608/1063/384 1554/1067/384 1553/1066/384
f 1607/1068/384 1554/1067/384 1608/1063/384
f 1606/1069/384 1554/1067/384 1607/1068/384
f 1605/1070/384 1555/1071/384 1606/1069/384
f 1555/1071/384 1554/1067/384 1606/1069/384
f 1605/1070/384 1556/1072/384 1555/1071/384
f 1605/1070/384 1557/1073/384 1556/1072/384
f 1604/1074/384 1557/1073/384 1605/1070/384
f 1604/1074/384 1558/1075/384 1557/1073/384
f 1604/1074/384 1559/1076/384 1558/1075/384
f 1603/1077/384 1559/1076/384 1604/1074/384
f 1603/1077/384 1560/1078/384 1559/1076/384
f 1579/1079/384 1581/1080/384 1580/1081/384
f 1578/1082/384 1581/1080/384 1579/1079/384
f 1603/1077/384 1561/1083/384 1560/1078/384
f 1577/1084/384 1581/1080/384 1578/1082/384
f 1602/1085/384 1561/1083/384 1603/1077/384
f 1602/1085/384 1562/1086/384 1561/1083/384
f 1576/1087/384 1581/1080/384 1577/1084/384
f 1575/1088/384 1581/1080/384 1576/1087/384
f 1602/1085/384 1563/1089/384 1562/1086/384
f 1574/1090/384 1581/1080/384 1575/1088/384
f 1602/1085/384 1564/1091/384 1563/1089/384
f 1573/1092/384 1581/1080/384 1574/1090/384
f 1602/1085/384 1565/1093/384 1564/1091/384
f 1572/1094/384 1581/1080/384 1573/1092/384
f 1601/1095/384 1565/1093/384 1602/1085/384
f 1571/1096/384 1581/1080/384 1572/1094/384
f 1601/1095/384 1566/1097/384 1565/1093/384
f 1570/1098/384 1581/1080/384 1571/1096/384
f 1601/1095/384 1567/1099/384 1566/1097/384
f 1569/1100/384 1581/1080/384 1570/1098/384
f 1601/1095/384 1568/1101/384 1567/1099/384
f 1568/1101/384 1581/1080/384 1569/1100/384
f 1601/1095/384 1581/1080/384 1568/1101/384
f 1600/1102/384 1581/1080/384 1601/1095/384
f 1599/1103/384 1581/1080/384 1600/1102/384
f 1598/1104/384 1581/1080/384 1599/1103/384
f 1598/1104/384 1582/1105/384 1581/1080/384
f 1597/1106/384 1582/1105/384 1598/1104/384
f 1597/1106/384 1583/1107/384 1582/1105/384
f 1597/1106/384 1584/1108/384 1583/1107/384
f 1596/1109/384 1584/1108/384 1597/1106/384
f 1596/1109/384 1585/1110/384 1584/1108/384
f 1596/1109/384 1586/1111/384 1585/1110/384
f 1596/1109/384 1587/1112/384 1586/1111/384
f 1595/1113/384 1587/1112/384 1596/1109/384
f 1595/1113/384 1588/1114/384 1587/1112/384
f 1595/1113/384 1589/1115/384 1588/1114/384
f 1594/1116/384 1589/1115/384 1595/1113/384
f 1594/1116/384 1590/1117/384 1589/1115/384
f 1594/1116/384 1591/1118/384 1590/1117/384
f 1593/1119/384 1591/1118/384 1594/1116/384
f 1593/1119/384 1592/1120/384 1591/1118/384
f 1659/1121/384 1661/1122/384 1660/1123/384
f 1659/1121/384 1662/1064/384 1661/1122/384
f 1633/1124/384 1635/1125/384 1634/1126/384
f 1633/1124/384 1636/1127/384 1635/1125/384
f 1632/1128/384 1636/1127/384 1633/1124/384
f 1632/1128/384 1637/1129/384 1636/1127/384
f 1631/1130/384 1637/1129/384 1632/1128/384
f 1631/1130/384 1638/1131/384 1637/1129/384
f 1630/1132/384 1638/1131/384 1631/1130/384
f 1630/1132/384 1639/1133/384 1638/1131/384
f 1629/1134/384 1639/1133/384 1630/1132/384
f 1629/1134/384 1640/1135/384 1639/1133/384
f 1628/1094/384 1640/1135/384 1629/1134/384
f 1628/1094/384 1641/1136/384 1640/1135/384
f 1627/1137/384 1641/1136/384 1628/1094/384
f 1627/1137/384 1642/1138/384 1641/1136/384
f 1626/1139/384 1642/1138/384 1627/1137/384
f 1626/1139/384 1643/1140/384 1642/1138/384
f 1625/1141/384 1643/1140/384 1626/1139/384
f 1625/1141/384 1644/1142/384 1643/1140/384
f 1624/1143/384 1644/1142/384 1625/1141/384
f 1624/1143/384 1645/1118/384 1644/1142/384
f 1623/1144/384 1645/1118/384 1624/1143/384
f 1623/1144/384 1646/1145/384 1645/1118/384
f 1622/1146/384 1646/1145/384 1623/1144/384
f 1621/1147/384 1646/1145/384 1622/1146/384
f 1621/1147/384 1647/1148/384 1646/1145/384
f 1621/1147/384 1648/1149/384 1647/1148/384
f 1620/1150/384 1648/1149/384 1621/1147/384
f 1620/1150/384 1649/1151/384 1648/1149/384
f 1619/1152/384 1649/1151/384 1620/1150/384
f 1619/1152/384 1650/1153/384 1649/1151/384
f 1618/1154/384 1650/1153/384 1619/1152/384
f 1618/1154/384 1651/1155/384 1650/1153/384
f 1617/1156/384 1651/1155/384 1618/1154/384
f 1617/1156/384 1652/1157/384 1651/1155/384
f 1616/1158/384 1652/1157/384 1617/1156/384
f 1616/1158/384 1653/1159/384 1652/1157/384
f 1615/1160/384 1653/1159/384 1616/1158/384
f 1615/1160/384 1654/1161/384 1653/1159/384
f 1614/1162/384 1654/1161/384 1615/1160/384
f 1614/1162/384 1655/1163/384 1654/1161/384
f 1613/1164/384 1655/1163/384 1614/1162/384
f 1613/1164/384 1656/1165/384 1655/1163/384
f 1612/1166/384 1656/1165/384 1613/1164/384
f 1612/1166/384 1657/1167/384 1656/1165/384
f 1611/1066/384 1657/1167/384 1612/1166/384
f 1611/1066/384 1658/1168/384 1657/1167/384
f 1699/1169/384 1701/1170/384 1700/1171/384
f 1699/1169/384 1702/1172/384 1701/1170/384
f 1686/1173/384 1688/1174/384 1687/1175/384
f 1686/1173/384 1689/1176/384 1688/1174/384
f 1686/1173/384 1690/1177/384 1689/1176/384
f 1686/1173/384 1691/1178/384 1690/1177/384
f 1686/1173/384 1692/1179/384 1691/1178/384
f 1685/1180/384 1692/1179/384 1686/1173/384
f 1685/1180/384 1693/1181/384 1692/1179/384
f 1685/1180/384 1694/1182/384 1693/1181/384
f 1685/1180/384 1695/1183/384 1694/1182/384
f 1684/1184/384 1695/1183/384 1685/1180/384
f 1684/1184/384 1696/1185/384 1695/1183/384
f 1684/1184/384 1697/1186/384 1696/1185/384
f 1684/1184/384 1698/1187/384 1697/1186/384
f 1684/1184/384 1699/1169/384 1698/1187/384
f 1683/1188/384 1699/1169/384 1684/1184/384
f 1683/1188/384 1705/1189/384 1699/1169/384
f 1705/1189/384 1704/1190/384 1699/1169/384
f 1704/1190/384 1703/1191/384 1699/1169/384
f 1703/1191/384 1740/1064/384 1699/1169/384
f 1740/1064/384 1702/1172/384 1699/1169/384
f 1682/1192/384 1708/1193/384 1683/1188/384
f 1708/1193/384 1707/1194/384 1683/1188/384
f 1707/1194/385 1706/1195/385 1683/1188/385
f 1706/1195/384 1705/1189/384 1683/1188/384
f 1681/1196/384 1711/1197/384 1682/1192/384
f 1711/1197/384 1710/1198/384 1682/1192/384
f 1710/1198/384 1709/1199/384 1682/1192/384
f 1709/1199/384 1708/1193/384 1682/1192/384
f 1680/1200/384 1714/1201/384 1681/1196/384
f 1714/1201/384 1713/1202/384 1681/1196/384
f 1713/1202/384 1712/1203/384 1681/1196/384
f 1712/1203/384 1711/1197/384 1681/1196/384
f 1680/1200/384 1715/1204/384 1714/1201/384
f 1680/1200/384 1716/1205/384 1715/1204/384
f 1679/1206/384 1716/1205/384 1680/1200/384
f 1679/1206/384 1717/1207/384 1716/1205/384
f 1679/1206/384 1718/1208/384 1717/1207/384
f 1739/1209/384 1702/1172/384 1740/1064/384
f 1679/1206/384 1719/1210/384 1718/1208/384
f 1678/1211/384 1719/1210/384 1679/1206/384
f 1678/1211/384 1720/1212/384 1719/1210/384
f 1678/1211/384 1721/1213/384 1720/1212/384
f 1677/1214/384 1721/1213/384 1678/1211/384
f 1677/1214/384 1722/1215/384 1721/1213/384
f 1677/1214/384 1723/1216/384 1722/1215/384
f 1676/1217/384 1723/1216/384 1677/1214/384
f 1676/1217/384 1724/1218/384 1723/1216/384
f 1675/1219/384 1724/1218/384 1676/1217/384
f 1675/1219/384 1725/1220/384 1724/1218/384
f 1675/1219/384 1726/1221/384 1725/1220/384
f 1674/1222/384 1726/1221/384 1675/1219/384
f 1674/1222/384 1727/1223/384 1726/1221/384
f 1674/1222/384 1728/1224/384 1727/1223/384
f 1673/1225/384 1728/1224/384 1674/1222/384
f 1673/1225/384 1729/1226/384 1728/1224/384
f 1672/1227/384 1729/1226/384 1673/1225/384
f 1672/1227/384 1730/1228/384 1729/1226/384
f 1672/1227/384 1731/1229/384 1730/1228/384
f 1671/1230/384 1731/1229/384 1672/1227/384
f 1671/1230/384 1732/1231/384 1731/1229/384
f 1671/1230/384 1733/1232/384 1732/1231/384
f 1670/1233/384 1733/1232/384 1671/1230/384
f 1670/1233/384 1734/1234/384 1733/1232/384
f 1670/1233/384 1735/1235/384 1734/1234/384
f 1670/1233/384 1736/1236/384 1735/1235/384
f 1669/1237/384 1736/1236/384 1670/1233/384
f 1669/1237/384 1737/1238/384 1736/1236/384
f 1669/1237/384 1738/1239/384 1737/1238/384
f 1669/1237/384 1739/1209/384 1738/1239/384
f 1669/1237/384 1702/1172/384 1739/1209/384
f 1668/1240/384 1702/1172/384 1669/1237/384
f 1667/1241/384 1702/1172/384 1668/1240/384
f 1666/1242/384 1702/1172/384 1667/1241/384
f 1665/1243/384 1702/1172/384 1666/1242/384
f 1664/1244/384 1702/1172/384 1665/1243/384
f 1663/1066/384 1702/1172/384 1664/1244/384
f 1775/1245/384 1777/1246/384 1776/1247/384
f 1775/1245/384 1778/1248/384 1777/1246/384
f 1774/1249/384 1778/1248/384 1775/1245/384
f 1774/1249/384 1779/1250/384 1778/1248/384
f 1773/1251/384 1779/1250/384 1774/1249/384
f 1773/1251/384 1780/1252/384 1779/1250/384
f 1772/1253/384 1780/1252/384 1773/1251/384
f 1772/1253/384 1781/1254/384 1780/1252/384
f 1771/1255/384 1781/1254/384 1772/1253/384
f 1771/1255/384 1782/1256/384 1781/1254/384
f 1770/1257/384 1782/1256/384 1771/1255/384
f 1770/1257/384 1783/1185/384 1782/1256/384
f 1769/1180/384 1826/1258/384 1770/1257/384
f 1826/1258/384 1783/1185/384 1770/1257/384
f 1769/1180/384 1827/1259/384 1826/1258/384
f 1825/1226/384 1783/1185/384 1826/1258/384
f 1769/1180/384 1828/1260/384 1827/1259/384
f 1824/1261/384 1783/1185/384 1825/1226/384
f 1769/1180/384 1829/1262/384 1828/1260/384
f 1823/1263/384 1783/1185/384 1824/1261/384
f 1823/1263/384 1784/1264/384 1783/1185/384
f 1769/1180/384 1830/1265/384 1829/1262/384
f 1768/1266/384 1830/1265/384 1769/1180/384
f 1822/1267/384 1784/1264/384 1823/1263/384
f 1768/1266/384 1831/1268/384 1830/1265/384
f 1821/1269/384 1784/1264/384 1822/1267/384
f 1768/1266/384 1832/1270/384 1831/1268/384
f 1820/1271/384 1784/1264/384 1821/1269/384
f 1768/1266/384 1833/1272/384 1832/1270/384
f 1819/1273/384 1784/1264/384 1820/1271/384
f 1767/1274/384 1833/1272/384 1768/1266/384
f 1819/1273/384 1785/1275/384 1784/1264/384
f 1767/1274/384 1834/1276/384 1833/1272/384
f 1818/1277/384 1785/1275/384 1819/1273/384
f 1767/1274/384 1835/1278/384 1834/1276/384
f 1817/1279/384 1785/1275/384 1818/1277/384
f 1766/1280/384 1835/1278/384 1767/1274/384
f 1817/1279/384 1786/1281/384 1785/1275/384
f 1766/1280/384 1836/1282/384 1835/1278/384
f 1816/1283/384 1786/1281/384 1817/1279/384
f 1766/1280/384 1837/1284/384 1836/1282/384
f 1815/1285/384 1786/1281/384 1816/1283/384
f 1765/1286/384 1837/1284/384 1766/1280/384
f 1765/1286/384 1838/1287/384 1837/1284/384
f 1815/1285/384 1787/1288/384 1786/1281/384
f 1839/1064/384 1787/1288/384 1815/1285/384
f 1765/1286/384 1839/1064/384 1838/1287/384
f 1765/1286/384 1787/1288/384 1839/1064/384
f 1764/1289/384 1787/1288/384 1765/1286/384
f 1764/1289/384 1788/1290/384 1787/1288/384
f 1763/1291/384 1789/1292/384 1764/1289/384
f 1789/1292/384 1788/1290/384 1764/1289/384
f 1763/1291/384 1790/1293/384 1789/1292/384
f 1762/1294/384 1790/1293/384 1763/1291/384
f 1762/1294/384 1791/1295/384 1790/1293/384
f 1762/1294/384 1792/1296/384 1791/1295/384
f 1761/1297/384 1792/1296/384 1762/1294/384
f 1761/1297/384 1793/1298/384 1792/1296/384
f 1760/1299/384 1793/1298/384 1761/1297/384
f 1760/1299/384 1794/1300/384 1793/1298/384
f 1812/1301/384 1814/1302/384 1813/1303/384
f 1760/1299/384 1795/1304/384 1794/1300/384
f 1811/1208/384 1814/1302/384 1812/1301/384
f 1810/1305/384 1814/1302/384 1811/1208/384
f 1759/1306/384 1795/1304/384 1760/1299/384
f 1759/1306/384 1796/1307/384 1795/1304/384
f 1809/1308/384 1814/1302/384 1810/1305/384
f 1808/1309/384 1814/1302/384 1809/1308/384
f 1759/1306/384 1797/1194/384 1796/1307/384
f 1807/1310/384 1814/1302/384 1808/1309/384
f 1759/1306/384 1798/1311/384 1797/1194/384
f 1806/1312/384 1814/1302/384 1807/1310/384
f 1758/1313/384 1798/1311/384 1759/1306/384
f 1805/1314/384 1814/1302/384 1806/1312/384
f 1758/1313/384 1799/1315/384 1798/1311/384
f 1804/1316/384 1814/1302/384 1805/1314/384
f 1758/1313/384 1800/1317/384 1799/1315/384
f 1803/1318/384 1814/1302/384 1804/1316/384
f 1802/1319/384 1814/1302/384 1803/1318/384
f 1758/1313/384 1801/1320/384 1800/1317/384
f 1801/1320/384 1814/1302/384 1802/1319/384
f 1758/1313/384 1814/1302/384 1801/1320/384
f 1757/1321/384 1814/1302/384 1758/1313/384
f 1757/1321/384 1741/1066/384 1814/1302/384
f 1756/1322/384 1741/1066/384 1757/1321/384
f 1756/1322/384 1742/1323/384 1741/1066/384
f 1756/1322/384 1743/1324/384 1742/1323/384
f 1755/1222/384 1743/1324/384 1756/1322/384
f 1755/1222/384 1744/1325/384 1743/1324/384
f 1755/1222/384 1745/1326/384 1744/1325/384
f 1754/1327/384 1745/1326/384 1755/1222/384
f 1754/1327/384 1746/1328/384 1745/1326/384
f 1754/1327/384 1747/1329/384 1746/1328/384
f 1753/1330/384 1747/1329/384 1754/1327/384
f 1753/1330/384 1748/1331/384 1747/1329/384
f 1753/1330/384 1749/1332/384 1748/1331/384
f 1753/1330/384 1750/1333/384 1749/1332/384
f 1752/1334/384 1750/1333/384 1753/1330/384
f 1752/1334/384 1751/1335/384 1750/1333/384
f 1852/1336/384 1854/1337/384 1853/1338/384
f 1852/1336/384 1855/1339/384 1854/1337/384
f 1851/1340/384 1855/1339/384 1852/1336/384
f 1851/1340/384 1856/1341/384 1855/1339/384
f 1850/1342/384 1856/1341/384 1851/1340/384
f 1850/1342/384 1857/1343/384 1856/1341/384
f 1850/1342/384 1858/1094/384 1857/1343/384
f 1849/1344/384 1858/1094/384 1850/1342/384
f 1849/1344/384 1859/1345/384 1858/1094/384
f 1892/1346/384 1894/1064/384 1893/1347/384
f 1892/1346/384 1840/1066/384 1894/1064/384
f 1848/1348/384 1859/1345/384 1849/1344/384
f 1848/1348/384 1860/1349/384 1859/1345/384
f 1848/1348/384 1861/1350/384 1860/1349/384
f 1847/1351/384 1861/1350/384 1848/1348/384
f 1847/1351/384 1862/1352/384 1861/1350/384
f 1846/1353/384 1862/1352/384 1847/1351/384
f 1846/1353/384 1863/1354/384 1862/1352/384
f 1846/1353/384 1864/1355/384 1863/1354/384
f 1845/1356/384 1864/1355/384 1846/1353/384
f 1845/1356/384 1865/1357/384 1864/1355/384
f 1844/1358/384 1865/1357/384 1845/1356/384
f 1844/1358/384 1875/1359/384 1865/1357/384
f 1875/1359/384 1874/1360/384 1865/1357/384
f 1874/1360/384 1873/1361/384 1865/1357/384
f 1873/1361/384 1872/1362/384 1865/1357/384
f 1872/1362/384 1871/1363/384 1865/1357/384
f 1871/1363/384 1870/1364/384 1865/1357/384
f 1870/1364/384 1869/1365/384 1865/1357/384
f 1869/1365/384 1868/1366/384 1865/1357/384
f 1868/1366/384 1867/1293/384 1865/1357/384
f 1867/1293/384 1866/1367/384 1865/1357/384
f 1843/1368/384 1877/1369/384 1844/1358/384
f 1877/1369/384 1876/1118/384 1844/1358/384
f 1876/1118/384 1875/1359/384 1844/1358/384
f 1842/1370/384 1879/1371/384 1843/1368/384
f 1879/1371/384 1878/1372/384 1843/1368/384
f 1878/1372/384 1877/1369/384 1843/1368/384
f 1842/1370/384 1880/1373/384 1879/1371/384
f 1842/1370/384 1881/1374/384 1880/1373/384
f 1841/1375/384 1881/1374/384 1842/1370/384
f 1841/1375/384 1882/1376/384 1881/1374/384
f 1841/1375/384 1883/1377/384 1882/1376/384
f 1892/1346/384 1841/1375/384 1840/1066/384
f 1892/1346/384 1887/1378/384 1841/1375/384
f 1887/1378/384 1886/1379/384 1841/1375/384
f 1886/1379/384 1885/1380/384 1841/1375/384
f 1885/1380/384 1884/1381/384 1841/1375/384
f 1884/1381/384 1883/1377/384 1841/1375/384
f 1892/1346/385 1888/1382/385 1887/1378/385
f 1892/1346/384 1889/1383/384 1888/1382/384
f 1892/1346/384 1890/1384/384 1889/1383/384
f 1892/1346/384 1891/1385/384 1890/1384/384
f 1978/1386/384 1980/1387/384 1979/1388/384
f 1978/1386/384 1981/1389/384 1980/1387/384
f 1978/1386/384 1982/1390/384 1981/1389/384
f 1977/1391/384 1982/1390/384 1978/1386/384
f 1977/1391/384 1983/1392/384 1982/1390/384
f 1977/1391/384 1984/1393/384 1983/1392/384
f 1977/1391/384 1985/1394/384 1984/1393/384
f 1976/1395/384 1985/1394/384 1977/1391/384
f 1976/1395/384 1986/1396/384 1985/1394/384
f 1976/1395/384 1987/1397/384 1986/1396/384
f 1976/1395/384 1988/1398/384 1987/1397/384
f 1975/1399/384 1988/1398/384 1976/1395/384
f 1975/1399/384 1989/1400/384 1988/1398/384
f 1975/1399/384 1990/1401/384 1989/1400/384
f 1975/1399/384 1991/1402/384 1990/1401/384
f 1974/1403/384 1991/1402/384 1975/1399/384
f 1974/1403/384 1904/1404/384 1991/1402/384
f 1904/1404/384 1903/1405/384 1991/1402/384
f 1903/1405/384 1902/1406/384 1991/1402/384
f 1902/1406/384 1901/1407/384 1991/1402/384
f 1901/1407/384 1900/1408/384 1991/1402/384
f 1900/1408/384 1899/1409/384 1991/1402/384
f 1899/1409/384 1898/1410/384 1991/1402/384
f 1898/1410/384 1897/1411/384 1991/1402/384
f 1897/1411/384 1896/1412/384 1991/1402/384
f 1896/1412/384 1895/1066/384 1991/1402/384
f 1895/1066/384 1992/1064/384 1991/1402/384
f 1973/1413/384 1906/1414/384 1974/1403/384
f 1906/1414/384 1905/1415/384 1974/1403/384
f 1905/1415/384 1904/1404/384 1974/1403/384
f 1973/1413/384 1907/1416/384 1906/1414/384
f 1973/1413/384 1908/1417/384 1907/1416/384
f 1973/1413/384 1909/1418/384 1908/1417/384
f 1972/1419/384 1909/1418/384 1973/1413/384
f 1972/1419/384 1910/1420/384 1909/1418/384
f 1972/1419/384 1911/1421/384 1910/1420/384
f 1971/1422/384 1911/1421/384 1972/1419/384
f 1971/1422/384 1912/1423/384 1911/1421/384
f 1971/1422/384 1913/1424/384 1912/1423/384
f 1970/1425/384 1913/1424/384 1971/1422/384
f 1970/1425/384 1914/1426/384 1913/1424/384
f 1969/1427/384 1914/1426/384 1970/1425/384
f 1969/1427/384 1915/1428/384 1914/1426/384
f 1969/1427/384 1916/1429/384 1915/1428/384
f 1968/1430/384 1916/1429/384 1969/1427/384
f 1968/1430/384 1917/1431/384 1916/1429/384
f 1967/1432/384 1917/1431/384 1968/1430/384
f 1967/1432/384 1918/1433/384 1917/1431/384
f 1967/1432/384 1919/1434/384 1918/1433/384
f 1966/1435/384 1919/1434/384 1967/1432/384
f 1966/1435/384 1920/1436/384 1919/1434/384
f 1965/1437/384 1920/1436/384 1966/1435/384
f 1965/1437/384 1921/1438/384 1920/1436/384
f 1964/1439/384 1921/1438/384 1965/1437/384
f 1964/1439/384 1922/1440/384 1921/1438/384
f 1963/1441/384 1922/1440/384 1964/1439/384
f 1963/1441/384 1923/1442/384 1922/1440/384
f 1962/1443/384 1923/1442/384 1963/1441/384
f 1962/1443/384 1924/1444/384 1923/1442/384
f 1941/1445/384 1943/1446/384 1942/1447/384
f 1962/1443/384 1925/1448/384 1924/1444/384
f 1940/1449/384 1943/1446/384 1941/1445/384
f 1961/1450/384 1925/1448/384 1962/1443/384
f 1939/1451/384 1943/1446/384 1940/1449/384
f 1961/1450/384 1926/1452/384 1925/1448/384
f 1938/1453/384 1943/1446/384 1939/1451/384
f 1937/1454/384 1943/1446/384 1938/1453/384
f 1961/1450/384 1927/1455/384 1926/1452/384
f 1936/1456/384 1943/1446/384 1937/1454/384
f 1960/1457/384 1927/1455/384 1961/1450/384
f 1935/1458/384 1943/1446/384 1936/1456/384
f 1960/1457/384 1928/1459/384 1927/1455/384
f 1934/1460/384 1943/1446/384 1935/1458/384
f 1933/1461/384 1943/1446/384 1934/1460/384
f 1960/1457/384 1929/1462/384 1928/1459/384
f 1932/1463/384 1943/1446/384 1933/1461/384
f 1931/1464/384 1943/1446/384 1932/1463/384
f 1960/1457/384 1930/1465/384 1929/1462/384
f 1930/1465/384 1943/1446/384 1931/1464/384
f 1960/1457/384 1943/1446/384 1930/1465/384
f 1959/1466/384 1943/1446/384 1960/1457/384
f 1959/1466/384 1944/1467/384 1943/1446/384
f 1958/1468/384 1944/1467/384 1959/1466/384
f 1958/1468/384 1945/1469/384 1944/1467/384
f 1958/1468/384 1946/1470/384 1945/1469/384
f 1958/1468/384 1947/1471/384 1946/1470/384
f 1957/1472/384 1947/1471/384 1958/1468/384
f 1957/1472/384 1948/1473/384 1947/1471/384
f 1957/1472/384 1949/1474/384 1948/1473/384
f 1957/1472/384 1950/1475/384 1949/1474/384
f 1956/1476/384 1950/1475/384 1957/1472/384
f 1956/1476/384 1951/1477/384 1950/1475/384
f 1956/1476/384 1952/1478/384 1951/1477/384
f 1956/1476/384 1953/1479/384 1952/1478/384
f 1955/1480/384 1953/1479/384 1956/1476/384
f 1955/1480/384 1954/1481/384 1953/1479/384
f 2048/1063/386 2049/1065/386 2050/1064/386
f 2048/1063/386 2050/1064/386 1993/1066/386
f 2048/1063/386 1993/1066/386 1994/1067/386
f 2047/1068/386 2048/1063/386 1994/1067/386
f 2046/1069/384 2047/1068/384 1994/1067/384
f 2045/1070/386 2046/1069/386 1995/1071/386
f 1995/1071/384 2046/1069/384 1994/1067/384
f 2045/1070/386 1995/1071/386 1996/1072/386
f 2045/1070/386 1996/1072/386 1997/1073/386
f 2044/1074/386 2045/1070/386 1997/1073/386
f 2044/1074/386 1997/1073/386 1998/1075/386
f 2044/1074/386 1998/1075/386 1999/1076/386
f 2043/1077/386 2044/1074/386 1999/1076/386
f 2043/1077/386 1999/1076/386 2000/1078/386
f 2019/1079/386 2020/1081/386 2021/1080/386
f 2018/1082/386 2019/1079/386 2021/1080/386
f 2043/1077/386 2000/1078/386 2001/1083/386
f 2017/1084/386 2018/1082/386 2021/1080/386
f 2042/1085/386 2043/1077/386 2001/1083/386
f 2042/1085/386 2001/1083/386 2002/1086/386
f 2016/1087/386 2017/1084/386 2021/1080/386
f 2015/1088/386 2016/1087/386 2021/1080/386
f 2042/1085/386 2002/1086/386 2003/1089/386
f 2014/1090/386 2015/1088/386 2021/1080/386
f 2042/1085/386 2003/1089/386 2004/1091/386
f 2013/1092/386 2014/1090/386 2021/1080/386
f 2042/1085/386 2004/1091/386 2005/1093/386
f 2012/1094/386 2013/1092/386 2021/1080/386
f 2041/1095/386 2042/1085/386 2005/1093/386
f 2011/1096/386 2012/1094/386 2021/1080/386
f 2041/1095/386 2005/1093/386 2006/1097/386
f 2010/1098/386 2011/1096/386 2021/1080/386
f 2041/1095/386 2006/1097/386 2007/1099/386
f 2009/1100/386 2010/1098/386 2021/1080/386
f 2041/1095/386 2007/1099/386 2008/1101/386
f 2008/1101/386 2009/1100/386 2021/1080/386
f 2041/1095/386 2008/1101/386 2021/1080/386
f 2040/1102/386 2041/1095/386 2021/1080/386
f 2039/1103/386 2040/1102/386 2021/1080/386
f 2038/1104/386 2039/1103/386 2021/1080/386
f 2038/1104/386 2021/1080/386 2022/1105/386
f 2037/1106/386 2038/1104/386 2022/1105/386
f 2037/1106/386 2022/1105/386 2023/1107/386
f 2037/1106/386 2023/1107/386 2024/1108/386
f 2036/1109/386 2037/1106/386 2024/1108/386
f 2036/1109/386 2024/1108/386 2025/1110/386
f 2036/1109/386 2025/1110/386 2026/1111/386
f 2036/1109/386 2026/1111/386 2027/1112/386
f 2035/1113/386 2036/1109/386 2027/1112/386
f 2035/1113/386 2027/1112/386 2028/1114/386
f 2035/1113/386 2028/1114/386 2029/1115/386
f 2034/1116/386 2035/1113/386 2029/1115/386
f 2034/1116/386 2029/1115/386 2030/1117/386
f 2034/1116/386 2030/1117/386 2031/1118/386
f 2033/1119/386 2034/1116/386 2031/1118/386
f 2033/1119/386 2031/1118/386 2032/1120/386
f 2099/1121/386 2100/1123/386 2101/1122/386
f 2099/1121/386 2101/1122/386 2102/1064/386
f 2073/1124/386 2074/1126/386 2075/1125/386
f 2073/1124/386 2075/1125/386 2076/1127/386
f 2072/1128/386 2073/1124/386 2076/1127/386
f 2072/1128/386 2076/1127/386 2077/1129/386
f 2071/1130/386 2072/1128/386 2077/1129/386
f 2071/1130/386 2077/1129/386 2078/1131/386
f 2070/1132/386 2071/1130/386 2078/1131/386
f 2070/1132/386 2078/1131/386 2079/1133/386
f 2069/1134/386 2070/1132/386 2079/1133/386
f 2069/1134/386 2079/1133/386 2080/1135/386
f 2068/1094/386 2069/1134/386 2080/1135/386
f 2068/1094/386 2080/1135/386 2081/1136/386
f 2067/1137/386 2068/1094/386 2081/1136/386
f 2067/1137/386 2081/1136/386 2082/1138/386
f 2066/1139/386 2067/1137/386 2082/1138/386
f 2066/1139/386 2082/1138/386 2083/1140/386
f 2065/1141/386 2066/1139/386 2083/1140/386
f 2065/1141/386 2083/1140/386 2084/1142/386
f 2064/1143/386 2065/1141/386 2084/1142/386
f 2064/1143/386 2084/1142/386 2085/1118/386
f 2063/1144/386 2064/1143/386 2085/1118/386
f 2063/1144/386 2085/1118/386 2086/1145/386
f 2062/1146/386 2063/1144/386 2086/1145/386
f 2061/1147/386 2062/1146/386 2086/1145/386
f 2061/1147/386 2086/1145/386 2087/1148/386
f 2061/1147/386 2087/1148/386 2088/1149/386
f 2060/1150/386 2061/1147/386 2088/1149/386
f 2060/1150/386 2088/1149/386 2089/1151/386
f 2059/1152/386 2060/1150/386 2089/1151/386
f 2059/1152/386 2089/1151/386 2090/1153/386
f 2058/1154/386 2059/1152/386 2090/1153/386
f 2058/1154/386 2090/1153/386 2091/1155/386
f 2057/1156/386 2058/1154/386 2091/1155/386
f 2057/1156/386 2091/1155/386 2092/1157/386
f 2056/1158/386 2057/1156/386 2092/1157/386
f 2056/1158/386 2092/1157/386 2093/1159/386
f 2055/1160/386 2056/1158/386 2093/1159/386
f 2055/1160/386 2093/1159/386 2094/1161/386
f 2054/1162/386 2055/1160/386 2094/1161/386
f 2054/1162/386 2094/1161/386 2095/1163/386
f 2053/1164/386 2054/1162/386 2095/1163/386
f 2053/1164/386 2095/1163/386 2096/1165/386
f 2052/1166/386 2053/1164/386 2096/1165/386
f 2052/1166/386 2096/1165/386 2097/1167/386
f 2051/1066/386 2052/1166/386 2097/1167/386
f 2051/1066/386 2097/1167/386 2098/1168/386
f 2139/1169/386 2140/1171/386 2141/1170/386
f 2139/1169/386 2141/1170/386 2142/1172/386
f 2126/1173/386 2127/1175/386 2128/1174/386
f 2126/1173/386 2128/1174/386 2129/1176/386
f 2126/1173/386 2129/1176/386 2130/1177/386
f 2126/1173/386 2130/1177/386 2131/1178/386
f 2126/1173/386 2131/1178/386 2132/1179/386
f 2125/1180/386 2126/1173/386 2132/1179/386
f 2125/1180/386 2132/1179/386 2133/1181/386
f 2125/1180/386 2133/1181/386 2134/1182/386
f 2125/1180/386 2134/1182/386 2135/1183/386
f 2124/1184/386 2125/1180/386 2135/1183/386
f 2124/1184/386 2135/1183/386 2136/1185/386
f 2124/1184/386 2136/1185/386 2137/1186/386
f 2124/1184/386 2137/1186/386 2138/1187/386
f 2124/1184/386 2138/1187/386 2139/1169/386
f 2123/1188/386 2124/1184/386 2139/1169/386
f 2123/1188/386 2139/1169/386 2145/1189/386
f 2145/1189/386 2139/1169/386 2144/1190/386
f 2144/1190/386 2139/1169/386 2143/1191/386
f 2143/1191/386 2139/1169/386 2180/1064/386
f 2180/1064/386 2139/1169/386 2142/1172/386
f 2122/1192/386 2123/1188/386 2148/1193/386
f 2148/1193/386 2123/1188/386 2147/1194/386
f 2147/1194/386 2123/1188/386 2146/1195/386
f 2146/1195/386 2123/1188/386 2145/1189/386
f 2121/1196/386 2122/1192/386 2151/1197/386
f 2151/1197/386 2122/1192/386 2150/1198/386
f 2150/1198/386 2122/1192/386 2149/1199/386
f 2149/1199/386 2122/1192/386 2148/1193/386
f 2120/1200/386 2121/1196/386 2154/1201/386
f 2154/1201/386 2121/1196/386 2153/1202/386
f 2153/1202/386 2121/1196/386 2152/1203/386
f 2152/1203/386 2121/1196/386 2151/1197/386
f 2120/1200/386 2154/1201/386 2155/1204/386
f 2120/1200/386 2155/1204/386 2156/1205/386
f 2119/1206/386 2120/1200/386 2156/1205/386
f 2119/1206/386 2156/1205/386 2157/1207/386
f 2119/1206/386 2157/1207/386 2158/1208/386
f 2179/1209/386 2180/1064/386 2142/1172/386
f 2119/1206/386 2158/1208/386 2159/1210/386
f 2118/1211/386 2119/1206/386 2159/1210/386
f 2118/1211/386 2159/1210/386 2160/1212/386
f 2118/1211/386 2160/1212/386 2161/1213/386
f 2117/1214/386 2118/1211/386 2161/1213/386
f 2117/1214/386 2161/1213/386 2162/1215/386
f 2117/1214/386 2162/1215/386 2163/1216/386
f 2116/1217/386 2117/1214/386 2163/1216/386
f 2116/1217/386 2163/1216/386 2164/1218/386
f 2115/1219/386 2116/1217/386 2164/1218/386
f 2115/1219/386 2164/1218/386 2165/1220/386
f 2115/1219/386 2165/1220/386 2166/1221/386
f 2114/1222/386 2115/1219/386 2166/1221/386
f 2114/1222/386 2166/1221/386 2167/1223/386
f 2114/1222/386 2167/1223/386 2168/1224/386
f 2113/1225/386 2114/1222/386 2168/1224/386
f 2113/1225/386 2168/1224/386 2169/1226/386
f 2112/1227/386 2113/1225/386 2169/1226/386
f 2112/1227/386 2169/1226/386 2170/1228/386
f 2112/1227/386 2170/1228/386 2171/1229/386
f 2111/1230/386 2112/1227/386 2171/1229/386
f 2111/1230/386 2171/1229/386 2172/1231/386
f 2111/1230/386 2172/1231/386 2173/1232/386
f 2110/1233/386 2111/1230/386 2173/1232/386
f 2110/1233/386 2173/1232/386 2174/1234/386
f 2110/1233/386 2174/1234/386 2175/1235/386
f 2110/1233/386 2175/1235/386 2176/1236/386
f 2109/1237/386 2110/1233/386 2176/1236/386
f 2109/1237/386 2176/1236/386 2177/1238/386
f 2109/1237/386 2177/1238/386 2178/1239/386
f 2109/1237/386 2178/1239/386 2179/1209/386
f 2109/1237/386 2179/1209/386 2142/1172/386
f 2108/1240/386 2109/1237/386 2142/1172/386
f 2107/1241/386 2108/1240/386 2142/1172/386
f 2106/1242/386 2107/1241/386 2142/1172/386
f 2105/1243/386 2106/1242/386 2142/1172/386
f 2104/1244/386 2105/1243/386 2142/1172/386
f 2103/1066/386 2104/1244/386 2142/1172/386
f 2215/1245/386 2216/1247/386 2217/1246/386
f 2215/1245/386 2217/1246/386 2218/1248/386
f 2214/1249/386 2215/1245/386 2218/1248/386
f 2214/1249/386 2218/1248/386 2219/1250/386
f 2213/1251/386 2214/1249/386 2219/1250/386
f 2213/1251/386 2219/1250/386 2220/1252/386
f 2212/1253/386 2213/1251/386 2220/1252/386
f 2212/1253/386 2220/1252/386 2221/1254/386
f 2211/1255/386 2212/1253/386 2221/1254/386
f 2211/1255/386 2221/1254/386 2222/1256/386
f 2210/1257/386 2211/1255/386 2222/1256/386
f 2210/1257/386 2222/1256/386 2223/1185/386
f 2209/1180/386 2210/1257/386 2266/1258/386
f 2266/1258/386 2210/1257/386 2223/1185/386
f 2209/1180/386 2266/1258/386 2267/1259/386
f 2265/1226/386 2266/1258/386 2223/1185/386
f 2209/1180/386 2267/1259/386 2268/1260/386
f 2264/1261/386 2265/1226/386 2223/1185/386
f 2209/1180/386 2268/1260/386 2269/1262/386
f 2263/1263/386 2264/1261/386 2223/1185/386
f 2263/1263/386 2223/1185/386 2224/1264/386
f 2209/1180/386 2269/1262/386 2270/1265/386
f 2208/1266/386 2209/1180/386 2270/1265/386
f 2262/1267/386 2263/1263/386 2224/1264/386
f 2208/1266/386 2270/1265/386 2271/1268/386
f 2261/1269/386 2262/1267/386 2224/1264/386
f 2208/1266/386 2271/1268/386 2272/1270/386
f 2260/1271/386 2261/1269/386 2224/1264/386
f 2208/1266/386 2272/1270/386 2273/1272/386
f 2259/1273/386 2260/1271/386 2224/1264/386
f 2207/1274/386 2208/1266/386 2273/1272/386
f 2259/1273/386 2224/1264/386 2225/1275/386
f 2207/1274/386 2273/1272/386 2274/1276/386
f 2258/1277/386 2259/1273/386 2225/1275/386
f 2207/1274/386 2274/1276/386 2275/1278/386
f 2257/1279/386 2258/1277/386 2225/1275/386
f 2206/1280/386 2207/1274/386 2275/1278/386
f 2257/1279/386 2225/1275/386 2226/1281/386
f 2206/1280/386 2275/1278/386 2276/1282/386
f 2256/1283/386 2257/1279/386 2226/1281/386
f 2206/1280/386 2276/1282/386 2277/1284/386
f 2255/1285/386 2256/1283/386 2226/1281/386
f 2205/1286/386 2206/1280/386 2277/1284/386
f 2205/1286/386 2277/1284/386 2278/1287/386
f 2255/1285/386 2226/1281/386 2227/1288/386
f 2279/1064/386 2255/1285/386 2227/1288/386
f 2205/1286/386 2278/1287/386 2279/1064/386
f 2205/1286/386 2279/1064/386 2227/1288/386
f 2204/1289/386 2205/1286/386 2227/1288/386
f 2204/1289/386 2227/1288/386 2228/1290/386
f 2203/1291/386 2204/1289/386 2229/1292/386
f 2229/1292/386 2204/1289/386 2228/1290/386
f 2203/1291/386 2229/1292/386 2230/1293/386
f 2202/1294/386 2203/1291/386 2230/1293/386
f 2202/1294/386 2230/1293/386 2231/1295/386
f 2202/1294/386 2231/1295/386 2232/1296/386
f 2201/1297/386 2202/1294/386 2232/1296/386
f 2201/1297/386 2232/1296/386 2233/1298/386
f 2200/1299/386 2201/1297/386 2233/1298/386
f 2200/1299/386 2233/1298/386 2234/1300/386
f 2252/1301/386 2253/1303/386 2254/1302/386
f 2200/1299/386 2234/1300/386 2235/1304/386
f 2251/1208/386 2252/1301/386 2254/1302/386
f 2250/1305/386 2251/1208/386 2254/1302/386
f 2199/1306/386 2200/1299/386 2235/1304/386
f 2199/1306/386 2235/1304/386 2236/1307/386
f 2249/1308/386 2250/1305/386 2254/1302/386
f 2248/1309/386 2249/1308/386 2254/1302/386
f 2199/1306/386 2236/1307/386 2237/1194/386
f 2247/1310/386 2248/1309/386 2254/1302/386
f 2199/1306/386 2237/1194/386 2238/1311/386
f 2246/1312/386 2247/1310/386 2254/1302/386
f 2198/1313/386 2199/1306/386 2238/1311/386
f 2245/1314/386 2246/1312/386 2254/1302/386
f 2198/1313/386 2238/1311/386 2239/1315/386
f 2244/1316/386 2245/1314/386 2254/1302/386
f 2198/1313/386 2239/1315/386 2240/1317/386
f 2243/1318/386 2244/1316/386 2254/1302/386
f 2242/1319/386 2243/1318/386 2254/1302/386
f 2198/1313/386 2240/1317/386 2241/1320/386
f 2241/1320/386 2242/1319/386 2254/1302/386
f 2198/1313/386 2241/1320/386 2254/1302/386
f 2197/1321/386 2198/1313/386 2254/1302/386
f 2197/1321/386 2254/1302/386 2181/1066/386
f 2196/1322/386 2197/1321/386 2181/1066/386
f 2196/1322/386 2181/1066/386 2182/1323/386
f 2196/1322/386 2182/1323/386 2183/1324/386
f 2195/1222/386 2196/1322/386 2183/1324/386
f 2195/1222/386 2183/1324/386 2184/1325/386
f 2195/1222/386 2184/1325/386 2185/1326/386
f 2194/1327/386 2195/1222/386 2185/1326/386
f 2194/1327/386 2185/1326/386 2186/1328/386
f 2194/1327/386 2186/1328/386 2187/1329/386
f 2193/1330/386 2194/1327/386 2187/1329/386
f 2193/1330/386 2187/1329/386 2188/1331/386
f 2193/1330/386 2188/1331/386 2189/1332/386
f 2193/1330/386 2189/1332/386 2190/1333/386
f 2192/1334/386 2193/1330/386 2190/1333/386
f 2192/1334/386 2190/1333/386 2191/1335/386
f 2292/1336/386 2293/1338/386 2294/1337/386
f 2292/1336/386 2294/1337/386 2295/1339/386
f 2291/1340/386 2292/1336/386 2295/1339/386
f 2291/1340/386 2295/1339/386 2296/1341/386
f 2290/1342/386 2291/1340/386 2296/1341/386
f 2290/1342/386 2296/1341/386 2297/1343/386
f 2290/1342/386 2297/1343/386 2298/1094/386
f 2289/1344/386 2290/1342/386 2298/1094/386
f 2289/1344/386 2298/1094/386 2299/1345/386
f 2332/1346/386 2333/1347/386 2334/1064/386
f 2332/1346/386 2334/1064/386 2280/1066/386
f 2288/1348/386 2289/1344/386 2299/1345/386
f 2288/1348/386 2299/1345/386 2300/1349/386
f 2288/1348/386 2300/1349/386 2301/1350/386
f 2287/1351/386 2288/1348/386 2301/1350/386
f 2287/1351/386 2301/1350/386 2302/1352/386
f 2286/1353/386 2287/1351/386 2302/1352/386
f 2286/1353/386 2302/1352/386 2303/1354/386
f 2286/1353/386 2303/1354/386 2304/1355/386
f 2285/1356/386 2286/1353/386 2304/1355/386
f 2285/1356/386 2304/1355/386 2305/1357/386
f 2284/1358/386 2285/1356/386 2305/1357/386
f 2284/1358/386 2305/1357/386 2315/1359/386
f 2315/1359/386 2305/1357/386 2314/1360/386
f 2314/1360/386 2305/1357/386 2313/1361/386
f 2313/1361/386 2305/1357/386 2312/1362/386
f 2312/1362/386 2305/1357/386 2311/1363/386
f 2311/1363/386 2305/1357/386 2310/1364/386
f 2310/1364/386 2305/1357/386 2309/1365/386
f 2309/1365/386 2305/1357/386 2308/1366/386
f 2308/1366/386 2305/1357/386 2307/1293/386
f 2307/1293/386 2305/1357/386 2306/1367/386
f 2283/1368/386 2284/1358/386 2317/1369/386
f 2317/1369/386 2284/1358/386 2316/1118/386
f 2316/1118/386 2284/1358/386 2315/1359/386
f 2282/1370/386 2283/1368/386 2319/1371/386
f 2319/1371/386 2283/1368/386 2318/1372/386
f 2318/1372/386 2283/1368/386 2317/1369/386
f 2282/1370/386 2319/1371/386 2320/1373/386
f 2282/1370/386 2320/1373/386 2321/1374/386
f 2281/1375/386 2282/1370/386 2321/1374/386
f 2281/1375/386 2321/1374/386 2322/1376/386
f 2281/1375/386 2322/1376/386 2323/1377/386
f 2332/1346/386 2280/1066/386 2281/1375/386
f 2332/1346/386 2281/1375/386 2327/1378/386
f 2327/1378/386 2281/1375/386 2326/1379/386
f 2326/1379/386 2281/1375/386 2325/1380/386
f 2325/1380/386 2281/1375/386 2324/1381/386
f 2324/1381/386 2281/1375/386 2323/1377/386
f 2332/1346/386 2327/1378/386 2328/1382/386
f 2332/1346/386 2328/1382/386 2329/1383/386
f 2332/1346/386 2329/1383/386 2330/1384/386
f 2332/1346/386 2330/1384/386 2331/1385/386
f 2418/1386/386 2419/1388/386 2420/1387/386
f 2418/1386/386 2420/1387/386 2421/1389/386
f 2418/1386/386 2421/1389/386 2422/1390/386
f 2417/1391/386 2418/1386/386 2422/1390/386
f 2417/1391/386 2422/1390/386 2423/1392/386
f 2417/1391/386 2423/1392/386 2424/1393/386
f 2417/1391/386 2424/1393/386 2425/1394/386
f 2416/1395/386 2417/1391/386 2425/1394/386
f 2416/1395/386 2425/1394/386 2426/1396/386
f 2416/1395/386 2426/1396/386 2427/1397/386
f 2416/1395/386 2427/1397/386 2428/1398/386
f 2415/1399/386 2416/1395/386 2428/1398/386
f 2415/1399/386 2428/1398/386 2429/1400/386
f 2415/1399/386 2429/1400/386 2430/1401/386
f 2415/1399/386 2430/1401/386 2431/1402/386
f 2414/1403/386 2415/1399/386 2431/1402/386
f 2414/1403/386 2431/1402/386 2344/1404/386
f 2344/1404/386 2431/1402/386 2343/1405/386
f 2343/1405/386 2431/1402/386 2342/1406/386
f 2342/1406/386 2431/1402/386 2341/1407/386
f 2341/1407/386 2431/1402/386 2340/1408/386
f 2340/1408/386 2431/1402/386 2339/1409/386
f 2339/1409/386 2431/1402/386 2338/1410/386
f 2338/1410/386 2431/1402/386 2337/1411/386
f 2337/1411/386 2431/1402/386 2336/1412/386
f 2336/1412/386 2431/1402/386 2335/1066/386
f 2335/1066/386 2431/1402/386 2432/1064/386
f 2413/1413/386 2414/1403/386 2346/1414/386
f 2346/1414/386 2414/1403/386 2345/1415/386
f 2345/1415/386 2414/1403/386 2344/1404/386
f 2413/1413/386 2346/1414/386 2347/1416/386
f 2413/1413/386 2347/1416/386 2348/1417/386
f 2413/1413/386 2348/1417/386 2349/1418/386
f 2412/1419/386 2413/1413/386 2349/1418/386
f 2412/1419/386 2349/1418/386 2350/1420/386
f 2412/1419/386 2350/1420/386 2351/1421/386
f 2411/1422/386 2412/1419/386 2351/1421/386
f 2411/1422/386 2351/1421/386 2352/1423/386
f 2411/1422/386 2352/1423/386 2353/1424/386
f 2410/1425/386 2411/1422/386 2353/1424/386
f 2410/1425/386 2353/1424/386 2354/1426/386
f 2409/1427/386 2410/1425/386 2354/1426/386
f 2409/1427/386 2354/1426/386 2355/1428/386
f 2409/1427/386 2355/1428/386 2356/1429/386
f 2408/1430/386 2409/1427/386 2356/1429/386
f 2408/1430/386 2356/1429/386 2357/1431/386
f 2407/1432/386 2408/1430/386 2357/1431/386
f 2407/1432/386 2357/1431/386 2358/1433/386
f 2407/1432/386 2358/1433/386 2359/1434/386
f 2406/1435/386 2407/1432/386 2359/1434/386
f 2406/1435/386 2359/1434/386 2360/1436/386
f 2405/1437/386 2406/1435/386 2360/1436/386
f 2405/1437/386 2360/1436/386 2361/1438/386
f 2404/1439/386 2405/1437/386 2361/1438/386
f 2404/1439/386 2361/1438/386 2362/1440/386
f 2403/1441/386 2404/1439/386 2362/1440/386
f 2403/1441/386 2362/1440/386 2363/1442/386
f 2402/1443/386 2403/1441/386 2363/1442/386
f 2402/1443/386 2363/1442/386 2364/1444/386
f 2381/1445/386 2382/1447/386 2383/1446/386
f 2402/1443/386 2364/1444/386 2365/1448/386
f 2380/1449/386 2381/1445/386 2383/1446/386
f 2401/1450/386 2402/1443/386 2365/1448/386
f 2379/1451/386 2380/1449/386 2383/1446/386
f 2401/1450/386 2365/1448/386 2366/1452/386
f 2378/1453/386 2379/1451/386 2383/1446/386
f 2377/1454/386 2378/1453/386 2383/1446/386
f 2401/1450/386 2366/1452/386 2367/1455/386
f 2376/1456/386 2377/1454/386 2383/1446/386
f 2400/1457/386 2401/1450/386 2367/1455/386
f 2375/1458/386 2376/1456/386 2383/1446/386
f 2400/1457/386 2367/1455/386 2368/1459/386
f 2374/1460/386 2375/1458/386 2383/1446/386
f 2373/1461/386 2374/1460/386 2383/1446/386
f 2400/1457/386 2368/1459/386 2369/1462/386
f 2372/1463/386 2373/1461/386 2383/1446/386
f 2371/1464/386 2372/1463/386 2383/1446/386
f 2400/1457/386 2369/1462/386 2370/1465/386
f 2370/1465/386 2371/1464/386 2383/1446/386
f 2400/1457/386 2370/1465/386 2383/1446/386
f 2399/1466/386 2400/1457/386 2383/1446/386
f 2399/1466/386 2383/1446/386 2384/1467/386
f 2398/1468/386 2399/1466/386 2384/1467/386
f 2398/1468/386 2384/1467/386 2385/1469/386
f 2398/1468/386 2385/1469/386 2386/1470/386
f 2398/1468/386 2386/1470/386 2387/1471/386
f 2397/1472/386 2398/1468/386 2387/1471/386
f 2397/1472/386 2387/1471/386 2388/1473/386
f 2397/1472/386 2388/1473/386 2389/1474/386
f 2397/1472/386 2389/1474/386 2390/1475/386
f 2396/1476/386 2397/1472/386 2390/1475/386
f 2396/1476/386 2390/1475/386 2391/1477/386
f 2396/1476/386 2391/1477/386 2392/1478/386
f 2396/1476/386 2392/1478/386 2393/1479/386
f 2395/1480/386 2396/1476/386 2393/1479/386
f 2395/1480/386 2393/1479/386 2394/1481/386
s 1
f 2434/1482/387 2436/1483/388 2435/1323/388 2433/1066/387
f 2436/1483/388 2438/1484/389 2437/1324/389 2435/1323/388
f 2438/1484/389 2440/1485/390 2439/1325/390 2437/1324/389
f 2440/1485/390 2442/1486/391 2441/1326/391 2439/1325/390
f 2442/1486/391 2444/1487/392 2443/1328/392 2441/1326/391
f 2444/1487/392 2446/1488/393 2445/1329/393 2443/1328/392
f 2446/1488/393 2448/1489/394 2447/1331/394 2445/1329/393
f 2448/1489/394 2450/1490/395 2449/1332/395 2447/1331/394
f 2450/1490/395 2452/1491/396 2451/1333/396 2449/1332/395
f 2452/1491/396 2454/1492/397 2453/1335/397 2451/1333/396
f 2454/1492/397 2456/1493/398 2455/1334/398 2453/1335/397
f 2456/1493/398 2458/1494/399 2457/1330/399 2455/1334/398
f 2458/1494/399 2460/1495/400 2459/1327/400 2457/1330/399
f 2460/1495/400 2462/1496/401 2461/1222/401 2459/1327/400
f 2462/1496/401 2464/1497/402 2463/1322/402 2461/1222/401
f 2464/1497/402 2466/1498/403 2465/1321/403 2463/1322/402
f 2466/1498/403 2468/1499/404 2467/1313/404 2465/1321/403
f 2468/1499/404 2470/1500/405 2469/1306/405 2467/1313/404
f 2470/1500/405 2472/1501/406 2471/1299/406 2469/1306/405
f 2472/1501/406 2474/1502/407 2473/1297/407 2471/1299/406
f 2474/1502/407 2476/1503/408 2475/1294/408 2473/1297/407
f 2476/1503/408 2478/1504/409 2477/1291/409 2475/1294/408
f 2478/1504/409 2480/1505/410 2479/1289/410 2477/1291/409
f 2480/1505/410 2482/1506/411 2481/1286/411 2479/1289/410
f 2482/1506/411 2484/1507/412 2483/1280/412 2481/1286/411
f 2484/1507/412 2486/1508/413 2485/1274/413 2483/1280/412
f 2486/1508/413 2488/1509/414 2487/1266/414 2485/1274/413
f 2488/1509/414 2490/1510/415 2489/1180/415 2487/1266/414
f 2490/1510/415 2492/1511/416 2491/1257/416 2489/1180/415
f 2492/1511/416 2494/1512/417 2493/1255/417 2491/1257/416
f 2494/1512/417 2496/1513/418 2495/1253/418 2493/1255/417
f 2496/1513/418 2498/1514/419 2497/1251/419 2495/1253/418
f 2498/1514/419 2500/1515/420 2499/1249/420 2497/1251/419
f 2500/1515/420 2502/1516/421 2501/1245/421 2499/1249/420
f 2502/1516/421 2504/1517/422 2503/1247/422 2501/1245/421
f 2504/1517/422 2506/1518/423 2505/1246/423 2503/1247/422
f 2506/1518/423 2508/1519/424 2507/1248/424 2505/1246/423
f 2508/1519/424 2510/1520/425 2509/1250/425 2507/1248/424
f 2510/1520/425 2512/1521/426 2511/1252/426 2509/1250/425
f 2512/1521/426 2514/1522/427 2513/1254/427 2511/1252/426
f 2514/1522/427 2516/1523/428 2515/1256/428 2513/1254/427
f 2516/1523/428 2518/1524/429 2517/1185/429 2515/1256/428
f 2518/1524/429 2520/1525/430 2519/1264/430 2517/1185/429
f 2520/1525/430 2522/1526/431 2521/1275/431 2519/1264/430
f 2522/1526/431 2524/1527/432 2523/1281/432 2521/1275/431
f 2524/1527/432 2526/1528/433 2525/1288/433 2523/1281/432
f 2526/1528/433 2528/1529/434 2527/1290/434 2525/1288/433
f 2528/1529/434 2530/1530/435 2529/1292/435 2527/1290/434
f 2530/1530/435 2532/1531/436 2531/1293/436 2529/1292/435
f 2532/1531/436 2534/1532/437 2533/1295/437 2531/1293/436
f 2534/1532/437 2536/1533/438 2535/1296/438 2533/1295/437
f 2536/1533/438 2538/1534/439 2537/1298/439 2535/1296/438
f 2538/1534/439 2540/1535/440 2539/1300/440 2537/1298/439
f 2540/1535/440 2542/1536/441 2541/1304/441 2539/1300/440
f 2542/1536/441 2544/1537/442 2543/1307/442 2541/1304/441
f 2544/1537/442 2546/1538/443 2545/1194/443 2543/1307/442
f 2546/1538/443 2548/1539/444 2547/1311/444 2545/1194/443
f 2548/1539/444 2550/1540/445 2549/1315/445 2547/1311/444
f 2550/1540/445 2552/1541/446 2551/1317/446 2549/1315/445
f 2552/1541/446 2554/1542/447 2553/1320/447 2551/1317/446
f 2554/1542/447 2556/1543/448 2555/1319/448 2553/1320/447
f 2556/1543/448 2558/1544/449 2557/1318/449 2555/1319/448
f 2558/1544/449 2560/1545/450 2559/1316/450 2557/1318/449
f 2560/1545/450 2562/1546/451 2561/1314/451 2559/1316/450
f 2562/1546/451 2564/1547/452 2563/1312/452 2561/1314/451
f 2564/1547/452 2566/1548/453 2565/1310/453 2563/1312/452
f 2566/1548/453 2568/1549/454 2567/1309/454 2565/1310/453
f 2568/1549/454 2570/1550/455 2569/1308/455 2567/1309/454
f 2570/1550/455 2572/1551/456 2571/1305/456 2569/1308/455
f 2572/1551/456 2574/1552/457 2573/1208/457 2571/1305/456
f 2574/1552/457 2576/1553/458 2575/1301/458 2573/1208/457
f 2576/1553/458 2578/1554/459 2577/1303/459 2575/1301/458
f 2578/1554/459 2580/1555/460 2579/1302/460 2577/1303/459
f 2580/1555/460 2582/1556/461 2581/1285/461 2579/1302/460
f 2582/1556/461 2584/1557/462 2583/1283/462 2581/1285/461
f 2584/1557/462 2586/1558/463 2585/1279/463 2583/1283/462
f 2586/1558/463 2588/1559/464 2587/1277/464 2585/1279/463
f 2588/1559/464 2590/1560/465 2589/1273/465 2587/1277/464
f 2590/1560/465 2592/1561/466 2591/1271/466 2589/1273/465
f 2592/1561/466 2594/1562/467 2593/1269/467 2591/1271/466
f 2594/1562/467 2596/1563/468 2595/1267/468 2593/1269/467
f 2596/1563/468 2598/1564/469 2597/1263/469 2595/1267/468
f 2598/1564/469 2600/1565/470 2599/1261/470 2597/1263/469
f 2600/1565/470 2602/1566/471 2601/1226/471 2599/1261/470
f 2602/1566/471 2604/1567/472 2603/1258/472 2601/1226/471
f 2604/1567/472 2606/1568/473 2605/1259/473 2603/1258/472
f 2606/1568/473 2608/1569/474 2607/1260/474 2605/1259/473
f 2608/1569/474 2610/1570/475 2609/1262/475 2607/1260/474
f 2610/1570/475 2612/1571/476 2611/1265/476 2609/1262/475
f 2612/1571/476 2614/1572/477 2613/1268/477 2611/1265/476
f 2614/1572/477 2616/1573/478 2615/1270/478 2613/1268/477
f 2616/1573/478 2618/1574/479 2617/1272/479 2615/1270/478
f 2618/1574/479 2620/1575/480 2619/1276/480 2617/1272/479
f 2620/1575/480 2622/1576/481 2621/1278/481 2619/1276/480
f 2622/1576/481 2624/1577/482 2623/1282/482 2621/1278/481
f 2624/1577/482 2626/1578/483 2625/1284/483 2623/1282/482
f 2626/1578/483 2628/1579/484 2627/1287/484 2625/1284/483
f 2628/1579/484 2434/1580/387 2433/1064/387 2627/1287/484
f 2630/1482/485 2632/1581/486 2631/1582/486 2629/1066/485
f 2632/1581/486 2634/1583/487 2633/1584/487 2631/1582/486
f 2634/1583/487 2636/1585/488 2635/1586/488 2633/1584/487
f 2636/1585/488 2638/1587/489 2637/1588/489 2635/1586/488
f 2638/1587/489 2640/1589/490 2639/1233/490 2637/1588/489
f 2640/1589/490 2642/1590/491 2641/1591/491 2639/1233/490
f 2642/1590/491 2644/1592/492 2643/1593/492 2641/1591/491
f 2644/1592/492 2646/1594/493 2645/1595/493 2643/1593/492
f 2646/1594/493 2648/1596/494 2647/1597/494 2645/1595/493
f 2648/1596/494 2650/1598/495 2649/1214/495 2647/1597/494
f 2650/1598/495 2652/1599/496 2651/1600/496 2649/1214/495
f 2652/1599/496 2654/1601/497 2653/1602/497 2651/1600/496
f 2654/1601/497 2656/1603/498 2655/1604/498 2653/1602/497
f 2656/1603/498 2658/1605/499 2657/1606/499 2655/1604/498
f 2658/1605/499 2660/1607/500 2659/1184/500 2657/1606/499
f 2660/1607/500 2662/1608/501 2661/1609/501 2659/1184/500
f 2662/1608/501 2664/1610/502 2663/1611/502 2661/1609/501
f 2664/1610/502 2666/1612/503 2665/1613/503 2663/1611/502
f 2666/1612/503 2668/1614/504 2667/1615/504 2665/1613/503
f 2668/1614/504 2670/1616/505 2669/1178/505 2667/1615/504
f 2670/1616/505 2672/1617/506 2671/1618/506 2669/1178/505
f 2672/1617/506 2674/1619/507 2673/1620/507 2671/1618/506
f 2674/1619/507 2676/1621/508 2675/1622/508 2673/1620/507
f 2676/1621/508 2678/1623/509 2677/1624/509 2675/1622/508
f 2678/1623/509 2680/1625/510 2679/1187/510 2677/1624/509
f 2680/1625/510 2682/1626/511 2681/1627/511 2679/1187/510
f 2682/1626/511 2684/1628/512 2683/1629/512 2681/1627/511
f 2684/1628/512 2686/1630/513 2685/1631/513 2683/1629/512
f 2686/1630/513 2688/1632/514 2687/1633/514 2685/1631/513
f 2688/1632/514 2690/1634/515 2689/1189/515 2687/1633/514
f 2690/1634/515 2692/1635/516 2691/1636/516 2689/1189/515
f 2692/1635/516 2694/1637/517 2693/1638/517 2691/1636/516
f 2694/1637/517 2696/1639/518 2695/1640/518 2693/1638/517
f 2696/1639/518 2698/1641/519 2697/1642/519 2695/1640/518
f 2698/1641/519 2700/1643/520 2699/1203/520 2697/1642/519
f 2700/1643/520 2702/1644/521 2701/1645/521 2699/1203/520
f 2702/1644/521 2704/1646/522 2703/1647/522 2701/1645/521
f 2704/1646/522 2706/1648/523 2705/1649/523 2703/1647/522
f 2706/1648/523 2708/1650/524 2707/1651/524 2705/1649/523
f 2708/1650/524 2710/1652/525 2709/1210/525 2707/1651/524
f 2710/1652/525 2712/1653/526 2711/1654/526 2709/1210/525
f 2712/1653/526 2714/1655/527 2713/1656/527 2711/1654/526
f 2714/1655/527 2716/1657/528 2715/1658/528 2713/1656/527
f 2716/1657/528 2718/1659/529 2717/1660/529 2715/1658/528
f 2718/1659/529 2720/1661/530 2719/1221/530 2717/1660/529
f 2720/1661/530 2722/1662/531 2721/1663/531 2719/1221/530
f 2722/1662/531 2724/1664/532 2723/1665/532 2721/1663/531
f 2724/1664/532 2726/1666/533 2725/1667/533 2723/1665/532
f 2726/1666/533 2728/1668/534 2727/1669/534 2725/1667/533
f 2728/1668/534 2730/1670/535 2729/1232/535 2727/1669/534
f 2730/1670/535 2732/1671/536 2731/1672/536 2729/1232/535
f 2732/1671/536 2734/1673/537 2733/1674/537 2731/1672/536
f 2734/1673/537 2736/1675/538 2735/1676/538 2733/1674/537
f 2736/1675/538 2738/1677/485 2737/1678/485 2735/1676/538
f 2738/1677/485 2630/1580/485 2629/1064/485 2737/1678/485
f 2740/1482/539 2742/1679/540 2741/1680/540 2739/1066/539
f 2742/1679/540 2744/1681/541 2743/1682/541 2741/1680/540
f 2744/1681/541 2746/1683/542 2745/1684/542 2743/1682/541
f 2746/1683/542 2748/1685/543 2747/1686/543 2745/1684/542
f 2748/1685/543 2750/1687/544 2749/1688/544 2747/1686/543
f 2750/1687/544 2752/1689/545 2751/1690/545 2749/1688/544
f 2752/1689/545 2754/1691/546 2753/1692/546 2751/1690/545
f 2754/1691/546 2756/1693/547 2755/1694/547 2753/1692/546
f 2756/1693/547 2758/1695/548 2757/1696/548 2755/1694/547
f 2758/1695/548 2760/1697/549 2759/1698/549 2757/1696/548
f 2760/1697/549 2762/1699/550 2761/1700/550 2759/1698/549
f 2762/1699/550 2764/1701/551 2763/1702/551 2761/1700/550
f 2764/1701/551 2766/1703/552 2765/1704/552 2763/1702/551
f 2766/1703/552 2768/1705/553 2767/1706/553 2765/1704/552
f 2768/1705/553 2770/1707/554 2769/1708/554 2767/1706/553
f 2770/1707/554 2772/1709/555 2771/1710/555 2769/1708/554
f 2772/1709/555 2774/1711/556 2773/1712/556 2771/1710/555
f 2774/1711/556 2776/1713/557 2775/1714/557 2773/1712/556
f 2776/1713/557 2778/1715/558 2777/1716/558 2775/1714/557
f 2778/1715/558 2780/1717/559 2779/1718/559 2777/1716/558
f 2780/1717/559 2782/1719/560 2781/1720/560 2779/1718/559
f 2782/1719/560 2784/1721/561 2783/1722/561 2781/1720/560
f 2784/1721/561 2786/1723/562 2785/1724/562 2783/1722/561
f 2786/1723/562 2788/1725/563 2787/1726/563 2785/1724/562
f 2788/1725/563 2790/1727/564 2789/1728/564 2787/1726/563
f 2790/1727/564 2792/1729/565 2791/1730/565 2789/1728/564
f 2792/1729/565 2794/1731/566 2793/1732/566 2791/1730/565
f 2794/1731/566 2796/1733/567 2795/1734/567 2793/1732/566
f 2796/1733/567 2798/1735/568 2797/1736/568 2795/1734/567
f 2798/1735/568 2800/1737/569 2799/1738/569 2797/1736/568
f 2800/1737/569 2802/1739/570 2801/1740/570 2799/1738/569
f 2802/1739/570 2804/1741/571 2803/1742/571 2801/1740/570
f 2804/1741/571 2806/1743/572 2805/1744/572 2803/1742/571
f 2806/1743/572 2808/1745/573 2807/1746/573 2805/1744/572
f 2808/1745/573 2810/1747/574 2809/1748/574 2807/1746/573
f 2810/1747/574 2812/1749/575 2811/1750/575 2809/1748/574
f 2812/1749/575 2814/1531/576 2813/1293/576 2811/1750/575
f 2814/1531/576 2816/1751/577 2815/1752/577 2813/1293/576
f 2816/1751/577 2818/1753/578 2817/1754/578 2815/1752/577
f 2818/1753/578 2820/1755/579 2819/1756/579 2817/1754/578
f 2820/1755/579 2822/1757/580 2821/1758/580 2819/1756/579
f 2822/1757/580 2824/1759/581 2823/1760/581 2821/1758/580
f 2824/1759/581 2826/1761/582 2825/1762/582 2823/1760/581
f 2826/1761/582 2828/1763/583 2827/1764/583 2825/1762/582
f 2828/1763/583 2830/1765/584 2829/1766/584 2827/1764/583
f 2830/1765/584 2832/1767/585 2831/1768/585 2829/1766/584
f 2832/1767/585 2834/1769/586 2833/1770/586 2831/1768/585
f 2834/1769/586 2836/1771/587 2835/1772/587 2833/1770/586
f 2836/1771/587 2838/1773/588 2837/1774/588 2835/1772/587
f 2838/1773/588 2840/1775/589 2839/1776/589 2837/1774/588
f 2840/1775/589 2842/1777/590 2841/1778/590 2839/1776/589
f 2842/1777/590 2844/1779/591 2843/1780/591 2841/1778/590
f 2844/1779/591 2846/1781/592 2845/1782/592 2843/1780/591
f 2846/1781/592 2848/1783/593 2847/1784/593 2845/1782/592
f 2848/1783/593 2850/1785/594 2849/1786/594 2847/1784/593
f 2850/1785/594 2852/1787/595 2851/1788/595 2849/1786/594
f 2852/1787/595 2854/1789/596 2853/1790/596 2851/1788/595
f 2854/1789/596 2856/1791/597 2855/1792/597 2853/1790/596
f 2856/1791/597 2858/1793/598 2857/1794/598 2855/1792/597
f 2858/1793/598 2860/1795/599 2859/1796/599 2857/1794/598
f 2860/1795/599 2862/1797/600 2861/1798/600 2859/1796/599
f 2862/1797/600 2864/1799/601 2863/1800/601 2861/1798/600
f 2864/1799/601 2866/1801/602 2865/1802/602 2863/1800/601
f 2866/1801/602 2868/1803/603 2867/1804/603 2865/1802/602
f 2868/1803/603 2870/1805/604 2869/1806/604 2867/1804/603
f 2870/1805/604 2872/1807/605 2871/1808/605 2869/1806/604
f 2872/1807/605 2874/1809/606 2873/1810/606 2871/1808/605
f 2874/1809/606 2876/1811/607 2875/1812/607 2873/1810/606
f 2876/1811/607 2878/1813/608 2877/1814/608 2875/1812/607
f 2878/1813/608 2880/1815/609 2879/1816/609 2877/1814/608
f 2880/1815/609 2882/1817/610 2881/1818/610 2879/1816/609
f 2882/1817/610 2884/1819/611 2883/1820/611 2881/1818/610
f 2884/1819/611 2886/1821/612 2885/1822/612 2883/1820/611
f 2886/1821/612 2740/1580/539 2739/1064/539 2885/1822/612
f 2888/1482/613 2890/1823/614 2889/1824/614 2887/1066/613
f 2890/1823/614 2892/1825/615 2891/1826/615 2889/1824/614
f 2892/1825/615 2894/1827/616 2893/1828/616 2891/1826/615
f 2894/1827/616 2896/1829/617 2895/1830/617 2893/1828/616
f 2896/1829/617 2898/1599/618 2897/1600/618 2895/1830/617
f 2898/1599/618 2900/1831/619 2899/1832/619 2897/1600/618
f 2900/1831/619 2902/1833/620 2901/1834/620 2899/1832/619
f 2902/1833/620 2904/1835/621 2903/1836/621 2901/1834/620
f 2904/1835/621 2906/1837/622 2905/1838/622 2903/1836/621
f 2906/1837/622 2908/1619/623 2907/1620/623 2905/1838/622
f 2908/1619/623 2910/1839/624 2909/1840/624 2907/1620/623
f 2910/1839/624 2912/1841/625 2911/1842/625 2909/1840/624
f 2912/1841/625 2914/1843/626 2913/1844/626 2911/1842/625
f 2914/1843/626 2916/1845/627 2915/1846/627 2913/1844/626
f 2916/1845/627 2918/1639/628 2917/1640/628 2915/1846/627
f 2918/1639/628 2920/1847/629 2919/1848/629 2917/1640/628
f 2920/1847/629 2922/1849/630 2921/1850/630 2919/1848/629
f 2922/1849/630 2924/1851/631 2923/1852/631 2921/1850/630
f 2924/1851/631 2926/1853/632 2925/1854/632 2923/1852/631
f 2926/1853/632 2928/1659/633 2927/1660/633 2925/1854/632
f 2928/1659/633 2930/1855/634 2929/1856/634 2927/1660/633
f 2930/1855/634 2932/1857/635 2931/1858/635 2929/1856/634
f 2932/1857/635 2934/1859/636 2933/1860/636 2931/1858/635
f 2934/1859/636 2936/1861/637 2935/1862/637 2933/1860/636
f 2936/1861/637 2888/1580/613 2887/1064/613 2935/1862/637
f 2938/1482/638 2940/1863/639 2939/1864/639 2937/1066/638
f 2940/1863/639 2942/1865/640 2941/1866/640 2939/1864/639
f 2942/1865/640 2944/1867/641 2943/1868/641 2941/1866/640
f 2944/1867/641 2946/1869/642 2945/1870/642 2943/1868/641
f 2946/1869/642 2948/1871/643 2947/1872/643 2945/1870/642
f 2948/1871/643 2950/1873/644 2949/1874/644 2947/1872/643
f 2950/1873/644 2952/1875/645 2951/1876/645 2949/1874/644
f 2952/1875/645 2954/1599/646 2953/1600/646 2951/1876/645
f 2954/1599/646 2956/1877/647 2955/1878/647 2953/1600/646
f 2956/1877/647 2958/1879/648 2957/1880/648 2955/1878/647
f 2958/1879/648 2960/1881/649 2959/1882/649 2957/1880/648
f 2960/1881/649 2962/1883/650 2961/1884/650 2959/1882/649
f 2962/1883/650 2964/1885/651 2963/1886/651 2961/1884/650
f 2964/1885/651 2966/1887/652 2965/1888/652 2963/1886/651
f 2966/1887/652 2968/1889/653 2967/1890/653 2965/1888/652
f 2968/1889/653 2970/1619/654 2969/1620/654 2967/1890/653
f 2970/1619/654 2972/1891/655 2971/1892/655 2969/1620/654
f 2972/1891/655 2974/1893/656 2973/1894/656 2971/1892/655
f 2974/1893/656 2976/1895/657 2975/1896/657 2973/1894/656
f 2976/1895/657 2978/1531/658 2977/1293/658 2975/1896/657
f 2978/1531/658 2980/1897/659 2979/1898/659 2977/1293/658
f 2980/1897/659 2982/1899/660 2981/1900/660 2979/1898/659
f 2982/1899/660 2984/1901/661 2983/1902/661 2981/1900/660
f 2984/1901/661 2986/1639/662 2985/1640/662 2983/1902/661
f 2986/1639/662 2988/1903/663 2987/1904/663 2985/1640/662
f 2988/1903/663 2990/1905/664 2989/1906/664 2987/1904/663
f 2990/1905/664 2992/1907/665 2991/1908/665 2989/1906/664
f 2992/1907/665 2994/1909/666 2993/1910/666 2991/1908/665
f 2994/1909/666 2996/1911/667 2995/1912/667 2993/1910/666
f 2996/1911/667 2998/1913/668 2997/1914/668 2995/1912/667
f 2998/1913/668 3000/1915/669 2999/1916/669 2997/1914/668
f 3000/1915/669 3002/1659/670 3001/1660/670 2999/1916/669
f 3002/1659/670 3004/1917/671 3003/1918/671 3001/1660/670
f 3004/1917/671 3006/1919/672 3005/1920/672 3003/1918/671
f 3006/1919/672 3008/1921/673 3007/1922/673 3005/1920/672
f 3008/1921/673 3010/1923/674 3009/1924/674 3007/1922/673
f 3010/1923/674 3012/1925/538 3011/1926/538 3009/1924/674
f 3012/1925/538 3014/1927/485 3013/1928/485 3011/1926/538
f 3014/1927/485 3016/1929/536 3015/1930/536 3013/1928/485
f 3016/1929/536 2938/1580/638 2937/1064/638 3015/1930/536
f 3018/1482/675 3020/1931/676 3019/1932/676 3017/1066/675
f 3020/1931/676 3022/1933/677 3021/1072/677 3019/1932/676
f 3022/1933/677 3024/1934/678 3023/1935/678 3021/1072/677
f 3024/1934/678 3026/1936/679 3025/1076/679 3023/1935/678
f 3026/1936/679 3028/1937/680 3027/1938/680 3025/1076/679
f 3028/1937/680 3030/1939/681 3029/1086/681 3027/1938/680
f 3030/1939/681 3032/1940/682 3031/1941/682 3029/1086/681
f 3032/1940/682 3034/1942/683 3033/1093/683 3031/1941/682
f 3034/1942/683 3036/1943/684 3035/1944/684 3033/1093/683
f 3036/1943/684 3038/1945/685 3037/1101/685 3035/1944/684
f 3038/1945/685 3040/1946/686 3039/1947/686 3037/1101/685
f 3040/1946/686 3042/1948/687 3041/1096/687 3039/1947/686
f 3042/1948/687 3044/1949/688 3043/1950/688 3041/1096/687
f 3044/1949/688 3046/1951/689 3045/1090/689 3043/1950/688
f 3046/1951/689 3048/1952/690 3047/1953/690 3045/1090/689
f 3048/1952/690 3050/1954/691 3049/1084/691 3047/1953/690
f 3050/1954/691 3052/1955/692 3051/1956/692 3049/1084/691
f 3052/1955/692 3054/1957/693 3053/1081/693 3051/1956/692
f 3054/1957/693 3056/1531/694 3055/1293/694 3053/1081/693
f 3056/1531/694 3058/1958/695 3057/1107/695 3055/1293/694
f 3058/1958/695 3060/1959/696 3059/1960/696 3057/1107/695
f 3060/1959/696 3062/1961/697 3061/1111/697 3059/1960/696
f 3062/1961/697 3064/1962/698 3063/1963/698 3061/1111/697
f 3064/1962/698 3066/1964/699 3065/1115/699 3063/1963/698
f 3066/1964/699 3068/1965/700 3067/1966/700 3065/1115/699
f 3068/1965/700 3070/1967/701 3069/1120/701 3067/1966/700
f 3070/1967/701 3072/1968/702 3071/1969/702 3069/1120/701
f 3072/1968/702 3074/1970/703 3073/1113/703 3071/1969/702
f 3074/1970/703 3076/1971/704 3075/1972/704 3073/1113/703
f 3076/1971/704 3078/1973/705 3077/1104/705 3075/1972/704
f 3078/1973/705 3080/1974/706 3079/1975/706 3077/1104/705
f 3080/1974/706 3082/1976/707 3081/1095/707 3079/1975/706
f 3082/1976/707 3084/1977/708 3083/1978/708 3081/1095/707
f 3084/1977/708 3086/1979/709 3085/1074/709 3083/1978/708
f 3086/1979/709 3088/1980/710 3087/1981/710 3085/1074/709
f 3088/1980/710 3090/1982/538 3089/1068/538 3087/1981/710
f 3090/1982/538 3092/1983/711 3091/1984/711 3089/1068/538
f 3092/1983/711 3018/1580/675 3017/1064/675 3091/1984/711
f 3094/1482/537 3096/1879/538 3095/1880/538 3093/1066/537
f 3096/1879/538 3098/1531/485 3097/1293/485 3095/1880/538
f 3098/1531/485 3100/1913/536 3099/1914/536 3097/1293/485
f 3100/1913/536 3094/1580/537 3093/1064/537 3099/1914/536
f 3102/1482/712 3104/1985/713 3103/1986/713 3101/1066/712
f 3104/1985/713 3106/1987/714 3105/1988/714 3103/1986/713
f 3106/1987/714 3108/1989/715 3107/1990/715 3105/1988/714
f 3108/1989/715 3110/1991/716 3109/1992/716 3107/1990/715
f 3110/1991/716 3112/1993/537 3111/1994/537 3109/1992/716
f 3112/1993/537 3114/1871/717 3113/1872/717 3111/1994/537
f 3114/1871/717 3116/1995/718 3115/1996/718 3113/1872/717
f 3116/1995/718 3118/1997/719 3117/1344/719 3115/1996/718
f 3118/1997/719 3120/1998/720 3119/1999/720 3117/1344/719
f 3120/1998/720 3122/2000/721 3121/2001/721 3119/1999/720
f 3122/2000/721 3124/2002/722 3123/2003/722 3121/2001/721
f 3124/2002/722 3126/1879/723 3125/1880/723 3123/2003/722
f 3126/1879/723 3128/2004/724 3127/2005/724 3125/1880/723
f 3128/2004/724 3130/2006/725 3129/2007/725 3127/2005/724
f 3130/2006/725 3132/2008/726 3131/2009/726 3129/2007/725
f 3132/2008/726 3134/2010/727 3133/1094/727 3131/2009/726
f 3134/2010/727 3136/2011/538 3135/2012/538 3133/1094/727
f 3136/2011/538 3138/1889/728 3137/1890/728 3135/2012/538
f 3138/1889/728 3140/2013/729 3139/2014/729 3137/1890/728
f 3140/2013/729 3142/2015/730 3141/2016/730 3139/2014/729
f 3142/2015/730 3144/2017/731 3143/2018/731 3141/2016/730
f 3144/2017/731 3146/2019/732 3145/2020/732 3143/2018/731
f 3146/2019/732 3148/2021/733 3147/2022/733 3145/2020/732
f 3148/2021/733 3150/1531/734 3149/1293/734 3147/2022/733
f 3150/1531/734 3152/2023/735 3151/2024/735 3149/1293/734
f 3152/2023/735 3154/2025/736 3153/2026/736 3151/2024/735
f 3154/2025/736 3156/2027/737 3155/2028/737 3153/2026/736
f 3156/2027/737 3158/2029/738 3157/2030/738 3155/2028/737
f 3158/2029/738 3160/2031/485 3159/2032/485 3157/2030/738
f 3160/2031/485 3162/1903/739 3161/1904/739 3159/2032/485
f 3162/1903/739 3164/2033/740 3163/2034/740 3161/1904/739
f 3164/2033/740 3166/2035/741 3165/1118/741 3163/2034/740
f 3166/2035/741 3168/2036/742 3167/2037/742 3165/1118/741
f 3168/2036/742 3170/2038/743 3169/2039/743 3167/2037/742
f 3170/2038/743 3172/2040/744 3171/2041/744 3169/2039/743
f 3172/2040/744 3174/1913/745 3173/1914/745 3171/2041/744
f 3174/1913/745 3176/2042/746 3175/2043/746 3173/1914/745
f 3176/2042/746 3178/2044/747 3177/2045/747 3175/2043/746
f 3178/2044/747 3180/2046/748 3179/2047/748 3177/2045/747
f 3180/2046/748 3182/2048/749 3181/1380/749 3179/2047/748
f 3182/2048/749 3184/2049/536 3183/2050/536 3181/1380/749
f 3184/2049/536 3186/1921/750 3185/1922/750 3183/2050/536
f 3186/1921/750 3188/2051/751 3187/2052/751 3185/1922/750
f 3188/2051/751 3190/2053/752 3189/2054/752 3187/2052/751
f 3190/2053/752 3192/2055/753 3191/2056/753 3189/2054/752
f 3192/2055/753 3194/2057/754 3193/2058/754 3191/2056/753
f 3194/2057/754 3196/2059/755 3195/2060/755 3193/2058/754
f 3196/2059/755 3102/1580/712 3101/1064/712 3195/2060/755
f 3198/1482/485 3200/2061/536 3199/2062/536 3197/1066/485
f 3200/2061/536 3202/2063/536 3201/2064/536 3199/2062/536
f 3202/2063/536 3204/2065/756 3203/2066/756 3201/2064/536
f 3204/2065/756 3206/2067/757 3205/2068/757 3203/2066/756
f 3206/2067/757 3208/2069/758 3207/2070/758 3205/2068/757
f 3208/2069/758 3210/2071/759 3209/2072/759 3207/2070/758
f 3210/2071/759 3212/2073/760 3211/2074/760 3209/2072/759
f 3212/2073/760 3214/2075/761 3213/2076/761 3211/2074/760
f 3214/2075/761 3216/2077/762 3215/2078/762 3213/2076/761
f 3216/2077/762 3218/2079/763 3217/2080/763 3215/2078/762
f 3218/2079/763 3220/2081/764 3219/2082/764 3217/2080/763
f 3220/2081/764 3222/2083/765 3221/2084/765 3219/2082/764
f 3222/2083/765 3224/2085/766 3223/2086/766 3221/2084/765
f 3224/2085/766 3226/2087/767 3225/2088/767 3223/2086/766
f 3226/2087/767 3228/2089/768 3227/2090/768 3225/2088/767
f 3228/2089/768 3230/2091/769 3229/2092/769 3227/2090/768
f 3230/2091/769 3232/2093/770 3231/2094/770 3229/2092/769
f 3232/2093/770 3234/2095/771 3233/2096/771 3231/2094/770
f 3234/2095/771 3236/2097/772 3235/2098/772 3233/2096/771
f 3236/2097/772 3238/2099/773 3237/2100/773 3235/2098/772
f 3238/2099/773 3240/2101/774 3239/2102/774 3237/2100/773
f 3240/2101/774 3242/2103/775 3241/2104/775 3239/2102/774
f 3242/2103/775 3244/2105/776 3243/2106/776 3241/2104/775
f 3244/2105/776 3246/2107/777 3245/2108/777 3243/2106/776
f 3246/2107/777 3248/2109/778 3247/2110/778 3245/2108/777
f 3248/2109/778 3250/2111/779 3249/2112/779 3247/2110/778
f 3250/2111/779 3252/2113/780 3251/2114/780 3249/2112/779
f 3252/2113/780 3254/2115/781 3253/2116/781 3251/2114/780
f 3254/2115/781 3256/1531/782 3255/1293/782 3253/2116/781
f 3256/1531/782 3258/2117/783 3257/2118/783 3255/1293/782
f 3258/2117/783 3260/2119/784 3259/2120/784 3257/2118/783
f 3260/2119/784 3262/2121/785 3261/2122/785 3259/2120/784
f 3262/2121/785 3264/2123/786 3263/2124/786 3261/2122/785
f 3264/2123/786 3266/2125/787 3265/2126/787 3263/2124/786
f 3266/2125/787 3268/2127/788 3267/2128/788 3265/2126/787
f 3268/2127/788 3270/2129/789 3269/2130/789 3267/2128/788
f 3270/2129/789 3272/2131/790 3271/2132/790 3269/2130/789
f 3272/2131/790 3274/2133/791 3273/2134/791 3271/2132/790
f 3274/2133/791 3276/2135/792 3275/2136/792 3273/2134/791
f 3276/2135/792 3278/2137/793 3277/2138/793 3275/2136/792
f 3278/2137/793 3280/2139/794 3279/2140/794 3277/2138/793
f 3280/2139/794 3282/2141/795 3281/2142/795 3279/2140/794
f 3282/2141/795 3284/2143/796 3283/2144/796 3281/2142/795
f 3284/2143/796 3286/2145/797 3285/2146/797 3283/2144/796
f 3286/2145/797 3288/2147/798 3287/2148/798 3285/2146/797
f 3288/2147/798 3290/2149/799 3289/2150/799 3287/2148/798
f 3290/2149/799 3292/2151/800 3291/2152/800 3289/2150/799
f 3292/2151/800 3294/2153/801 3293/2154/801 3291/2152/800
f 3294/2153/801 3296/2155/802 3295/2156/802 3293/2154/801
f 3296/2155/802 3298/2157/803 3297/2158/803 3295/2156/802
f 3298/2157/803 3300/2159/804 3299/2160/804 3297/2158/803
f 3300/2159/804 3302/2161/805 3301/2162/805 3299/2160/804
f 3302/2161/805 3304/2163/537 3303/2164/537 3301/2162/805
f 3304/2163/537 3306/2165/537 3305/2166/537 3303/2164/537
f 3306/2165/537 3308/2167/806 3307/2168/806 3305/2166/537
f 3308/2167/806 3310/2169/807 3309/2170/807 3307/2168/806
f 3310/2169/807 3312/2171/485 3311/2172/485 3309/2170/807
f 3312/2171/485 3198/1580/485 3197/1064/485 3311/2172/485
o Plane
v -1.000000 0.000000 1.000000
v 1.000000 0.000000 1.000000
v -1.000000 0.000000 -1.000000
v 1.000000 0.000000 -1.000000
vn -0.0000 1.0000 -0.0000
vt 0.000000 0.000000
vt 1.000000 0.000000
vt 1.000000 1.000000
vt 0.000000 1.000000
s 0
f 3313/2173/808 3314/2174/808 3316/2175/808 3315/2176/808
